IndexKey,IndexName,Group,Date,SourceDate,Close,PE
NIFTY100,NIFTY 100,Broad Market,2021-04-30,2021-04-30,14790.6,33.47
NIFTY100,NIFTY 100,Broad Market,2021-05-31,2021-05-31,15798.7,29.66
NIFTY100,NIFTY 100,Broad Market,2021-06-30,2021-06-30,15959.4,28.83
NIFTY100,NIFTY 100,Broad Market,2021-07-31,2021-07-30,16040.15,27.5
NIFTY100,NIFTY 100,Broad Market,2021-08-31,2021-08-31,17373.1,26.74
NIFTY100,NIFTY 100,Broad Market,2021-09-30,2021-09-30,17845.1,27.04
NIFTY100,NIFTY 100,Broad Market,2021-10-31,2021-10-29,17880.8,25.89
NIFTY100,NIFTY 100,Broad Market,2021-11-30,2021-11-30,17270.25,23.46
NIFTY100,NIFTY 100,Broad Market,2021-12-31,2021-12-31,17618.8,24.08
NIFTY100,NIFTY 100,Broad Market,2022-01-31,2022-01-31,17547.4,23.38
NIFTY100,NIFTY 100,Broad Market,2022-02-28,2022-02-28,17016.55,21.62
NIFTY100,NIFTY 100,Broad Market,2022-03-31,2022-03-31,17660.35,22.86
NIFTY100,NIFTY 100,Broad Market,2022-04-30,2022-04-29,17457.2,22.22
NIFTY100,NIFTY 100,Broad Market,2022-05-31,2022-05-31,16767.5,20.53
NIFTY100,NIFTY 100,Broad Market,2022-06-30,2022-06-30,15929.4,19.54
NIFTY100,NIFTY 100,Broad Market,2022-07-31,2022-07-29,17400.75,20.9
NIFTY100,NIFTY 100,Broad Market,2022-08-31,2022-08-30,18112.4,21.8
NIFTY100,NIFTY 100,Broad Market,2022-09-30,2022-09-30,17438.6,21.34
NIFTY100,NIFTY 100,Broad Market,2022-10-31,2022-10-31,18243.4,22.07
NIFTY100,NIFTY 100,Broad Market,2022-11-30,2022-11-30,18919.55,23.36
NIFTY100,NIFTY 100,Broad Market,2022-12-31,2022-12-30,18258.75,22.66
NIFTY100,NIFTY 100,Broad Market,2023-01-31,2023-01-31,17601,21.51
NIFTY100,NIFTY 100,Broad Market,2023-02-28,2023-02-28,17083.8,21.08
NIFTY100,NIFTY 100,Broad Market,2023-03-31,2023-03-31,17186.15,21.2
NIFTY100,NIFTY 100,Broad Market,2023-04-30,2023-04-28,17903.95,21.7
NIFTY100,NIFTY 100,Broad Market,2023-05-31,2023-05-31,18438.3,22.47
NIFTY100,NIFTY 100,Broad Market,2023-06-30,2023-06-30,19099.55,23.27
NIFTY100,NIFTY 100,Broad Market,2023-07-31,2023-07-31,19679.35,23.87
NIFTY100,NIFTY 100,Broad Market,2023-08-31,2023-08-31,19204.8,22.55
NIFTY100,NIFTY 100,Broad Market,2023-09-30,2023-09-29,19577.05,22.7
NIFTY100,NIFTY 100,Broad Market,2023-10-31,2023-10-31,19035.35,20.99
NIFTY100,NIFTY 100,Broad Market,2023-11-30,2023-11-30,20201,21.92
NIFTY100,NIFTY 100,Broad Market,2023-12-31,2023-12-29,21918.8,23.75
NIFTY100,NIFTY 100,Broad Market,2024-01-31,2024-01-31,22051.55,23.06
NIFTY100,NIFTY 100,Broad Market,2024-02-29,2024-02-29,22526.3,23.37
NIFTY100,NIFTY 100,Broad Market,2024-03-31,2024-03-28,22920.7,23.18
NIFTY100,NIFTY 100,Broad Market,2024-04-30,2024-04-30,23436.5,22.7
NIFTY100,NIFTY 100,Broad Market,2024-05-31,2024-05-31,23518.05,22.15
NIFTY100,NIFTY 100,Broad Market,2024-06-30,2024-06-28,25007.25,23.6
NIFTY100,NIFTY 100,Broad Market,2024-07-31,2024-07-31,26025.6,24.22
NIFTY100,NIFTY 100,Broad Market,2024-08-31,2024-08-30,26274.35,24.44
NIFTY100,NIFTY 100,Broad Market,2024-09-30,2024-09-30,26890.15,24.88
NIFTY100,NIFTY 100,Broad Market,2024-10-31,2024-10-31,25059.5,23.14
NIFTY100,NIFTY 100,Broad Market,2024-11-30,2024-11-29,25053.95,22.76
NIFTY100,NIFTY 100,Broad Market,2024-12-31,2024-12-31,24495.55,22.31
NIFTY100,NIFTY 100,Broad Market,2025-01-31,2025-01-31,24053.45,21.66
NIFTY100,NIFTY 100,Broad Market,2025-02-28,2025-02-28,22479.45,19.78
NIFTY100,NIFTY 100,Broad Market,2025-03-31,2025-03-28,24057.35,21.39
NIFTY100,NIFTY 100,Broad Market,2025-04-30,2025-04-30,24843.8,21.93
NIFTY100,NIFTY 100,Broad Market,2025-05-31,2025-05-30,25344.25,22.24
NIFTY100,NIFTY 100,Broad Market,2025-06-30,2025-06-30,26139.5,22.82
NIFTY100,NIFTY 100,Broad Market,2025-07-31,2025-07-31,25380.5,21.85
NIFTY100,NIFTY 100,Broad Market,2025-08-31,2025-08-29,25003.05,21.26
NIFTY100,NIFTY 100,Broad Market,2025-09-30,2025-09-30,25295.15,21.57
NIFTY100,NIFTY 100,Broad Market,2025-10-31,2025-10-31,26369.5,22.29
NIFTY100,NIFTY 100,Broad Market,2025-11-30,2025-11-28,26737.8,22.33
NIFTY100,NIFTY 100,Broad Market,2025-12-31,2025-12-31,26689.3,22.29
NIFTY100,NIFTY 100,Broad Market,2026-01-31,2026-01-30,25902,21.56
NIFTY100,NIFTY 100,Broad Market,2026-02-28,2026-02-27,25897.55,21.56
NIFTY100,NIFTY 100,Broad Market,2026-03-31,2026-03-30,22875.5,19.13
NIFTY100,NIFTY 100,Broad Market,2026-04-30,2026-04-30,24896,20.7
NIFTY100,NIFTY 100,Broad Market,2026-05-31,2026-05-29,24608.45,20.07
NIFTY100,NIFTY 100,Broad Market,2026-06-30,2026-06-30,24915.6,20.2
NIFTY100,NIFTY 100,Broad Market,2026-07-31,2026-07-31,25486.35,20.53
NIFTY100,NIFTY 100,Broad Market,2026-08-31,2026-08-31,25235.05,20.19
NIFTY100ALPHA30,Nifty100 Alpha 30,Strategy / Thematic / Other,2021-04-30,2021-04-30,9978.7,73.43
NIFTY100ALPHA30,Nifty100 Alpha 30,Strategy / Thematic / Other,2021-05-31,2021-05-31,10836.38,43.73
NIFTY100ALPHA30,Nifty100 Alpha 30,Strategy / Thematic / Other,2021-06-30,2021-06-30,10854.23,38.31
NIFTY100ALPHA30,Nifty100 Alpha 30,Strategy / Thematic / Other,2021-07-31,2021-07-30,11022.45,32.88
NIFTY100ALPHA30,Nifty100 Alpha 30,Strategy / Thematic / Other,2021-08-31,2021-08-31,12354.79,28.36
NIFTY100ALPHA30,Nifty100 Alpha 30,Strategy / Thematic / Other,2021-09-30,2021-09-30,12303,23.36
NIFTY100ALPHA30,Nifty100 Alpha 30,Strategy / Thematic / Other,2021-10-31,2021-10-29,12303.33,22.61
NIFTY100ALPHA30,Nifty100 Alpha 30,Strategy / Thematic / Other,2021-11-30,2021-11-30,12474.33,18.41
NIFTY100ALPHA30,Nifty100 Alpha 30,Strategy / Thematic / Other,2021-12-31,2021-12-31,12810.02,22
NIFTY100ALPHA30,Nifty100 Alpha 30,Strategy / Thematic / Other,2022-01-31,2022-01-31,12283.24,20.92
NIFTY100ALPHA30,Nifty100 Alpha 30,Strategy / Thematic / Other,2022-02-28,2022-02-28,12399.49,20.28
NIFTY100ALPHA30,Nifty100 Alpha 30,Strategy / Thematic / Other,2022-03-31,2022-03-31,12979.75,22.1
NIFTY100ALPHA30,Nifty100 Alpha 30,Strategy / Thematic / Other,2022-04-30,2022-04-29,12813.9,21.72
NIFTY100ALPHA30,Nifty100 Alpha 30,Strategy / Thematic / Other,2022-05-31,2022-05-31,11239.26,18
NIFTY100ALPHA30,Nifty100 Alpha 30,Strategy / Thematic / Other,2022-06-30,2022-06-30,10547.94,20.83
NIFTY100ALPHA30,Nifty100 Alpha 30,Strategy / Thematic / Other,2022-07-31,2022-07-29,11710.1,22.98
NIFTY100ALPHA30,Nifty100 Alpha 30,Strategy / Thematic / Other,2022-08-31,2022-08-30,12741.13,23.4
NIFTY100ALPHA30,Nifty100 Alpha 30,Strategy / Thematic / Other,2022-09-30,2022-09-30,12517.1,28.63
NIFTY100ALPHA30,Nifty100 Alpha 30,Strategy / Thematic / Other,2022-10-31,2022-10-31,13003.32,29.53
NIFTY100ALPHA30,Nifty100 Alpha 30,Strategy / Thematic / Other,2022-11-30,2022-11-30,13048.48,27.51
NIFTY100ALPHA30,Nifty100 Alpha 30,Strategy / Thematic / Other,2022-12-31,2022-12-30,12505.71,23.48
NIFTY100ALPHA30,Nifty100 Alpha 30,Strategy / Thematic / Other,2023-01-31,2023-01-31,11160.79,20.49
NIFTY100ALPHA30,Nifty100 Alpha 30,Strategy / Thematic / Other,2023-02-28,2023-02-28,9716.81,16.67
NIFTY100ALPHA30,Nifty100 Alpha 30,Strategy / Thematic / Other,2023-03-31,2023-03-31,10192.33,16.95
NIFTY100ALPHA30,Nifty100 Alpha 30,Strategy / Thematic / Other,2023-04-30,2023-04-28,10787.16,17.8
NIFTY100ALPHA30,Nifty100 Alpha 30,Strategy / Thematic / Other,2023-05-31,2023-05-31,11314.95,17.98
NIFTY100ALPHA30,Nifty100 Alpha 30,Strategy / Thematic / Other,2023-06-30,2023-06-30,11877.49,22.28
NIFTY100ALPHA30,Nifty100 Alpha 30,Strategy / Thematic / Other,2023-07-31,2023-07-31,12158.16,22.28
NIFTY100ALPHA30,Nifty100 Alpha 30,Strategy / Thematic / Other,2023-08-31,2023-08-31,11983.65,20.98
NIFTY100ALPHA30,Nifty100 Alpha 30,Strategy / Thematic / Other,2023-09-30,2023-09-29,12488.08,24.37
NIFTY100ALPHA30,Nifty100 Alpha 30,Strategy / Thematic / Other,2023-10-31,2023-10-31,12085.94,22.45
NIFTY100ALPHA30,Nifty100 Alpha 30,Strategy / Thematic / Other,2023-11-30,2023-11-30,13368.51,23.84
NIFTY100ALPHA30,Nifty100 Alpha 30,Strategy / Thematic / Other,2023-12-31,2023-12-29,14795.04,23.78
NIFTY100ALPHA30,Nifty100 Alpha 30,Strategy / Thematic / Other,2024-01-31,2024-01-31,15560.22,23.44
NIFTY100ALPHA30,Nifty100 Alpha 30,Strategy / Thematic / Other,2024-02-29,2024-02-29,16692.44,24.07
NIFTY100ALPHA30,Nifty100 Alpha 30,Strategy / Thematic / Other,2024-03-31,2024-03-28,17378.17,18.05
NIFTY100ALPHA30,Nifty100 Alpha 30,Strategy / Thematic / Other,2024-04-30,2024-04-30,18311.6,18.93
NIFTY100ALPHA30,Nifty100 Alpha 30,Strategy / Thematic / Other,2024-05-31,2024-05-31,19201.44,18.73
NIFTY100ALPHA30,Nifty100 Alpha 30,Strategy / Thematic / Other,2024-06-30,2024-06-28,19815.15,19.22
NIFTY100ALPHA30,Nifty100 Alpha 30,Strategy / Thematic / Other,2024-07-31,2024-07-31,21200.25,20.45
NIFTY100ALPHA30,Nifty100 Alpha 30,Strategy / Thematic / Other,2024-08-31,2024-08-30,21245.13,20.56
NIFTY100ALPHA30,Nifty100 Alpha 30,Strategy / Thematic / Other,2024-09-30,2024-09-30,21077.37,25.61
NIFTY100ALPHA30,Nifty100 Alpha 30,Strategy / Thematic / Other,2024-10-31,2024-10-31,19030.02,24.53
NIFTY100ALPHA30,Nifty100 Alpha 30,Strategy / Thematic / Other,2024-11-30,2024-11-29,18963.65,23.6
NIFTY100ALPHA30,Nifty100 Alpha 30,Strategy / Thematic / Other,2024-12-31,2024-12-31,18445.1,39.16
NIFTY100ALPHA30,Nifty100 Alpha 30,Strategy / Thematic / Other,2025-01-31,2025-01-31,17112.95,36.4
NIFTY100ALPHA30,Nifty100 Alpha 30,Strategy / Thematic / Other,2025-02-28,2025-02-28,15263.95,29.81
NIFTY100ALPHA30,Nifty100 Alpha 30,Strategy / Thematic / Other,2025-03-31,2025-03-28,16668.15,27.75
NIFTY100ALPHA30,Nifty100 Alpha 30,Strategy / Thematic / Other,2025-04-30,2025-04-30,17070.1,28.2
NIFTY100ALPHA30,Nifty100 Alpha 30,Strategy / Thematic / Other,2025-05-31,2025-05-30,17677.7,27.27
NIFTY100ALPHA30,Nifty100 Alpha 30,Strategy / Thematic / Other,2025-06-30,2025-06-30,18698.55,39.94
NIFTY100ALPHA30,Nifty100 Alpha 30,Strategy / Thematic / Other,2025-07-31,2025-07-31,18130.45,38.34
NIFTY100ALPHA30,Nifty100 Alpha 30,Strategy / Thematic / Other,2025-08-31,2025-08-29,17947,36.81
NIFTY100ALPHA30,Nifty100 Alpha 30,Strategy / Thematic / Other,2025-09-30,2025-09-30,18032.95,36.11
NIFTY100ALPHA30,Nifty100 Alpha 30,Strategy / Thematic / Other,2025-10-31,2025-10-31,18546.55,36.75
NIFTY100ALPHA30,Nifty100 Alpha 30,Strategy / Thematic / Other,2025-11-30,2025-11-28,18461.55,35.68
NIFTY100ALPHA30,Nifty100 Alpha 30,Strategy / Thematic / Other,2025-12-31,2025-12-31,18094.6,28.01
NIFTY100ALPHA30,Nifty100 Alpha 30,Strategy / Thematic / Other,2026-01-31,2026-01-30,17562,27.14
NIFTY100ALPHA30,Nifty100 Alpha 30,Strategy / Thematic / Other,2026-02-28,2026-02-27,18155.3,28.07
NIFTY100ALPHA30,Nifty100 Alpha 30,Strategy / Thematic / Other,2026-03-31,2026-03-30,15765.85,15.85
NIFTY100ALPHA30,Nifty100 Alpha 30,Strategy / Thematic / Other,2026-04-30,2026-04-30,17642.1,17.74
NIFTY100ALPHA30,Nifty100 Alpha 30,Strategy / Thematic / Other,2026-05-31,2026-05-29,18015.5,17.17
NIFTY100ALPHA30,Nifty100 Alpha 30,Strategy / Thematic / Other,2026-06-30,2026-06-30,17925.1,21.3
NIFTY100ALPHA30,Nifty100 Alpha 30,Strategy / Thematic / Other,2026-07-31,2026-07-31,18103.2,20.84
NIFTY100ALPHA30,Nifty100 Alpha 30,Strategy / Thematic / Other,2026-08-31,2026-08-31,18152,19.98
NIFTY100ENHANCEDESG,Nifty100 Enhanced ESG,Strategy / Thematic / Other,2021-04-30,2021-04-30,2924.66,34.33
NIFTY100ENHANCEDESG,Nifty100 Enhanced ESG,Strategy / Thematic / Other,2021-05-31,2021-05-31,3126.74,31.36
NIFTY100ENHANCEDESG,Nifty100 Enhanced ESG,Strategy / Thematic / Other,2021-06-30,2021-06-30,3196.07,33.18
NIFTY100ENHANCEDESG,Nifty100 Enhanced ESG,Strategy / Thematic / Other,2021-07-31,2021-07-30,3239.7,32.11
NIFTY100ENHANCEDESG,Nifty100 Enhanced ESG,Strategy / Thematic / Other,2021-08-31,2021-08-31,3527.89,31.78
NIFTY100ENHANCEDESG,Nifty100 Enhanced ESG,Strategy / Thematic / Other,2021-09-30,2021-09-30,3612.57,32.54
NIFTY100ENHANCEDESG,Nifty100 Enhanced ESG,Strategy / Thematic / Other,2021-10-31,2021-10-29,3589.54,31.03
NIFTY100ENHANCEDESG,Nifty100 Enhanced ESG,Strategy / Thematic / Other,2021-11-30,2021-11-30,3510.33,28.67
NIFTY100ENHANCEDESG,Nifty100 Enhanced ESG,Strategy / Thematic / Other,2021-12-31,2021-12-31,3617.94,28.86
NIFTY100ENHANCEDESG,Nifty100 Enhanced ESG,Strategy / Thematic / Other,2022-01-31,2022-01-31,3528.72,27.68
NIFTY100ENHANCEDESG,Nifty100 Enhanced ESG,Strategy / Thematic / Other,2022-02-28,2022-02-28,3414.37,25.48
NIFTY100ENHANCEDESG,Nifty100 Enhanced ESG,Strategy / Thematic / Other,2022-03-31,2022-03-31,3503.26,26.13
NIFTY100ENHANCEDESG,Nifty100 Enhanced ESG,Strategy / Thematic / Other,2022-04-30,2022-04-29,3465.1,25.49
NIFTY100ENHANCEDESG,Nifty100 Enhanced ESG,Strategy / Thematic / Other,2022-05-31,2022-05-31,3291.79,23.3
NIFTY100ENHANCEDESG,Nifty100 Enhanced ESG,Strategy / Thematic / Other,2022-06-30,2022-06-30,3103.84,21.93
NIFTY100ENHANCEDESG,Nifty100 Enhanced ESG,Strategy / Thematic / Other,2022-07-31,2022-07-29,3420.54,23.94
NIFTY100ENHANCEDESG,Nifty100 Enhanced ESG,Strategy / Thematic / Other,2022-08-31,2022-08-30,3521.95,24.82
NIFTY100ENHANCEDESG,Nifty100 Enhanced ESG,Strategy / Thematic / Other,2022-09-30,2022-09-30,3404.23,23.76
NIFTY100ENHANCEDESG,Nifty100 Enhanced ESG,Strategy / Thematic / Other,2022-10-31,2022-10-31,3516.28,24.51
NIFTY100ENHANCEDESG,Nifty100 Enhanced ESG,Strategy / Thematic / Other,2022-11-30,2022-11-30,3610.72,26.17
NIFTY100ENHANCEDESG,Nifty100 Enhanced ESG,Strategy / Thematic / Other,2022-12-31,2022-12-30,3468.12,27.04
NIFTY100ENHANCEDESG,Nifty100 Enhanced ESG,Strategy / Thematic / Other,2023-01-31,2023-01-31,3352.6,25.86
NIFTY100ENHANCEDESG,Nifty100 Enhanced ESG,Strategy / Thematic / Other,2023-02-28,2023-02-28,3233.94,25.93
NIFTY100ENHANCEDESG,Nifty100 Enhanced ESG,Strategy / Thematic / Other,2023-03-31,2023-03-31,3230.78,25.89
NIFTY100ENHANCEDESG,Nifty100 Enhanced ESG,Strategy / Thematic / Other,2023-04-30,2023-04-28,3359.54,26.61
NIFTY100ENHANCEDESG,Nifty100 Enhanced ESG,Strategy / Thematic / Other,2023-05-31,2023-05-31,3522.44,27.89
NIFTY100ENHANCEDESG,Nifty100 Enhanced ESG,Strategy / Thematic / Other,2023-06-30,2023-06-30,3648.05,28.99
NIFTY100ENHANCEDESG,Nifty100 Enhanced ESG,Strategy / Thematic / Other,2023-07-31,2023-07-31,3726.89,28.83
NIFTY100ENHANCEDESG,Nifty100 Enhanced ESG,Strategy / Thematic / Other,2023-08-31,2023-08-31,3676.25,27.7
NIFTY100ENHANCEDESG,Nifty100 Enhanced ESG,Strategy / Thematic / Other,2023-09-30,2023-09-29,3755.09,28.26
NIFTY100ENHANCEDESG,Nifty100 Enhanced ESG,Strategy / Thematic / Other,2023-10-31,2023-10-31,3662.31,26.5
NIFTY100ENHANCEDESG,Nifty100 Enhanced ESG,Strategy / Thematic / Other,2023-11-30,2023-11-30,3918.36,27.79
NIFTY100ENHANCEDESG,Nifty100 Enhanced ESG,Strategy / Thematic / Other,2023-12-31,2023-12-29,4230,25.61
NIFTY100ENHANCEDESG,Nifty100 Enhanced ESG,Strategy / Thematic / Other,2024-01-31,2024-01-31,4261.52,24.94
NIFTY100ENHANCEDESG,Nifty100 Enhanced ESG,Strategy / Thematic / Other,2024-02-29,2024-02-29,4356.81,25.12
NIFTY100ENHANCEDESG,Nifty100 Enhanced ESG,Strategy / Thematic / Other,2024-03-31,2024-03-28,4397.92,25.37
NIFTY100ENHANCEDESG,Nifty100 Enhanced ESG,Strategy / Thematic / Other,2024-04-30,2024-04-30,4454.92,24.41
NIFTY100ENHANCEDESG,Nifty100 Enhanced ESG,Strategy / Thematic / Other,2024-05-31,2024-05-31,4455.49,23.64
NIFTY100ENHANCEDESG,Nifty100 Enhanced ESG,Strategy / Thematic / Other,2024-06-30,2024-06-28,4782.15,24.34
NIFTY100ENHANCEDESG,Nifty100 Enhanced ESG,Strategy / Thematic / Other,2024-07-31,2024-07-31,5032.13,25.29
NIFTY100ENHANCEDESG,Nifty100 Enhanced ESG,Strategy / Thematic / Other,2024-08-31,2024-08-30,5116.81,25.64
NIFTY100ENHANCEDESG,Nifty100 Enhanced ESG,Strategy / Thematic / Other,2024-09-30,2024-09-30,5221.14,26.18
NIFTY100ENHANCEDESG,Nifty100 Enhanced ESG,Strategy / Thematic / Other,2024-10-31,2024-10-31,4823.75,24.13
NIFTY100ENHANCEDESG,Nifty100 Enhanced ESG,Strategy / Thematic / Other,2024-11-30,2024-11-29,4819.71,23.9
NIFTY100ENHANCEDESG,Nifty100 Enhanced ESG,Strategy / Thematic / Other,2024-12-31,2024-12-31,4724.75,22.91
NIFTY100ENHANCEDESG,Nifty100 Enhanced ESG,Strategy / Thematic / Other,2025-01-31,2025-01-31,4637,22.18
NIFTY100ENHANCEDESG,Nifty100 Enhanced ESG,Strategy / Thematic / Other,2025-02-28,2025-02-28,4345.75,20.44
NIFTY100ENHANCEDESG,Nifty100 Enhanced ESG,Strategy / Thematic / Other,2025-03-31,2025-03-28,4615.95,21.73
NIFTY100ENHANCEDESG,Nifty100 Enhanced ESG,Strategy / Thematic / Other,2025-04-30,2025-04-30,4750.9,22.16
NIFTY100ENHANCEDESG,Nifty100 Enhanced ESG,Strategy / Thematic / Other,2025-05-31,2025-05-30,4893.6,23.09
NIFTY100ENHANCEDESG,Nifty100 Enhanced ESG,Strategy / Thematic / Other,2025-06-30,2025-06-30,5052.3,23.85
NIFTY100ENHANCEDESG,Nifty100 Enhanced ESG,Strategy / Thematic / Other,2025-07-31,2025-07-31,4921.3,22.9
NIFTY100ENHANCEDESG,Nifty100 Enhanced ESG,Strategy / Thematic / Other,2025-08-31,2025-08-29,4878.35,22.37
NIFTY100ENHANCEDESG,Nifty100 Enhanced ESG,Strategy / Thematic / Other,2025-09-30,2025-09-30,4921.85,22.64
NIFTY100ENHANCEDESG,Nifty100 Enhanced ESG,Strategy / Thematic / Other,2025-10-31,2025-10-31,5102.7,24.13
NIFTY100ENHANCEDESG,Nifty100 Enhanced ESG,Strategy / Thematic / Other,2025-11-30,2025-11-28,5221.15,24.09
NIFTY100ENHANCEDESG,Nifty100 Enhanced ESG,Strategy / Thematic / Other,2025-12-31,2025-12-31,5227.6,23.38
NIFTY100ENHANCEDESG,Nifty100 Enhanced ESG,Strategy / Thematic / Other,2026-01-31,2026-01-30,5110.95,23.13
NIFTY100ENHANCEDESG,Nifty100 Enhanced ESG,Strategy / Thematic / Other,2026-02-28,2026-02-27,5070.1,22.7
NIFTY100ENHANCEDESG,Nifty100 Enhanced ESG,Strategy / Thematic / Other,2026-03-31,2026-03-30,4477.1,20.55
NIFTY100ENHANCEDESG,Nifty100 Enhanced ESG,Strategy / Thematic / Other,2026-04-30,2026-04-30,4868.6,22.23
NIFTY100ENHANCEDESG,Nifty100 Enhanced ESG,Strategy / Thematic / Other,2026-05-31,2026-05-29,4854.1,21.91
NIFTY100ENHANCEDESG,Nifty100 Enhanced ESG,Strategy / Thematic / Other,2026-06-30,2026-06-30,4876.05,21.02
NIFTY100ENHANCEDESG,Nifty100 Enhanced ESG,Strategy / Thematic / Other,2026-07-31,2026-07-31,5125,21.84
NIFTY100ENHANCEDESG,Nifty100 Enhanced ESG,Strategy / Thematic / Other,2026-08-31,2026-08-31,5054.55,21.3
NIFTY100EQUALWEIGHT,Nifty100 Equal Weight,Strategy / Thematic / Other,2021-04-30,2021-04-30,17189.45,35.65
NIFTY100EQUALWEIGHT,Nifty100 Equal Weight,Strategy / Thematic / Other,2021-05-31,2021-05-31,18518.05,28.19
NIFTY100EQUALWEIGHT,Nifty100 Equal Weight,Strategy / Thematic / Other,2021-06-30,2021-06-30,18814.55,27.13
NIFTY100EQUALWEIGHT,Nifty100 Equal Weight,Strategy / Thematic / Other,2021-07-31,2021-07-30,19140.55,26.21
NIFTY100EQUALWEIGHT,Nifty100 Equal Weight,Strategy / Thematic / Other,2021-08-31,2021-08-31,20180.8,24.24
NIFTY100EQUALWEIGHT,Nifty100 Equal Weight,Strategy / Thematic / Other,2021-09-30,2021-09-30,20791.5,21.88
NIFTY100EQUALWEIGHT,Nifty100 Equal Weight,Strategy / Thematic / Other,2021-10-31,2021-10-29,20756.5,21.29
NIFTY100EQUALWEIGHT,Nifty100 Equal Weight,Strategy / Thematic / Other,2021-11-30,2021-11-30,20080.8,19.07
NIFTY100EQUALWEIGHT,Nifty100 Equal Weight,Strategy / Thematic / Other,2021-12-31,2021-12-31,20535.15,19.25
NIFTY100EQUALWEIGHT,Nifty100 Equal Weight,Strategy / Thematic / Other,2022-01-31,2022-01-31,20370,18.88
NIFTY100EQUALWEIGHT,Nifty100 Equal Weight,Strategy / Thematic / Other,2022-02-28,2022-02-28,19719.9,17.51
NIFTY100EQUALWEIGHT,Nifty100 Equal Weight,Strategy / Thematic / Other,2022-03-31,2022-03-31,20248,20.7
NIFTY100EQUALWEIGHT,Nifty100 Equal Weight,Strategy / Thematic / Other,2022-04-30,2022-04-29,20471.95,20.85
NIFTY100EQUALWEIGHT,Nifty100 Equal Weight,Strategy / Thematic / Other,2022-05-31,2022-05-31,19421.75,19.52
NIFTY100EQUALWEIGHT,Nifty100 Equal Weight,Strategy / Thematic / Other,2022-06-30,2022-06-30,18217.3,16.61
NIFTY100EQUALWEIGHT,Nifty100 Equal Weight,Strategy / Thematic / Other,2022-07-31,2022-07-29,20124.4,18.34
NIFTY100EQUALWEIGHT,Nifty100 Equal Weight,Strategy / Thematic / Other,2022-08-31,2022-08-30,21033.4,20.58
NIFTY100EQUALWEIGHT,Nifty100 Equal Weight,Strategy / Thematic / Other,2022-09-30,2022-09-30,20369.05,20.48
NIFTY100EQUALWEIGHT,Nifty100 Equal Weight,Strategy / Thematic / Other,2022-10-31,2022-10-31,20810.05,21.15
NIFTY100EQUALWEIGHT,Nifty100 Equal Weight,Strategy / Thematic / Other,2022-11-30,2022-11-30,21396.5,23.01
NIFTY100EQUALWEIGHT,Nifty100 Equal Weight,Strategy / Thematic / Other,2022-12-31,2022-12-30,20728.1,23.49
NIFTY100EQUALWEIGHT,Nifty100 Equal Weight,Strategy / Thematic / Other,2023-01-31,2023-01-31,19877.6,22.98
NIFTY100EQUALWEIGHT,Nifty100 Equal Weight,Strategy / Thematic / Other,2023-02-28,2023-02-28,19177.05,22.81
NIFTY100EQUALWEIGHT,Nifty100 Equal Weight,Strategy / Thematic / Other,2023-03-31,2023-03-31,19244,22.65
NIFTY100EQUALWEIGHT,Nifty100 Equal Weight,Strategy / Thematic / Other,2023-04-30,2023-04-28,20280.75,23.72
NIFTY100EQUALWEIGHT,Nifty100 Equal Weight,Strategy / Thematic / Other,2023-05-31,2023-05-31,21241.1,24.72
NIFTY100EQUALWEIGHT,Nifty100 Equal Weight,Strategy / Thematic / Other,2023-06-30,2023-06-30,22170.95,24.98
NIFTY100EQUALWEIGHT,Nifty100 Equal Weight,Strategy / Thematic / Other,2023-07-31,2023-07-31,22983.6,24.48
NIFTY100EQUALWEIGHT,Nifty100 Equal Weight,Strategy / Thematic / Other,2023-08-31,2023-08-31,22574.3,22.78
NIFTY100EQUALWEIGHT,Nifty100 Equal Weight,Strategy / Thematic / Other,2023-09-30,2023-09-29,23177.65,22.75
NIFTY100EQUALWEIGHT,Nifty100 Equal Weight,Strategy / Thematic / Other,2023-10-31,2023-10-31,22621.15,21.09
NIFTY100EQUALWEIGHT,Nifty100 Equal Weight,Strategy / Thematic / Other,2023-11-30,2023-11-30,24503.05,22.01
NIFTY100EQUALWEIGHT,Nifty100 Equal Weight,Strategy / Thematic / Other,2023-12-31,2023-12-29,26879.7,24.45
NIFTY100EQUALWEIGHT,Nifty100 Equal Weight,Strategy / Thematic / Other,2024-01-31,2024-01-31,27509.75,24.03
NIFTY100EQUALWEIGHT,Nifty100 Equal Weight,Strategy / Thematic / Other,2024-02-29,2024-02-29,28709.2,24.83
NIFTY100EQUALWEIGHT,Nifty100 Equal Weight,Strategy / Thematic / Other,2024-03-31,2024-03-28,29233.45,23.97
NIFTY100EQUALWEIGHT,Nifty100 Equal Weight,Strategy / Thematic / Other,2024-04-30,2024-04-30,30248.05,24.38
NIFTY100EQUALWEIGHT,Nifty100 Equal Weight,Strategy / Thematic / Other,2024-05-31,2024-05-31,30854.45,24.05
NIFTY100EQUALWEIGHT,Nifty100 Equal Weight,Strategy / Thematic / Other,2024-06-30,2024-06-28,32576.3,25.06
NIFTY100EQUALWEIGHT,Nifty100 Equal Weight,Strategy / Thematic / Other,2024-07-31,2024-07-31,34371,26.56
NIFTY100EQUALWEIGHT,Nifty100 Equal Weight,Strategy / Thematic / Other,2024-08-31,2024-08-30,34533.15,26.58
NIFTY100EQUALWEIGHT,Nifty100 Equal Weight,Strategy / Thematic / Other,2024-09-30,2024-09-30,35394.05,25.69
NIFTY100EQUALWEIGHT,Nifty100 Equal Weight,Strategy / Thematic / Other,2024-10-31,2024-10-31,32400.05,23.84
NIFTY100EQUALWEIGHT,Nifty100 Equal Weight,Strategy / Thematic / Other,2024-11-30,2024-11-29,32097.4,23.18
NIFTY100EQUALWEIGHT,Nifty100 Equal Weight,Strategy / Thematic / Other,2024-12-31,2024-12-31,31336.95,22.73
NIFTY100EQUALWEIGHT,Nifty100 Equal Weight,Strategy / Thematic / Other,2025-01-31,2025-01-31,30473.4,21.96
NIFTY100EQUALWEIGHT,Nifty100 Equal Weight,Strategy / Thematic / Other,2025-02-28,2025-02-28,27957.4,19.79
NIFTY100EQUALWEIGHT,Nifty100 Equal Weight,Strategy / Thematic / Other,2025-03-31,2025-03-28,30282,22.31
NIFTY100EQUALWEIGHT,Nifty100 Equal Weight,Strategy / Thematic / Other,2025-04-30,2025-04-30,31123.15,22.82
NIFTY100EQUALWEIGHT,Nifty100 Equal Weight,Strategy / Thematic / Other,2025-05-31,2025-05-30,32126.35,23.58
NIFTY100EQUALWEIGHT,Nifty100 Equal Weight,Strategy / Thematic / Other,2025-06-30,2025-06-30,33287.25,23.7
NIFTY100EQUALWEIGHT,Nifty100 Equal Weight,Strategy / Thematic / Other,2025-07-31,2025-07-31,32313.4,22.98
NIFTY100EQUALWEIGHT,Nifty100 Equal Weight,Strategy / Thematic / Other,2025-08-31,2025-08-29,32034.85,22.34
NIFTY100EQUALWEIGHT,Nifty100 Equal Weight,Strategy / Thematic / Other,2025-09-30,2025-09-30,32812.7,22.62
NIFTY100EQUALWEIGHT,Nifty100 Equal Weight,Strategy / Thematic / Other,2025-10-31,2025-10-31,33909.2,23.06
NIFTY100EQUALWEIGHT,Nifty100 Equal Weight,Strategy / Thematic / Other,2025-11-30,2025-11-28,33903.35,22.66
NIFTY100EQUALWEIGHT,Nifty100 Equal Weight,Strategy / Thematic / Other,2025-12-31,2025-12-31,33955.65,22.85
NIFTY100EQUALWEIGHT,Nifty100 Equal Weight,Strategy / Thematic / Other,2026-01-31,2026-01-30,33216.15,22.25
NIFTY100EQUALWEIGHT,Nifty100 Equal Weight,Strategy / Thematic / Other,2026-02-28,2026-02-27,33865.85,22.61
NIFTY100EQUALWEIGHT,Nifty100 Equal Weight,Strategy / Thematic / Other,2026-03-31,2026-03-30,29787.2,19.83
NIFTY100EQUALWEIGHT,Nifty100 Equal Weight,Strategy / Thematic / Other,2026-04-30,2026-04-30,33571.15,22.29
NIFTY100EQUALWEIGHT,Nifty100 Equal Weight,Strategy / Thematic / Other,2026-05-31,2026-05-29,34058.05,21.97
NIFTY100EQUALWEIGHT,Nifty100 Equal Weight,Strategy / Thematic / Other,2026-06-30,2026-06-30,34120.65,20.67
NIFTY100EQUALWEIGHT,Nifty100 Equal Weight,Strategy / Thematic / Other,2026-07-31,2026-07-31,35174.5,21.17
NIFTY100EQUALWEIGHT,Nifty100 Equal Weight,Strategy / Thematic / Other,2026-08-31,2026-08-31,34994.75,21.07
NIFTY100ESG,Nifty100 ESG,Strategy / Thematic / Other,2021-04-30,2021-04-30,2908.38,33.83
NIFTY100ESG,Nifty100 ESG,Strategy / Thematic / Other,2021-05-31,2021-05-31,3109.01,30.82
NIFTY100ESG,Nifty100 ESG,Strategy / Thematic / Other,2021-06-30,2021-06-30,3176.95,33.05
NIFTY100ESG,Nifty100 ESG,Strategy / Thematic / Other,2021-07-31,2021-07-30,3221.3,32.02
NIFTY100ESG,Nifty100 ESG,Strategy / Thematic / Other,2021-08-31,2021-08-31,3504.07,31.49
NIFTY100ESG,Nifty100 ESG,Strategy / Thematic / Other,2021-09-30,2021-09-30,3587.28,32.23
NIFTY100ESG,Nifty100 ESG,Strategy / Thematic / Other,2021-10-31,2021-10-29,3563.42,30.76
NIFTY100ESG,Nifty100 ESG,Strategy / Thematic / Other,2021-11-30,2021-11-30,3483.27,28.45
NIFTY100ESG,Nifty100 ESG,Strategy / Thematic / Other,2021-12-31,2021-12-31,3590.33,28.52
NIFTY100ESG,Nifty100 ESG,Strategy / Thematic / Other,2022-01-31,2022-01-31,3501.75,27.37
NIFTY100ESG,Nifty100 ESG,Strategy / Thematic / Other,2022-02-28,2022-02-28,3387.35,25.23
NIFTY100ESG,Nifty100 ESG,Strategy / Thematic / Other,2022-03-31,2022-03-31,3476.75,25.88
NIFTY100ESG,Nifty100 ESG,Strategy / Thematic / Other,2022-04-30,2022-04-29,3439.35,25.26
NIFTY100ESG,Nifty100 ESG,Strategy / Thematic / Other,2022-05-31,2022-05-31,3263.95,23.1
NIFTY100ESG,Nifty100 ESG,Strategy / Thematic / Other,2022-06-30,2022-06-30,3077.7,21.81
NIFTY100ESG,Nifty100 ESG,Strategy / Thematic / Other,2022-07-31,2022-07-29,3390.7,23.81
NIFTY100ESG,Nifty100 ESG,Strategy / Thematic / Other,2022-08-31,2022-08-30,3492.05,24.69
NIFTY100ESG,Nifty100 ESG,Strategy / Thematic / Other,2022-09-30,2022-09-30,3375.6,23.64
NIFTY100ESG,Nifty100 ESG,Strategy / Thematic / Other,2022-10-31,2022-10-31,3486.2,24.38
NIFTY100ESG,Nifty100 ESG,Strategy / Thematic / Other,2022-11-30,2022-11-30,3579.15,26.03
NIFTY100ESG,Nifty100 ESG,Strategy / Thematic / Other,2022-12-31,2022-12-30,3438.3,26.58
NIFTY100ESG,Nifty100 ESG,Strategy / Thematic / Other,2023-01-31,2023-01-31,3323.55,25.43
NIFTY100ESG,Nifty100 ESG,Strategy / Thematic / Other,2023-02-28,2023-02-28,3206.35,25.38
NIFTY100ESG,Nifty100 ESG,Strategy / Thematic / Other,2023-03-31,2023-03-31,3202.9,25.34
NIFTY100ESG,Nifty100 ESG,Strategy / Thematic / Other,2023-04-30,2023-04-28,3331.4,26.05
NIFTY100ESG,Nifty100 ESG,Strategy / Thematic / Other,2023-05-31,2023-05-31,3491.15,27.35
NIFTY100ESG,Nifty100 ESG,Strategy / Thematic / Other,2023-06-30,2023-06-30,3614.85,28.17
NIFTY100ESG,Nifty100 ESG,Strategy / Thematic / Other,2023-07-31,2023-07-31,3697.2,28.08
NIFTY100ESG,Nifty100 ESG,Strategy / Thematic / Other,2023-08-31,2023-08-31,3644.85,26.98
NIFTY100ESG,Nifty100 ESG,Strategy / Thematic / Other,2023-09-30,2023-09-29,3726,27.51
NIFTY100ESG,Nifty100 ESG,Strategy / Thematic / Other,2023-10-31,2023-10-31,3633.8,25.83
NIFTY100ESG,Nifty100 ESG,Strategy / Thematic / Other,2023-11-30,2023-11-30,3887.4,27.07
NIFTY100ESG,Nifty100 ESG,Strategy / Thematic / Other,2023-12-31,2023-12-29,4200.15,25.62
NIFTY100ESG,Nifty100 ESG,Strategy / Thematic / Other,2024-01-31,2024-01-31,4230.75,24.94
NIFTY100ESG,Nifty100 ESG,Strategy / Thematic / Other,2024-02-29,2024-02-29,4325.3,25.13
NIFTY100ESG,Nifty100 ESG,Strategy / Thematic / Other,2024-03-31,2024-03-28,4366.65,25.38
NIFTY100ESG,Nifty100 ESG,Strategy / Thematic / Other,2024-04-30,2024-04-30,4423.35,24.42
NIFTY100ESG,Nifty100 ESG,Strategy / Thematic / Other,2024-05-31,2024-05-31,4422.65,23.65
NIFTY100ESG,Nifty100 ESG,Strategy / Thematic / Other,2024-06-30,2024-06-28,4747.1,24.35
NIFTY100ESG,Nifty100 ESG,Strategy / Thematic / Other,2024-07-31,2024-07-31,4995.35,25.3
NIFTY100ESG,Nifty100 ESG,Strategy / Thematic / Other,2024-08-31,2024-08-30,5079,25.65
NIFTY100ESG,Nifty100 ESG,Strategy / Thematic / Other,2024-09-30,2024-09-30,5182.25,26.19
NIFTY100ESG,Nifty100 ESG,Strategy / Thematic / Other,2024-10-31,2024-10-31,4787.65,24.14
NIFTY100ESG,Nifty100 ESG,Strategy / Thematic / Other,2024-11-30,2024-11-29,4783.7,23.91
NIFTY100ESG,Nifty100 ESG,Strategy / Thematic / Other,2024-12-31,2024-12-31,4689.55,22.87
NIFTY100ESG,Nifty100 ESG,Strategy / Thematic / Other,2025-01-31,2025-01-31,4602.45,22.14
NIFTY100ESG,Nifty100 ESG,Strategy / Thematic / Other,2025-02-28,2025-02-28,4312.1,20.41
NIFTY100ESG,Nifty100 ESG,Strategy / Thematic / Other,2025-03-31,2025-03-28,4581.5,21.69
NIFTY100ESG,Nifty100 ESG,Strategy / Thematic / Other,2025-04-30,2025-04-30,4716.05,22.13
NIFTY100ESG,Nifty100 ESG,Strategy / Thematic / Other,2025-05-31,2025-05-30,4856.2,23.05
NIFTY100ESG,Nifty100 ESG,Strategy / Thematic / Other,2025-06-30,2025-06-30,5014.2,23.58
NIFTY100ESG,Nifty100 ESG,Strategy / Thematic / Other,2025-07-31,2025-07-31,4885.25,22.64
NIFTY100ESG,Nifty100 ESG,Strategy / Thematic / Other,2025-08-31,2025-08-29,4839.6,22.08
NIFTY100ESG,Nifty100 ESG,Strategy / Thematic / Other,2025-09-30,2025-09-30,4884.1,22.35
NIFTY100ESG,Nifty100 ESG,Strategy / Thematic / Other,2025-10-31,2025-10-31,5063.3,23.73
NIFTY100ESG,Nifty100 ESG,Strategy / Thematic / Other,2025-11-30,2025-11-28,5177.65,23.68
NIFTY100ESG,Nifty100 ESG,Strategy / Thematic / Other,2025-12-31,2025-12-31,5181.35,23.3
NIFTY100ESG,Nifty100 ESG,Strategy / Thematic / Other,2026-01-31,2026-01-30,5070.75,23.07
NIFTY100ESG,Nifty100 ESG,Strategy / Thematic / Other,2026-02-28,2026-02-27,5033.7,22.68
NIFTY100ESG,Nifty100 ESG,Strategy / Thematic / Other,2026-03-31,2026-03-30,4444.8,20.53
NIFTY100ESG,Nifty100 ESG,Strategy / Thematic / Other,2026-04-30,2026-04-30,4834.3,22.22
NIFTY100ESG,Nifty100 ESG,Strategy / Thematic / Other,2026-05-31,2026-05-29,4821.35,21.95
NIFTY100ESG,Nifty100 ESG,Strategy / Thematic / Other,2026-06-30,2026-06-30,4844.25,21.04
NIFTY100ESG,Nifty100 ESG,Strategy / Thematic / Other,2026-07-31,2026-07-31,5090.5,21.86
NIFTY100ESG,Nifty100 ESG,Strategy / Thematic / Other,2026-08-31,2026-08-31,5021.75,21.32
NIFTY100ESGSECTORLEADERS,Nifty100 ESG Sector Leaders,Strategy / Thematic / Other,2021-04-30,2021-04-30,2496.3,35.03
NIFTY100ESGSECTORLEADERS,Nifty100 ESG Sector Leaders,Strategy / Thematic / Other,2021-05-31,2021-05-31,2652,31.75
NIFTY100ESGSECTORLEADERS,Nifty100 ESG Sector Leaders,Strategy / Thematic / Other,2021-06-30,2021-06-30,2682.2,32.39
NIFTY100ESGSECTORLEADERS,Nifty100 ESG Sector Leaders,Strategy / Thematic / Other,2021-07-31,2021-07-30,2677,30.93
NIFTY100ESGSECTORLEADERS,Nifty100 ESG Sector Leaders,Strategy / Thematic / Other,2021-08-31,2021-08-31,2924,29.2
NIFTY100ESGSECTORLEADERS,Nifty100 ESG Sector Leaders,Strategy / Thematic / Other,2021-09-30,2021-09-30,2995.1,30.01
NIFTY100ESGSECTORLEADERS,Nifty100 ESG Sector Leaders,Strategy / Thematic / Other,2021-10-31,2021-10-29,2968.75,28.02
NIFTY100ESGSECTORLEADERS,Nifty100 ESG Sector Leaders,Strategy / Thematic / Other,2021-11-30,2021-11-30,2903,25.46
NIFTY100ESGSECTORLEADERS,Nifty100 ESG Sector Leaders,Strategy / Thematic / Other,2021-12-31,2021-12-31,2962.05,25.37
NIFTY100ESGSECTORLEADERS,Nifty100 ESG Sector Leaders,Strategy / Thematic / Other,2022-01-31,2022-01-31,2907.05,24.32
NIFTY100ESGSECTORLEADERS,Nifty100 ESG Sector Leaders,Strategy / Thematic / Other,2022-02-28,2022-02-28,2835.6,22.29
NIFTY100ESGSECTORLEADERS,Nifty100 ESG Sector Leaders,Strategy / Thematic / Other,2022-03-31,2022-03-31,2945.7,23.14
NIFTY100ESGSECTORLEADERS,Nifty100 ESG Sector Leaders,Strategy / Thematic / Other,2022-04-30,2022-04-29,2892.65,22.5
NIFTY100ESGSECTORLEADERS,Nifty100 ESG Sector Leaders,Strategy / Thematic / Other,2022-05-31,2022-05-31,2765.05,21.01
NIFTY100ESGSECTORLEADERS,Nifty100 ESG Sector Leaders,Strategy / Thematic / Other,2022-06-30,2022-06-30,2636.45,19.68
NIFTY100ESGSECTORLEADERS,Nifty100 ESG Sector Leaders,Strategy / Thematic / Other,2022-07-31,2022-07-29,2863.95,21.1
NIFTY100ESGSECTORLEADERS,Nifty100 ESG Sector Leaders,Strategy / Thematic / Other,2022-08-31,2022-08-30,2949.85,22.01
NIFTY100ESGSECTORLEADERS,Nifty100 ESG Sector Leaders,Strategy / Thematic / Other,2022-09-30,2022-09-30,2831.85,21.13
NIFTY100ESGSECTORLEADERS,Nifty100 ESG Sector Leaders,Strategy / Thematic / Other,2022-10-31,2022-10-31,2971.85,22.08
NIFTY100ESGSECTORLEADERS,Nifty100 ESG Sector Leaders,Strategy / Thematic / Other,2022-11-30,2022-11-30,3095.05,23.81
NIFTY100ESGSECTORLEADERS,Nifty100 ESG Sector Leaders,Strategy / Thematic / Other,2022-12-31,2022-12-30,2992.85,24.44
NIFTY100ESGSECTORLEADERS,Nifty100 ESG Sector Leaders,Strategy / Thematic / Other,2023-01-31,2023-01-31,2887.5,23.28
NIFTY100ESGSECTORLEADERS,Nifty100 ESG Sector Leaders,Strategy / Thematic / Other,2023-02-28,2023-02-28,2794.4,23.52
NIFTY100ESGSECTORLEADERS,Nifty100 ESG Sector Leaders,Strategy / Thematic / Other,2023-03-31,2023-03-31,2810.35,23.64
NIFTY100ESGSECTORLEADERS,Nifty100 ESG Sector Leaders,Strategy / Thematic / Other,2023-04-30,2023-04-28,2893.25,23.92
NIFTY100ESGSECTORLEADERS,Nifty100 ESG Sector Leaders,Strategy / Thematic / Other,2023-05-31,2023-05-31,2977.85,25.34
NIFTY100ESGSECTORLEADERS,Nifty100 ESG Sector Leaders,Strategy / Thematic / Other,2023-06-30,2023-06-30,3077,26.87
NIFTY100ESGSECTORLEADERS,Nifty100 ESG Sector Leaders,Strategy / Thematic / Other,2023-07-31,2023-07-31,3145.7,27.25
NIFTY100ESGSECTORLEADERS,Nifty100 ESG Sector Leaders,Strategy / Thematic / Other,2023-08-31,2023-08-31,3119.15,26.9
NIFTY100ESGSECTORLEADERS,Nifty100 ESG Sector Leaders,Strategy / Thematic / Other,2023-09-30,2023-09-29,3200.65,27.58
NIFTY100ESGSECTORLEADERS,Nifty100 ESG Sector Leaders,Strategy / Thematic / Other,2023-10-31,2023-10-31,3099.75,25.29
NIFTY100ESGSECTORLEADERS,Nifty100 ESG Sector Leaders,Strategy / Thematic / Other,2023-11-30,2023-11-30,3288.7,27.15
NIFTY100ESGSECTORLEADERS,Nifty100 ESG Sector Leaders,Strategy / Thematic / Other,2023-12-31,2023-12-29,3541.15,27.38
NIFTY100ESGSECTORLEADERS,Nifty100 ESG Sector Leaders,Strategy / Thematic / Other,2024-01-31,2024-01-31,3565.55,26.45
NIFTY100ESGSECTORLEADERS,Nifty100 ESG Sector Leaders,Strategy / Thematic / Other,2024-02-29,2024-02-29,3638.7,26.69
NIFTY100ESGSECTORLEADERS,Nifty100 ESG Sector Leaders,Strategy / Thematic / Other,2024-03-31,2024-03-28,3697.85,27.14
NIFTY100ESGSECTORLEADERS,Nifty100 ESG Sector Leaders,Strategy / Thematic / Other,2024-04-30,2024-04-30,3739.95,25.94
NIFTY100ESGSECTORLEADERS,Nifty100 ESG Sector Leaders,Strategy / Thematic / Other,2024-05-31,2024-05-31,3731.8,25.39
NIFTY100ESGSECTORLEADERS,Nifty100 ESG Sector Leaders,Strategy / Thematic / Other,2024-06-30,2024-06-28,3997.35,26.75
NIFTY100ESGSECTORLEADERS,Nifty100 ESG Sector Leaders,Strategy / Thematic / Other,2024-07-31,2024-07-31,4151.4,27.29
NIFTY100ESGSECTORLEADERS,Nifty100 ESG Sector Leaders,Strategy / Thematic / Other,2024-08-31,2024-08-30,4212.45,27.68
NIFTY100ESGSECTORLEADERS,Nifty100 ESG Sector Leaders,Strategy / Thematic / Other,2024-09-30,2024-09-30,4319.2,28.4
NIFTY100ESGSECTORLEADERS,Nifty100 ESG Sector Leaders,Strategy / Thematic / Other,2024-10-31,2024-10-31,4021.75,26.33
NIFTY100ESGSECTORLEADERS,Nifty100 ESG Sector Leaders,Strategy / Thematic / Other,2024-11-30,2024-11-29,4022.8,25.98
NIFTY100ESGSECTORLEADERS,Nifty100 ESG Sector Leaders,Strategy / Thematic / Other,2024-12-31,2024-12-31,3939.2,25.12
NIFTY100ESGSECTORLEADERS,Nifty100 ESG Sector Leaders,Strategy / Thematic / Other,2025-01-31,2025-01-31,3872.5,24.38
NIFTY100ESGSECTORLEADERS,Nifty100 ESG Sector Leaders,Strategy / Thematic / Other,2025-02-28,2025-02-28,3655.05,22.56
NIFTY100ESGSECTORLEADERS,Nifty100 ESG Sector Leaders,Strategy / Thematic / Other,2025-03-31,2025-03-28,3912.15,24.17
NIFTY100ESGSECTORLEADERS,Nifty100 ESG Sector Leaders,Strategy / Thematic / Other,2025-04-30,2025-04-30,4055.95,24.76
NIFTY100ESGSECTORLEADERS,Nifty100 ESG Sector Leaders,Strategy / Thematic / Other,2025-05-31,2025-05-30,4136.7,25.06
NIFTY100ESGSECTORLEADERS,Nifty100 ESG Sector Leaders,Strategy / Thematic / Other,2025-06-30,2025-06-30,4270.15,27
NIFTY100ESGSECTORLEADERS,Nifty100 ESG Sector Leaders,Strategy / Thematic / Other,2025-07-31,2025-07-31,4160.6,25.51
NIFTY100ESGSECTORLEADERS,Nifty100 ESG Sector Leaders,Strategy / Thematic / Other,2025-08-31,2025-08-29,4109.25,24.78
NIFTY100ESGSECTORLEADERS,Nifty100 ESG Sector Leaders,Strategy / Thematic / Other,2025-09-30,2025-09-30,4118.05,24.84
NIFTY100ESGSECTORLEADERS,Nifty100 ESG Sector Leaders,Strategy / Thematic / Other,2025-10-31,2025-10-31,4280,25.99
NIFTY100ESGSECTORLEADERS,Nifty100 ESG Sector Leaders,Strategy / Thematic / Other,2025-11-30,2025-11-28,4359.9,25.78
NIFTY100ESGSECTORLEADERS,Nifty100 ESG Sector Leaders,Strategy / Thematic / Other,2025-12-31,2025-12-31,4353.25,23.51
NIFTY100ESGSECTORLEADERS,Nifty100 ESG Sector Leaders,Strategy / Thematic / Other,2026-01-31,2026-01-30,4220.8,22.71
NIFTY100ESGSECTORLEADERS,Nifty100 ESG Sector Leaders,Strategy / Thematic / Other,2026-02-28,2026-02-27,4154.05,22.23
NIFTY100ESGSECTORLEADERS,Nifty100 ESG Sector Leaders,Strategy / Thematic / Other,2026-03-31,2026-03-30,3707.2,19.86
NIFTY100ESGSECTORLEADERS,Nifty100 ESG Sector Leaders,Strategy / Thematic / Other,2026-04-30,2026-04-30,4005,21.31
NIFTY100ESGSECTORLEADERS,Nifty100 ESG Sector Leaders,Strategy / Thematic / Other,2026-05-31,2026-05-29,3949.85,20.81
NIFTY100ESGSECTORLEADERS,Nifty100 ESG Sector Leaders,Strategy / Thematic / Other,2026-06-30,2026-06-30,3997.45,21.29
NIFTY100ESGSECTORLEADERS,Nifty100 ESG Sector Leaders,Strategy / Thematic / Other,2026-07-31,2026-07-31,4113.75,21.81
NIFTY100ESGSECTORLEADERS,Nifty100 ESG Sector Leaders,Strategy / Thematic / Other,2026-08-31,2026-08-31,4027.5,21.09
NIFTY100LOWVOLATILITY30,Nifty100 Low Volatility 30,Strategy / Thematic / Other,2021-04-30,2021-04-30,11196.1,24.99
NIFTY100LOWVOLATILITY30,Nifty100 Low Volatility 30,Strategy / Thematic / Other,2021-05-31,2021-05-31,12042.3,22.35
NIFTY100LOWVOLATILITY30,Nifty100 Low Volatility 30,Strategy / Thematic / Other,2021-06-30,2021-06-30,12302.3,23.65
NIFTY100LOWVOLATILITY30,Nifty100 Low Volatility 30,Strategy / Thematic / Other,2021-07-31,2021-07-30,12337.95,23.09
NIFTY100LOWVOLATILITY30,Nifty100 Low Volatility 30,Strategy / Thematic / Other,2021-08-31,2021-08-31,13174.25,23.11
NIFTY100LOWVOLATILITY30,Nifty100 Low Volatility 30,Strategy / Thematic / Other,2021-09-30,2021-09-30,13603.9,24.28
NIFTY100LOWVOLATILITY30,Nifty100 Low Volatility 30,Strategy / Thematic / Other,2021-10-31,2021-10-29,13138.35,22.71
NIFTY100LOWVOLATILITY30,Nifty100 Low Volatility 30,Strategy / Thematic / Other,2021-11-30,2021-11-30,12933.05,22.33
NIFTY100LOWVOLATILITY30,Nifty100 Low Volatility 30,Strategy / Thematic / Other,2021-12-31,2021-12-31,13230.15,25.68
NIFTY100LOWVOLATILITY30,Nifty100 Low Volatility 30,Strategy / Thematic / Other,2022-01-31,2022-01-31,12939.15,25.03
NIFTY100LOWVOLATILITY30,Nifty100 Low Volatility 30,Strategy / Thematic / Other,2022-02-28,2022-02-28,12464.55,23.7
NIFTY100LOWVOLATILITY30,Nifty100 Low Volatility 30,Strategy / Thematic / Other,2022-03-31,2022-03-31,12713.3,24.97
NIFTY100LOWVOLATILITY30,Nifty100 Low Volatility 30,Strategy / Thematic / Other,2022-04-30,2022-04-29,12836.3,25.06
NIFTY100LOWVOLATILITY30,Nifty100 Low Volatility 30,Strategy / Thematic / Other,2022-05-31,2022-05-31,12696.25,24.88
NIFTY100LOWVOLATILITY30,Nifty100 Low Volatility 30,Strategy / Thematic / Other,2022-06-30,2022-06-30,11985.55,22.4
NIFTY100LOWVOLATILITY30,Nifty100 Low Volatility 30,Strategy / Thematic / Other,2022-07-31,2022-07-29,12925.05,24.14
NIFTY100LOWVOLATILITY30,Nifty100 Low Volatility 30,Strategy / Thematic / Other,2022-08-31,2022-08-30,13293.05,25.5
NIFTY100LOWVOLATILITY30,Nifty100 Low Volatility 30,Strategy / Thematic / Other,2022-09-30,2022-09-30,12859.05,23.42
NIFTY100LOWVOLATILITY30,Nifty100 Low Volatility 30,Strategy / Thematic / Other,2022-10-31,2022-10-31,13229.65,24.24
NIFTY100LOWVOLATILITY30,Nifty100 Low Volatility 30,Strategy / Thematic / Other,2022-11-30,2022-11-30,13771.4,26.63
NIFTY100LOWVOLATILITY30,Nifty100 Low Volatility 30,Strategy / Thematic / Other,2022-12-31,2022-12-30,13236.25,25.9
NIFTY100LOWVOLATILITY30,Nifty100 Low Volatility 30,Strategy / Thematic / Other,2023-01-31,2023-01-31,13127.85,25.3
NIFTY100LOWVOLATILITY30,Nifty100 Low Volatility 30,Strategy / Thematic / Other,2023-02-28,2023-02-28,12898.95,25.61
NIFTY100LOWVOLATILITY30,Nifty100 Low Volatility 30,Strategy / Thematic / Other,2023-03-31,2023-03-31,12996.85,26.21
NIFTY100LOWVOLATILITY30,Nifty100 Low Volatility 30,Strategy / Thematic / Other,2023-04-30,2023-04-28,13476.75,26.93
NIFTY100LOWVOLATILITY30,Nifty100 Low Volatility 30,Strategy / Thematic / Other,2023-05-31,2023-05-31,13965.35,26.26
NIFTY100LOWVOLATILITY30,Nifty100 Low Volatility 30,Strategy / Thematic / Other,2023-06-30,2023-06-30,14531.2,26.55
NIFTY100LOWVOLATILITY30,Nifty100 Low Volatility 30,Strategy / Thematic / Other,2023-07-31,2023-07-31,15131.7,27.16
NIFTY100LOWVOLATILITY30,Nifty100 Low Volatility 30,Strategy / Thematic / Other,2023-08-31,2023-08-31,14793.6,23.83
NIFTY100LOWVOLATILITY30,Nifty100 Low Volatility 30,Strategy / Thematic / Other,2023-09-30,2023-09-29,15035.05,24.91
NIFTY100LOWVOLATILITY30,Nifty100 Low Volatility 30,Strategy / Thematic / Other,2023-10-31,2023-10-31,14894.1,23.86
NIFTY100LOWVOLATILITY30,Nifty100 Low Volatility 30,Strategy / Thematic / Other,2023-11-30,2023-11-30,15906.8,22.85
NIFTY100LOWVOLATILITY30,Nifty100 Low Volatility 30,Strategy / Thematic / Other,2023-12-31,2023-12-29,17272.3,26.74
NIFTY100LOWVOLATILITY30,Nifty100 Low Volatility 30,Strategy / Thematic / Other,2024-01-31,2024-01-31,17429.15,25.59
NIFTY100LOWVOLATILITY30,Nifty100 Low Volatility 30,Strategy / Thematic / Other,2024-02-29,2024-02-29,17992.75,26.11
NIFTY100LOWVOLATILITY30,Nifty100 Low Volatility 30,Strategy / Thematic / Other,2024-03-31,2024-03-28,18143.9,32.83
NIFTY100LOWVOLATILITY30,Nifty100 Low Volatility 30,Strategy / Thematic / Other,2024-04-30,2024-04-30,17882.95,32.01
NIFTY100LOWVOLATILITY30,Nifty100 Low Volatility 30,Strategy / Thematic / Other,2024-05-31,2024-05-31,17865.5,31.16
NIFTY100LOWVOLATILITY30,Nifty100 Low Volatility 30,Strategy / Thematic / Other,2024-06-30,2024-06-28,19077.45,34.88
NIFTY100LOWVOLATILITY30,Nifty100 Low Volatility 30,Strategy / Thematic / Other,2024-07-31,2024-07-31,20211.65,36.05
NIFTY100LOWVOLATILITY30,Nifty100 Low Volatility 30,Strategy / Thematic / Other,2024-08-31,2024-08-30,20666.9,36.35
NIFTY100LOWVOLATILITY30,Nifty100 Low Volatility 30,Strategy / Thematic / Other,2024-09-30,2024-09-30,21433.4,36.01
NIFTY100LOWVOLATILITY30,Nifty100 Low Volatility 30,Strategy / Thematic / Other,2024-10-31,2024-10-31,19705.8,32.7
NIFTY100LOWVOLATILITY30,Nifty100 Low Volatility 30,Strategy / Thematic / Other,2024-11-30,2024-11-29,19336.4,32.29
NIFTY100LOWVOLATILITY30,Nifty100 Low Volatility 30,Strategy / Thematic / Other,2024-12-31,2024-12-31,19187.85,32.12
NIFTY100LOWVOLATILITY30,Nifty100 Low Volatility 30,Strategy / Thematic / Other,2025-01-31,2025-01-31,19283.3,31.71
NIFTY100LOWVOLATILITY30,Nifty100 Low Volatility 30,Strategy / Thematic / Other,2025-02-28,2025-02-28,17890.7,28.83
NIFTY100LOWVOLATILITY30,Nifty100 Low Volatility 30,Strategy / Thematic / Other,2025-03-31,2025-03-28,18798.85,30.33
NIFTY100LOWVOLATILITY30,Nifty100 Low Volatility 30,Strategy / Thematic / Other,2025-04-30,2025-04-30,19474.85,31.22
NIFTY100LOWVOLATILITY30,Nifty100 Low Volatility 30,Strategy / Thematic / Other,2025-05-31,2025-05-30,19655.6,30.92
NIFTY100LOWVOLATILITY30,Nifty100 Low Volatility 30,Strategy / Thematic / Other,2025-06-30,2025-06-30,20165.75,31.83
NIFTY100LOWVOLATILITY30,Nifty100 Low Volatility 30,Strategy / Thematic / Other,2025-07-31,2025-07-31,19986.45,31.21
NIFTY100LOWVOLATILITY30,Nifty100 Low Volatility 30,Strategy / Thematic / Other,2025-08-31,2025-08-29,20248.8,30.98
NIFTY100LOWVOLATILITY30,Nifty100 Low Volatility 30,Strategy / Thematic / Other,2025-09-30,2025-09-30,19921.45,28.11
NIFTY100LOWVOLATILITY30,Nifty100 Low Volatility 30,Strategy / Thematic / Other,2025-10-31,2025-10-31,20647.75,28.91
NIFTY100LOWVOLATILITY30,Nifty100 Low Volatility 30,Strategy / Thematic / Other,2025-11-30,2025-11-28,21045.05,29.03
NIFTY100LOWVOLATILITY30,Nifty100 Low Volatility 30,Strategy / Thematic / Other,2025-12-31,2025-12-31,21130.15,29.2
NIFTY100LOWVOLATILITY30,Nifty100 Low Volatility 30,Strategy / Thematic / Other,2026-01-31,2026-01-30,20447.25,28.51
NIFTY100LOWVOLATILITY30,Nifty100 Low Volatility 30,Strategy / Thematic / Other,2026-02-28,2026-02-27,20495,28.36
NIFTY100LOWVOLATILITY30,Nifty100 Low Volatility 30,Strategy / Thematic / Other,2026-03-31,2026-03-30,18308.4,25.21
NIFTY100LOWVOLATILITY30,Nifty100 Low Volatility 30,Strategy / Thematic / Other,2026-04-30,2026-04-30,19652.3,26.85
NIFTY100LOWVOLATILITY30,Nifty100 Low Volatility 30,Strategy / Thematic / Other,2026-05-31,2026-05-29,19513.45,26.79
NIFTY100LOWVOLATILITY30,Nifty100 Low Volatility 30,Strategy / Thematic / Other,2026-06-30,2026-06-30,19683.1,24.73
NIFTY100LOWVOLATILITY30,Nifty100 Low Volatility 30,Strategy / Thematic / Other,2026-07-31,2026-07-31,20570.85,25.66
NIFTY100LOWVOLATILITY30,Nifty100 Low Volatility 30,Strategy / Thematic / Other,2026-08-31,2026-08-31,20222.1,24.96
NIFTY100QUALITY30,Nifty100 Quality 30,Strategy / Thematic / Other,2021-04-30,2021-04-30,3266.8,30.12
NIFTY100QUALITY30,Nifty100 Quality 30,Strategy / Thematic / Other,2021-05-31,2021-05-31,3521.95,31.42
NIFTY100QUALITY30,Nifty100 Quality 30,Strategy / Thematic / Other,2021-06-30,2021-06-30,3619.85,31.98
NIFTY100QUALITY30,Nifty100 Quality 30,Strategy / Thematic / Other,2021-07-31,2021-07-30,3634.95,31
NIFTY100QUALITY30,Nifty100 Quality 30,Strategy / Thematic / Other,2021-08-31,2021-08-31,3897.8,32.09
NIFTY100QUALITY30,Nifty100 Quality 30,Strategy / Thematic / Other,2021-09-30,2021-09-30,4023.2,33.13
NIFTY100QUALITY30,Nifty100 Quality 30,Strategy / Thematic / Other,2021-10-31,2021-10-29,3884.3,31.22
NIFTY100QUALITY30,Nifty100 Quality 30,Strategy / Thematic / Other,2021-11-30,2021-11-30,3790.75,30.43
NIFTY100QUALITY30,Nifty100 Quality 30,Strategy / Thematic / Other,2021-12-31,2021-12-31,3967.65,32.24
NIFTY100QUALITY30,Nifty100 Quality 30,Strategy / Thematic / Other,2022-01-31,2022-01-31,3798,30.91
NIFTY100QUALITY30,Nifty100 Quality 30,Strategy / Thematic / Other,2022-02-28,2022-02-28,3732.5,30.68
NIFTY100QUALITY30,Nifty100 Quality 30,Strategy / Thematic / Other,2022-03-31,2022-03-31,3785.3,31.1
NIFTY100QUALITY30,Nifty100 Quality 30,Strategy / Thematic / Other,2022-04-30,2022-04-29,3746.35,30.14
NIFTY100QUALITY30,Nifty100 Quality 30,Strategy / Thematic / Other,2022-05-31,2022-05-31,3651.9,28.5
NIFTY100QUALITY30,Nifty100 Quality 30,Strategy / Thematic / Other,2022-06-30,2022-06-30,3490.5,28.09
NIFTY100QUALITY30,Nifty100 Quality 30,Strategy / Thematic / Other,2022-07-31,2022-07-29,3860.35,30.7
NIFTY100QUALITY30,Nifty100 Quality 30,Strategy / Thematic / Other,2022-08-31,2022-08-30,3951,29.57
NIFTY100QUALITY30,Nifty100 Quality 30,Strategy / Thematic / Other,2022-09-30,2022-09-30,3846.6,27.78
NIFTY100QUALITY30,Nifty100 Quality 30,Strategy / Thematic / Other,2022-10-31,2022-10-31,3936.1,28.09
NIFTY100QUALITY30,Nifty100 Quality 30,Strategy / Thematic / Other,2022-11-30,2022-11-30,4031.35,27.86
NIFTY100QUALITY30,Nifty100 Quality 30,Strategy / Thematic / Other,2022-12-31,2022-12-30,3867.1,26.61
NIFTY100QUALITY30,Nifty100 Quality 30,Strategy / Thematic / Other,2023-01-31,2023-01-31,3852.3,25.97
NIFTY100QUALITY30,Nifty100 Quality 30,Strategy / Thematic / Other,2023-02-28,2023-02-28,3824.85,24.99
NIFTY100QUALITY30,Nifty100 Quality 30,Strategy / Thematic / Other,2023-03-31,2023-03-31,3816.15,24.92
NIFTY100QUALITY30,Nifty100 Quality 30,Strategy / Thematic / Other,2023-04-30,2023-04-28,3948.7,25.53
NIFTY100QUALITY30,Nifty100 Quality 30,Strategy / Thematic / Other,2023-05-31,2023-05-31,4182.8,26.97
NIFTY100QUALITY30,Nifty100 Quality 30,Strategy / Thematic / Other,2023-06-30,2023-06-30,4319.7,27.59
NIFTY100QUALITY30,Nifty100 Quality 30,Strategy / Thematic / Other,2023-07-31,2023-07-31,4368.55,27.85
NIFTY100QUALITY30,Nifty100 Quality 30,Strategy / Thematic / Other,2023-08-31,2023-08-31,4330.3,27.44
NIFTY100QUALITY30,Nifty100 Quality 30,Strategy / Thematic / Other,2023-09-30,2023-09-29,4432.85,28.04
NIFTY100QUALITY30,Nifty100 Quality 30,Strategy / Thematic / Other,2023-10-31,2023-10-31,4368,27.09
NIFTY100QUALITY30,Nifty100 Quality 30,Strategy / Thematic / Other,2023-11-30,2023-11-30,4673.4,28.35
NIFTY100QUALITY30,Nifty100 Quality 30,Strategy / Thematic / Other,2023-12-31,2023-12-29,5044.4,31.24
NIFTY100QUALITY30,Nifty100 Quality 30,Strategy / Thematic / Other,2024-01-31,2024-01-31,4997.2,30.63
NIFTY100QUALITY30,Nifty100 Quality 30,Strategy / Thematic / Other,2024-02-29,2024-02-29,5088.9,30.58
NIFTY100QUALITY30,Nifty100 Quality 30,Strategy / Thematic / Other,2024-03-31,2024-03-28,5112.25,30.72
NIFTY100QUALITY30,Nifty100 Quality 30,Strategy / Thematic / Other,2024-04-30,2024-04-30,5189.3,30.74
NIFTY100QUALITY30,Nifty100 Quality 30,Strategy / Thematic / Other,2024-05-31,2024-05-31,5352,30.96
NIFTY100QUALITY30,Nifty100 Quality 30,Strategy / Thematic / Other,2024-06-30,2024-06-28,5642.25,33.85
NIFTY100QUALITY30,Nifty100 Quality 30,Strategy / Thematic / Other,2024-07-31,2024-07-31,6000.45,35.4
NIFTY100QUALITY30,Nifty100 Quality 30,Strategy / Thematic / Other,2024-08-31,2024-08-30,6103.7,34.94
NIFTY100QUALITY30,Nifty100 Quality 30,Strategy / Thematic / Other,2024-09-30,2024-09-30,6267.7,35.89
NIFTY100QUALITY30,Nifty100 Quality 30,Strategy / Thematic / Other,2024-10-31,2024-10-31,5729.8,32.49
NIFTY100QUALITY30,Nifty100 Quality 30,Strategy / Thematic / Other,2024-11-30,2024-11-29,5716.1,32.51
NIFTY100QUALITY30,Nifty100 Quality 30,Strategy / Thematic / Other,2024-12-31,2024-12-31,5542.7,30.33
NIFTY100QUALITY30,Nifty100 Quality 30,Strategy / Thematic / Other,2025-01-31,2025-01-31,5525.95,29.99
NIFTY100QUALITY30,Nifty100 Quality 30,Strategy / Thematic / Other,2025-02-28,2025-02-28,4986.95,26.92
NIFTY100QUALITY30,Nifty100 Quality 30,Strategy / Thematic / Other,2025-03-31,2025-03-28,5229.8,28.24
NIFTY100QUALITY30,Nifty100 Quality 30,Strategy / Thematic / Other,2025-04-30,2025-04-30,5384.3,28.91
NIFTY100QUALITY30,Nifty100 Quality 30,Strategy / Thematic / Other,2025-05-31,2025-05-30,5549.75,29.46
NIFTY100QUALITY30,Nifty100 Quality 30,Strategy / Thematic / Other,2025-06-30,2025-06-30,5666.5,29.58
NIFTY100QUALITY30,Nifty100 Quality 30,Strategy / Thematic / Other,2025-07-31,2025-07-31,5506.3,28.64
NIFTY100QUALITY30,Nifty100 Quality 30,Strategy / Thematic / Other,2025-08-31,2025-08-29,5581,29
NIFTY100QUALITY30,Nifty100 Quality 30,Strategy / Thematic / Other,2025-09-30,2025-09-30,5567.55,28.94
NIFTY100QUALITY30,Nifty100 Quality 30,Strategy / Thematic / Other,2025-10-31,2025-10-31,5732.2,29.96
NIFTY100QUALITY30,Nifty100 Quality 30,Strategy / Thematic / Other,2025-11-30,2025-11-28,5830.45,30
NIFTY100QUALITY30,Nifty100 Quality 30,Strategy / Thematic / Other,2025-12-31,2025-12-31,5860.05,32.14
NIFTY100QUALITY30,Nifty100 Quality 30,Strategy / Thematic / Other,2026-01-31,2026-01-30,5806.6,31.83
NIFTY100QUALITY30,Nifty100 Quality 30,Strategy / Thematic / Other,2026-02-28,2026-02-27,5561.5,30.15
NIFTY100QUALITY30,Nifty100 Quality 30,Strategy / Thematic / Other,2026-03-31,2026-03-30,5033.1,27.28
NIFTY100QUALITY30,Nifty100 Quality 30,Strategy / Thematic / Other,2026-04-30,2026-04-30,5556.55,29.38
NIFTY100QUALITY30,Nifty100 Quality 30,Strategy / Thematic / Other,2026-05-31,2026-05-29,5522.95,28.95
NIFTY100QUALITY30,Nifty100 Quality 30,Strategy / Thematic / Other,2026-06-30,2026-06-30,5388.05,26.58
NIFTY100QUALITY30,Nifty100 Quality 30,Strategy / Thematic / Other,2026-07-31,2026-07-31,5674.2,27.33
NIFTY100QUALITY30,Nifty100 Quality 30,Strategy / Thematic / Other,2026-08-31,2026-08-31,5719.8,27.55
NIFTY1DRATEINDEX,NIFTY 1D Rate Index,Strategy / Thematic / Other,2021-04-30,2021-04-30,1944.48,
NIFTY1DRATEINDEX,NIFTY 1D Rate Index,Strategy / Thematic / Other,2021-05-31,2021-05-31,1949.88,
NIFTY1DRATEINDEX,NIFTY 1D Rate Index,Strategy / Thematic / Other,2021-06-30,2021-06-30,1955.1,
NIFTY1DRATEINDEX,NIFTY 1D Rate Index,Strategy / Thematic / Other,2021-07-31,2021-07-30,1960.28,
NIFTY1DRATEINDEX,NIFTY 1D Rate Index,Strategy / Thematic / Other,2021-08-31,2021-08-31,1965.65,
NIFTY1DRATEINDEX,NIFTY 1D Rate Index,Strategy / Thematic / Other,2021-09-30,2021-09-30,1970.82,
NIFTY1DRATEINDEX,NIFTY 1D Rate Index,Strategy / Thematic / Other,2021-10-31,2021-10-29,1975.9,
NIFTY1DRATEINDEX,NIFTY 1D Rate Index,Strategy / Thematic / Other,2021-11-30,2021-11-30,1981.78,
NIFTY1DRATEINDEX,NIFTY 1D Rate Index,Strategy / Thematic / Other,2021-12-31,2021-12-31,1987.55,
NIFTY1DRATEINDEX,NIFTY 1D Rate Index,Strategy / Thematic / Other,2022-01-31,2022-01-31,1993.61,
NIFTY1DRATEINDEX,NIFTY 1D Rate Index,Strategy / Thematic / Other,2022-02-28,2022-02-28,1998.73,
NIFTY1DRATEINDEX,NIFTY 1D Rate Index,Strategy / Thematic / Other,2022-03-31,2022-03-31,2004.51,
NIFTY1DRATEINDEX,NIFTY 1D Rate Index,Strategy / Thematic / Other,2022-04-30,2022-04-29,2010.25,
NIFTY1DRATEINDEX,NIFTY 1D Rate Index,Strategy / Thematic / Other,2022-05-31,2022-05-31,2017.42,
NIFTY1DRATEINDEX,NIFTY 1D Rate Index,Strategy / Thematic / Other,2022-06-30,2022-06-30,2024.92,
NIFTY1DRATEINDEX,NIFTY 1D Rate Index,Strategy / Thematic / Other,2022-07-31,2022-07-29,2032.76,
NIFTY1DRATEINDEX,NIFTY 1D Rate Index,Strategy / Thematic / Other,2022-08-31,2022-08-30,2041.88,
NIFTY1DRATEINDEX,NIFTY 1D Rate Index,Strategy / Thematic / Other,2022-09-30,2022-09-30,2051.25,
NIFTY1DRATEINDEX,NIFTY 1D Rate Index,Strategy / Thematic / Other,2022-10-31,2022-10-31,2061.75,
NIFTY1DRATEINDEX,NIFTY 1D Rate Index,Strategy / Thematic / Other,2022-11-30,2022-11-30,2071.65,
NIFTY1DRATEINDEX,NIFTY 1D Rate Index,Strategy / Thematic / Other,2022-12-31,2022-12-30,2082.09,
NIFTY1DRATEINDEX,NIFTY 1D Rate Index,Strategy / Thematic / Other,2023-01-31,2023-01-31,2093.43,
NIFTY1DRATEINDEX,NIFTY 1D Rate Index,Strategy / Thematic / Other,2023-02-28,2023-02-28,2103.68,
NIFTY1DRATEINDEX,NIFTY 1D Rate Index,Strategy / Thematic / Other,2023-03-31,2023-03-31,2115.26,
NIFTY1DRATEINDEX,NIFTY 1D Rate Index,Strategy / Thematic / Other,2023-04-30,2023-04-28,2125.85,
NIFTY1DRATEINDEX,NIFTY 1D Rate Index,Strategy / Thematic / Other,2023-05-31,2023-05-31,2138.46,
NIFTY1DRATEINDEX,NIFTY 1D Rate Index,Strategy / Thematic / Other,2023-06-30,2023-06-30,2149.88,
NIFTY1DRATEINDEX,NIFTY 1D Rate Index,Strategy / Thematic / Other,2023-07-31,2023-07-31,2161.62,
NIFTY1DRATEINDEX,NIFTY 1D Rate Index,Strategy / Thematic / Other,2023-08-31,2023-08-31,2173.67,
NIFTY1DRATEINDEX,NIFTY 1D Rate Index,Strategy / Thematic / Other,2023-09-30,2023-09-29,2185.21,
NIFTY1DRATEINDEX,NIFTY 1D Rate Index,Strategy / Thematic / Other,2023-10-31,2023-10-31,2198.2,
NIFTY1DRATEINDEX,NIFTY 1D Rate Index,Strategy / Thematic / Other,2023-11-30,2023-11-30,2210.46,
NIFTY1DRATEINDEX,NIFTY 1D Rate Index,Strategy / Thematic / Other,2023-12-31,2023-12-29,2222.34,
NIFTY1DRATEINDEX,NIFTY 1D Rate Index,Strategy / Thematic / Other,2024-01-31,2024-01-31,2235.92,
NIFTY1DRATEINDEX,NIFTY 1D Rate Index,Strategy / Thematic / Other,2024-02-29,2024-02-29,2247.59,
NIFTY1DRATEINDEX,NIFTY 1D Rate Index,Strategy / Thematic / Other,2024-03-31,2024-03-28,2258.95,
NIFTY1DRATEINDEX,NIFTY 1D Rate Index,Strategy / Thematic / Other,2024-04-30,2024-04-30,2272.42,
NIFTY1DRATEINDEX,NIFTY 1D Rate Index,Strategy / Thematic / Other,2024-05-31,2024-05-31,2285.11,
NIFTY1DRATEINDEX,NIFTY 1D Rate Index,Strategy / Thematic / Other,2024-06-30,2024-06-28,2296.63,
NIFTY1DRATEINDEX,NIFTY 1D Rate Index,Strategy / Thematic / Other,2024-07-31,2024-07-31,2310.03,
NIFTY1DRATEINDEX,NIFTY 1D Rate Index,Strategy / Thematic / Other,2024-08-31,2024-08-30,2322.12,
NIFTY1DRATEINDEX,NIFTY 1D Rate Index,Strategy / Thematic / Other,2024-09-30,2024-09-30,2334.87,
NIFTY1DRATEINDEX,NIFTY 1D Rate Index,Strategy / Thematic / Other,2024-10-31,2024-10-31,2347.47,
NIFTY1DRATEINDEX,NIFTY 1D Rate Index,Strategy / Thematic / Other,2024-11-30,2024-11-29,2359.46,
NIFTY1DRATEINDEX,NIFTY 1D Rate Index,Strategy / Thematic / Other,2024-12-31,2024-12-31,2373.14,
NIFTY1DRATEINDEX,NIFTY 1D Rate Index,Strategy / Thematic / Other,2025-01-31,2025-01-31,2386.3,
NIFTY1DRATEINDEX,NIFTY 1D Rate Index,Strategy / Thematic / Other,2025-02-28,2025-02-28,2397.81,
NIFTY1DRATEINDEX,NIFTY 1D Rate Index,Strategy / Thematic / Other,2025-03-31,2025-03-28,2409.22,
NIFTY1DRATEINDEX,NIFTY 1D Rate Index,Strategy / Thematic / Other,2025-04-30,2025-04-30,2422.14,
NIFTY1DRATEINDEX,NIFTY 1D Rate Index,Strategy / Thematic / Other,2025-05-31,2025-05-30,2433.59,
NIFTY1DRATEINDEX,NIFTY 1D Rate Index,Strategy / Thematic / Other,2025-06-30,2025-06-30,2444.64,
NIFTY1DRATEINDEX,NIFTY 1D Rate Index,Strategy / Thematic / Other,2025-07-31,2025-07-31,2455.67,
NIFTY1DRATEINDEX,NIFTY 1D Rate Index,Strategy / Thematic / Other,2025-08-31,2025-08-29,2466.19,
NIFTY1DRATEINDEX,NIFTY 1D Rate Index,Strategy / Thematic / Other,2025-09-30,2025-09-30,2477.83,
NIFTY1DRATEINDEX,NIFTY 1D Rate Index,Strategy / Thematic / Other,2025-10-31,2025-10-31,2489.23,
NIFTY1DRATEINDEX,NIFTY 1D Rate Index,Strategy / Thematic / Other,2025-11-30,2025-11-28,2499.31,
NIFTY1DRATEINDEX,NIFTY 1D Rate Index,Strategy / Thematic / Other,2025-12-31,2025-12-31,2511.06,
NIFTY1DRATEINDEX,NIFTY 1D Rate Index,Strategy / Thematic / Other,2026-01-31,2026-01-30,2521.79,
NIFTY1DRATEINDEX,NIFTY 1D Rate Index,Strategy / Thematic / Other,2026-02-28,2026-02-27,2530.94,
NIFTY1DRATEINDEX,NIFTY 1D Rate Index,Strategy / Thematic / Other,2026-03-31,2026-03-30,2541.9,
NIFTY1DRATEINDEX,NIFTY 1D Rate Index,Strategy / Thematic / Other,2026-04-30,2026-04-30,2552.75,
NIFTY1DRATEINDEX,NIFTY 1D Rate Index,Strategy / Thematic / Other,2026-05-31,2026-05-29,2563.21,
NIFTY1DRATEINDEX,NIFTY 1D Rate Index,Strategy / Thematic / Other,2026-06-30,2026-06-30,2574.96,
NIFTY1DRATEINDEX,NIFTY 1D Rate Index,Strategy / Thematic / Other,2026-07-31,2026-07-31,2586.28,
NIFTY1DRATEINDEX,NIFTY 1D Rate Index,Strategy / Thematic / Other,2026-08-31,2026-08-31,2597.34,
NIFTY200,NIFTY 200,Broad Market,2021-04-30,2021-04-30,7683.95,34.38
NIFTY200,NIFTY 200,Broad Market,2021-05-31,2021-05-31,8204.9,30.48
NIFTY200,NIFTY 200,Broad Market,2021-06-30,2021-06-30,8325.55,29.46
NIFTY200,NIFTY 200,Broad Market,2021-07-31,2021-07-30,8396.15,28.26
NIFTY200,NIFTY 200,Broad Market,2021-08-31,2021-08-31,9025.25,26.76
NIFTY200,NIFTY 200,Broad Market,2021-09-30,2021-09-30,9318.55,27.61
NIFTY200,NIFTY 200,Broad Market,2021-10-31,2021-10-29,9338.2,26.41
NIFTY200,NIFTY 200,Broad Market,2021-11-30,2021-11-30,9028.3,23.98
NIFTY200,NIFTY 200,Broad Market,2021-12-31,2021-12-31,9218.35,24.63
NIFTY200,NIFTY 200,Broad Market,2022-01-31,2022-01-31,9179.15,23.98
NIFTY200,NIFTY 200,Broad Market,2022-02-28,2022-02-28,8855.5,22.04
NIFTY200,NIFTY 200,Broad Market,2022-03-31,2022-03-31,9207,23.18
NIFTY200,NIFTY 200,Broad Market,2022-04-30,2022-04-29,9123.4,22.61
NIFTY200,NIFTY 200,Broad Market,2022-05-31,2022-05-31,8745.65,20.69
NIFTY200,NIFTY 200,Broad Market,2022-06-30,2022-06-30,8290.8,19.67
NIFTY200,NIFTY 200,Broad Market,2022-07-31,2022-07-29,9087.65,21.1
NIFTY200,NIFTY 200,Broad Market,2022-08-31,2022-08-30,9485.6,22.08
NIFTY200,NIFTY 200,Broad Market,2022-09-30,2022-09-30,9147.45,21.52
NIFTY200,NIFTY 200,Broad Market,2022-10-31,2022-10-31,9544.4,22.14
NIFTY200,NIFTY 200,Broad Market,2022-11-30,2022-11-30,9876.55,23.52
NIFTY200,NIFTY 200,Broad Market,2022-12-31,2022-12-30,9554.45,22.88
NIFTY200,NIFTY 200,Broad Market,2023-01-31,2023-01-31,9222.05,21.75
NIFTY200,NIFTY 200,Broad Market,2023-02-28,2023-02-28,8964.55,21.23
NIFTY200,NIFTY 200,Broad Market,2023-03-31,2023-03-31,9007.9,21.26
NIFTY200,NIFTY 200,Broad Market,2023-04-30,2023-04-28,9404,21.87
NIFTY200,NIFTY 200,Broad Market,2023-05-31,2023-05-31,9724.8,22.57
NIFTY200,NIFTY 200,Broad Market,2023-06-30,2023-06-30,10104.35,23.46
NIFTY200,NIFTY 200,Broad Market,2023-07-31,2023-07-31,10445.9,24.08
NIFTY200,NIFTY 200,Broad Market,2023-08-31,2023-08-31,10284.95,22.62
NIFTY200,NIFTY 200,Broad Market,2023-09-30,2023-09-29,10510.25,23.03
NIFTY200,NIFTY 200,Broad Market,2023-10-31,2023-10-31,10198.35,21.32
NIFTY200,NIFTY 200,Broad Market,2023-11-30,2023-11-30,10887.35,22.08
NIFTY200,NIFTY 200,Broad Market,2023-12-31,2023-12-29,11798.7,23.89
NIFTY200,NIFTY 200,Broad Market,2024-01-31,2024-01-31,11953.8,23.46
NIFTY200,NIFTY 200,Broad Market,2024-02-29,2024-02-29,12160.45,23.62
NIFTY200,NIFTY 200,Broad Market,2024-03-31,2024-03-28,12329.75,24.25
NIFTY200,NIFTY 200,Broad Market,2024-04-30,2024-04-30,12673.15,23.97
NIFTY200,NIFTY 200,Broad Market,2024-05-31,2024-05-31,12742.8,23.77
NIFTY200,NIFTY 200,Broad Market,2024-06-30,2024-06-28,13579.25,25.37
NIFTY200,NIFTY 200,Broad Market,2024-07-31,2024-07-31,14170.8,26.22
NIFTY200,NIFTY 200,Broad Market,2024-08-31,2024-08-30,14295.7,26.36
NIFTY200,NIFTY 200,Broad Market,2024-09-30,2024-09-30,14610.8,26.87
NIFTY200,NIFTY 200,Broad Market,2024-10-31,2024-10-31,13618.2,25.03
NIFTY200,NIFTY 200,Broad Market,2024-11-30,2024-11-29,13627,24.61
NIFTY200,NIFTY 200,Broad Market,2024-12-31,2024-12-31,13406.95,24.35
NIFTY200,NIFTY 200,Broad Market,2025-01-31,2025-01-31,13064.55,23.35
NIFTY200,NIFTY 200,Broad Market,2025-02-28,2025-02-28,12116.15,21.12
NIFTY200,NIFTY 200,Broad Market,2025-03-31,2025-03-28,12982.75,22.64
NIFTY200,NIFTY 200,Broad Market,2025-04-30,2025-04-30,13438.15,23.19
NIFTY200,NIFTY 200,Broad Market,2025-05-31,2025-05-30,13798.4,23.52
NIFTY200,NIFTY 200,Broad Market,2025-06-30,2025-06-30,14252.65,24.15
NIFTY200,NIFTY 200,Broad Market,2025-07-31,2025-07-31,13814,23.09
NIFTY200,NIFTY 200,Broad Market,2025-08-31,2025-08-29,13575.1,22.39
NIFTY200,NIFTY 200,Broad Market,2025-09-30,2025-09-30,13739.95,22.96
NIFTY200,NIFTY 200,Broad Market,2025-10-31,2025-10-31,14362.3,23.79
NIFTY200,NIFTY 200,Broad Market,2025-11-30,2025-11-28,14579.35,23.78
NIFTY200,NIFTY 200,Broad Market,2025-12-31,2025-12-31,14533.5,23.77
NIFTY200,NIFTY 200,Broad Market,2026-01-31,2026-01-30,14093.05,22.92
NIFTY200,NIFTY 200,Broad Market,2026-02-28,2026-02-27,14121.05,23.02
NIFTY200,NIFTY 200,Broad Market,2026-03-31,2026-03-30,12492.1,20.73
NIFTY200,NIFTY 200,Broad Market,2026-04-30,2026-04-30,13705.55,22.51
NIFTY200,NIFTY 200,Broad Market,2026-05-31,2026-05-29,13663.7,21.47
NIFTY200,NIFTY 200,Broad Market,2026-06-30,2026-06-30,13803.4,21.59
NIFTY200,NIFTY 200,Broad Market,2026-07-31,2026-07-31,14106.3,22.05
NIFTY200,NIFTY 200,Broad Market,2026-08-31,2026-08-31,14053.7,21.74
NIFTY200ALPHA30,Nifty200 Alpha 30,Strategy / Thematic / Other,2022-07-31,2022-07-29,12056.63,27.13
NIFTY200ALPHA30,Nifty200 Alpha 30,Strategy / Thematic / Other,2022-08-31,2022-08-30,13082.51,27.43
NIFTY200ALPHA30,Nifty200 Alpha 30,Strategy / Thematic / Other,2022-09-30,2022-09-30,13075.75,43.93
NIFTY200ALPHA30,Nifty200 Alpha 30,Strategy / Thematic / Other,2022-10-31,2022-10-31,13783.81,42.27
NIFTY200ALPHA30,Nifty200 Alpha 30,Strategy / Thematic / Other,2022-11-30,2022-11-30,13865.51,38.5
NIFTY200ALPHA30,Nifty200 Alpha 30,Strategy / Thematic / Other,2022-12-31,2022-12-30,13357.03,18.4
NIFTY200ALPHA30,Nifty200 Alpha 30,Strategy / Thematic / Other,2023-01-31,2023-01-31,12838.22,17.19
NIFTY200ALPHA30,Nifty200 Alpha 30,Strategy / Thematic / Other,2023-02-28,2023-02-28,12437.79,15.62
NIFTY200ALPHA30,Nifty200 Alpha 30,Strategy / Thematic / Other,2023-03-31,2023-03-31,12671.72,13.96
NIFTY200ALPHA30,Nifty200 Alpha 30,Strategy / Thematic / Other,2023-04-30,2023-04-28,13535.43,14.92
NIFTY200ALPHA30,Nifty200 Alpha 30,Strategy / Thematic / Other,2023-05-31,2023-05-31,14451.1,14.65
NIFTY200ALPHA30,Nifty200 Alpha 30,Strategy / Thematic / Other,2023-06-30,2023-06-30,15489.39,15.01
NIFTY200ALPHA30,Nifty200 Alpha 30,Strategy / Thematic / Other,2023-07-31,2023-07-31,16432.44,15.51
NIFTY200ALPHA30,Nifty200 Alpha 30,Strategy / Thematic / Other,2023-08-31,2023-08-31,16524.17,14.78
NIFTY200ALPHA30,Nifty200 Alpha 30,Strategy / Thematic / Other,2023-09-30,2023-09-29,17532.28,17.63
NIFTY200ALPHA30,Nifty200 Alpha 30,Strategy / Thematic / Other,2023-10-31,2023-10-31,16663.71,16.34
NIFTY200ALPHA30,Nifty200 Alpha 30,Strategy / Thematic / Other,2023-11-30,2023-11-30,18973.16,17.46
NIFTY200ALPHA30,Nifty200 Alpha 30,Strategy / Thematic / Other,2023-12-31,2023-12-29,20858.57,36.69
NIFTY200ALPHA30,Nifty200 Alpha 30,Strategy / Thematic / Other,2024-01-31,2024-01-31,22002.95,34.16
NIFTY200ALPHA30,Nifty200 Alpha 30,Strategy / Thematic / Other,2024-02-29,2024-02-29,22751.15,32.83
NIFTY200ALPHA30,Nifty200 Alpha 30,Strategy / Thematic / Other,2024-03-31,2024-03-28,23238.6,21.8
NIFTY200ALPHA30,Nifty200 Alpha 30,Strategy / Thematic / Other,2024-04-30,2024-04-30,24538.4,22.83
NIFTY200ALPHA30,Nifty200 Alpha 30,Strategy / Thematic / Other,2024-05-31,2024-05-31,25716.65,21.77
NIFTY200ALPHA30,Nifty200 Alpha 30,Strategy / Thematic / Other,2024-06-30,2024-06-28,27316.75,24.9
NIFTY200ALPHA30,Nifty200 Alpha 30,Strategy / Thematic / Other,2024-07-31,2024-07-31,29076.5,27.13
NIFTY200ALPHA30,Nifty200 Alpha 30,Strategy / Thematic / Other,2024-08-31,2024-08-30,29397,26.51
NIFTY200ALPHA30,Nifty200 Alpha 30,Strategy / Thematic / Other,2024-09-30,2024-09-30,28784.65,25.93
NIFTY200ALPHA30,Nifty200 Alpha 30,Strategy / Thematic / Other,2024-10-31,2024-10-31,26208.05,25.68
NIFTY200ALPHA30,Nifty200 Alpha 30,Strategy / Thematic / Other,2024-11-30,2024-11-29,26319.5,25.31
NIFTY200ALPHA30,Nifty200 Alpha 30,Strategy / Thematic / Other,2024-12-31,2024-12-31,26392.2,36.57
NIFTY200ALPHA30,Nifty200 Alpha 30,Strategy / Thematic / Other,2025-01-31,2025-01-31,23395.4,30.92
NIFTY200ALPHA30,Nifty200 Alpha 30,Strategy / Thematic / Other,2025-02-28,2025-02-28,20593,26.81
NIFTY200ALPHA30,Nifty200 Alpha 30,Strategy / Thematic / Other,2025-03-31,2025-03-28,22367.15,36.57
NIFTY200ALPHA30,Nifty200 Alpha 30,Strategy / Thematic / Other,2025-04-30,2025-04-30,23278.5,37.92
NIFTY200ALPHA30,Nifty200 Alpha 30,Strategy / Thematic / Other,2025-05-31,2025-05-30,24333.45,34.38
NIFTY200ALPHA30,Nifty200 Alpha 30,Strategy / Thematic / Other,2025-06-30,2025-06-30,25918.55,62.45
NIFTY200ALPHA30,Nifty200 Alpha 30,Strategy / Thematic / Other,2025-07-31,2025-07-31,24879.45,56.2
NIFTY200ALPHA30,Nifty200 Alpha 30,Strategy / Thematic / Other,2025-08-31,2025-08-29,24381.25,53.28
NIFTY200ALPHA30,Nifty200 Alpha 30,Strategy / Thematic / Other,2025-09-30,2025-09-30,24068,42.73
NIFTY200ALPHA30,Nifty200 Alpha 30,Strategy / Thematic / Other,2025-10-31,2025-10-31,25279.65,43.93
NIFTY200ALPHA30,Nifty200 Alpha 30,Strategy / Thematic / Other,2025-11-30,2025-11-28,25904.95,43.77
NIFTY200ALPHA30,Nifty200 Alpha 30,Strategy / Thematic / Other,2025-12-31,2025-12-31,24985.65,29.22
NIFTY200ALPHA30,Nifty200 Alpha 30,Strategy / Thematic / Other,2026-01-31,2026-01-30,24404.2,28.46
NIFTY200ALPHA30,Nifty200 Alpha 30,Strategy / Thematic / Other,2026-02-28,2026-02-27,25477.1,28.77
NIFTY200ALPHA30,Nifty200 Alpha 30,Strategy / Thematic / Other,2026-03-31,2026-03-30,22065.75,20.72
NIFTY200ALPHA30,Nifty200 Alpha 30,Strategy / Thematic / Other,2026-04-30,2026-04-30,25013.2,23.28
NIFTY200ALPHA30,Nifty200 Alpha 30,Strategy / Thematic / Other,2026-05-31,2026-05-29,26014.95,23.7
NIFTY200ALPHA30,Nifty200 Alpha 30,Strategy / Thematic / Other,2026-06-30,2026-06-30,26253.8,22.07
NIFTY200ALPHA30,Nifty200 Alpha 30,Strategy / Thematic / Other,2026-07-31,2026-07-31,26220.65,21.23
NIFTY200ALPHA30,Nifty200 Alpha 30,Strategy / Thematic / Other,2026-08-31,2026-08-31,27179.5,20.67
NIFTY200MOMENTUM30,Nifty200 Momentum 30,Strategy / Thematic / Other,2021-04-30,2021-04-30,16351.85,45.03
NIFTY200MOMENTUM30,Nifty200 Momentum 30,Strategy / Thematic / Other,2021-05-31,2021-05-31,17124.4,34.42
NIFTY200MOMENTUM30,Nifty200 Momentum 30,Strategy / Thematic / Other,2021-06-30,2021-06-30,17842.65,25.89
NIFTY200MOMENTUM30,Nifty200 Momentum 30,Strategy / Thematic / Other,2021-07-31,2021-07-30,18737.05,23.63
NIFTY200MOMENTUM30,Nifty200 Momentum 30,Strategy / Thematic / Other,2021-08-31,2021-08-31,19420.55,18.07
NIFTY200MOMENTUM30,Nifty200 Momentum 30,Strategy / Thematic / Other,2021-09-30,2021-09-30,19793.4,18.36
NIFTY200MOMENTUM30,Nifty200 Momentum 30,Strategy / Thematic / Other,2021-10-31,2021-10-29,20399.3,18.35
NIFTY200MOMENTUM30,Nifty200 Momentum 30,Strategy / Thematic / Other,2021-11-30,2021-11-30,19942.7,15.23
NIFTY200MOMENTUM30,Nifty200 Momentum 30,Strategy / Thematic / Other,2021-12-31,2021-12-31,20774.7,38.56
NIFTY200MOMENTUM30,Nifty200 Momentum 30,Strategy / Thematic / Other,2022-01-31,2022-01-31,19897.25,36.43
NIFTY200MOMENTUM30,Nifty200 Momentum 30,Strategy / Thematic / Other,2022-02-28,2022-02-28,19335.2,33.34
NIFTY200MOMENTUM30,Nifty200 Momentum 30,Strategy / Thematic / Other,2022-03-31,2022-03-31,20314.7,35.01
NIFTY200MOMENTUM30,Nifty200 Momentum 30,Strategy / Thematic / Other,2022-04-30,2022-04-29,19443.35,33.28
NIFTY200MOMENTUM30,Nifty200 Momentum 30,Strategy / Thematic / Other,2022-05-31,2022-05-31,17969.65,27.19
NIFTY200MOMENTUM30,Nifty200 Momentum 30,Strategy / Thematic / Other,2022-06-30,2022-06-30,16361.5,19.2
NIFTY200MOMENTUM30,Nifty200 Momentum 30,Strategy / Thematic / Other,2022-07-31,2022-07-29,17906.9,20.68
NIFTY200MOMENTUM30,Nifty200 Momentum 30,Strategy / Thematic / Other,2022-08-31,2022-08-30,19405.55,20.33
NIFTY200MOMENTUM30,Nifty200 Momentum 30,Strategy / Thematic / Other,2022-09-30,2022-09-30,19130.55,20.05
NIFTY200MOMENTUM30,Nifty200 Momentum 30,Strategy / Thematic / Other,2022-10-31,2022-10-31,20019.85,20.83
NIFTY200MOMENTUM30,Nifty200 Momentum 30,Strategy / Thematic / Other,2022-11-30,2022-11-30,20264.3,20.66
NIFTY200MOMENTUM30,Nifty200 Momentum 30,Strategy / Thematic / Other,2022-12-31,2022-12-30,19444.95,18.91
NIFTY200MOMENTUM30,Nifty200 Momentum 30,Strategy / Thematic / Other,2023-01-31,2023-01-31,18610.65,17.58
NIFTY200MOMENTUM30,Nifty200 Momentum 30,Strategy / Thematic / Other,2023-02-28,2023-02-28,17890.95,15.8
NIFTY200MOMENTUM30,Nifty200 Momentum 30,Strategy / Thematic / Other,2023-03-31,2023-03-31,18257.05,16.12
NIFTY200MOMENTUM30,Nifty200 Momentum 30,Strategy / Thematic / Other,2023-04-30,2023-04-28,19315.75,17.02
NIFTY200MOMENTUM30,Nifty200 Momentum 30,Strategy / Thematic / Other,2023-05-31,2023-05-31,20459.9,17.06
NIFTY200MOMENTUM30,Nifty200 Momentum 30,Strategy / Thematic / Other,2023-06-30,2023-06-30,21312.9,18.7
NIFTY200MOMENTUM30,Nifty200 Momentum 30,Strategy / Thematic / Other,2023-07-31,2023-07-31,22275.85,19.19
NIFTY200MOMENTUM30,Nifty200 Momentum 30,Strategy / Thematic / Other,2023-08-31,2023-08-31,22211.65,17.56
NIFTY200MOMENTUM30,Nifty200 Momentum 30,Strategy / Thematic / Other,2023-09-30,2023-09-29,23231.25,18.38
NIFTY200MOMENTUM30,Nifty200 Momentum 30,Strategy / Thematic / Other,2023-10-31,2023-10-31,22381.7,17.45
NIFTY200MOMENTUM30,Nifty200 Momentum 30,Strategy / Thematic / Other,2023-11-30,2023-11-30,25061.65,18.4
NIFTY200MOMENTUM30,Nifty200 Momentum 30,Strategy / Thematic / Other,2023-12-31,2023-12-29,27352.7,20.81
NIFTY200MOMENTUM30,Nifty200 Momentum 30,Strategy / Thematic / Other,2024-01-31,2024-01-31,29048.5,21.45
NIFTY200MOMENTUM30,Nifty200 Momentum 30,Strategy / Thematic / Other,2024-02-29,2024-02-29,29990.8,20.9
NIFTY200MOMENTUM30,Nifty200 Momentum 30,Strategy / Thematic / Other,2024-03-31,2024-03-28,30781.15,21.45
NIFTY200MOMENTUM30,Nifty200 Momentum 30,Strategy / Thematic / Other,2024-04-30,2024-04-30,32577.95,22.65
NIFTY200MOMENTUM30,Nifty200 Momentum 30,Strategy / Thematic / Other,2024-05-31,2024-05-31,34162.8,21.35
NIFTY200MOMENTUM30,Nifty200 Momentum 30,Strategy / Thematic / Other,2024-06-30,2024-06-28,35298.95,24.36
NIFTY200MOMENTUM30,Nifty200 Momentum 30,Strategy / Thematic / Other,2024-07-31,2024-07-31,37012.75,25.11
NIFTY200MOMENTUM30,Nifty200 Momentum 30,Strategy / Thematic / Other,2024-08-31,2024-08-30,37102.65,24
NIFTY200MOMENTUM30,Nifty200 Momentum 30,Strategy / Thematic / Other,2024-09-30,2024-09-30,37588.9,24.29
NIFTY200MOMENTUM30,Nifty200 Momentum 30,Strategy / Thematic / Other,2024-10-31,2024-10-31,34516.1,21.82
NIFTY200MOMENTUM30,Nifty200 Momentum 30,Strategy / Thematic / Other,2024-11-30,2024-11-29,34248.85,20.75
NIFTY200MOMENTUM30,Nifty200 Momentum 30,Strategy / Thematic / Other,2024-12-31,2024-12-31,32825,48.99
NIFTY200MOMENTUM30,Nifty200 Momentum 30,Strategy / Thematic / Other,2025-01-31,2025-01-31,29528.55,43.41
NIFTY200MOMENTUM30,Nifty200 Momentum 30,Strategy / Thematic / Other,2025-02-28,2025-02-28,26676.7,36.78
NIFTY200MOMENTUM30,Nifty200 Momentum 30,Strategy / Thematic / Other,2025-03-31,2025-03-28,28166.9,38.84
NIFTY200MOMENTUM30,Nifty200 Momentum 30,Strategy / Thematic / Other,2025-04-30,2025-04-30,29270.6,40.07
NIFTY200MOMENTUM30,Nifty200 Momentum 30,Strategy / Thematic / Other,2025-05-31,2025-05-30,30506.1,39.08
NIFTY200MOMENTUM30,Nifty200 Momentum 30,Strategy / Thematic / Other,2025-06-30,2025-06-30,31901.15,42.05
NIFTY200MOMENTUM30,Nifty200 Momentum 30,Strategy / Thematic / Other,2025-07-31,2025-07-31,30226.65,39.07
NIFTY200MOMENTUM30,Nifty200 Momentum 30,Strategy / Thematic / Other,2025-08-31,2025-08-29,29637.3,37.7
NIFTY200MOMENTUM30,Nifty200 Momentum 30,Strategy / Thematic / Other,2025-09-30,2025-09-30,29844.65,37.98
NIFTY200MOMENTUM30,Nifty200 Momentum 30,Strategy / Thematic / Other,2025-10-31,2025-10-31,31443.35,39.4
NIFTY200MOMENTUM30,Nifty200 Momentum 30,Strategy / Thematic / Other,2025-11-30,2025-11-28,32145.85,40.22
NIFTY200MOMENTUM30,Nifty200 Momentum 30,Strategy / Thematic / Other,2025-12-31,2025-12-31,31147.55,26.59
NIFTY200MOMENTUM30,Nifty200 Momentum 30,Strategy / Thematic / Other,2026-01-31,2026-01-30,30327.15,26.1
NIFTY200MOMENTUM30,Nifty200 Momentum 30,Strategy / Thematic / Other,2026-02-28,2026-02-27,31360.95,26.81
NIFTY200MOMENTUM30,Nifty200 Momentum 30,Strategy / Thematic / Other,2026-03-31,2026-03-30,27071.65,23.21
NIFTY200MOMENTUM30,Nifty200 Momentum 30,Strategy / Thematic / Other,2026-04-30,2026-04-30,30157.9,25.95
NIFTY200MOMENTUM30,Nifty200 Momentum 30,Strategy / Thematic / Other,2026-05-31,2026-05-29,30460.8,25.87
NIFTY200MOMENTUM30,Nifty200 Momentum 30,Strategy / Thematic / Other,2026-06-30,2026-06-30,30912.9,26.62
NIFTY200MOMENTUM30,Nifty200 Momentum 30,Strategy / Thematic / Other,2026-07-31,2026-07-31,30600.95,25.41
NIFTY200MOMENTUM30,Nifty200 Momentum 30,Strategy / Thematic / Other,2026-08-31,2026-08-31,31351.75,24.63
NIFTY200QUALITY30,Nifty200 Quality 30,Strategy / Thematic / Other,2021-04-30,2021-04-30,12108.8,31.15
NIFTY200QUALITY30,Nifty200 Quality 30,Strategy / Thematic / Other,2021-05-31,2021-05-31,13063.1,32.44
NIFTY200QUALITY30,Nifty200 Quality 30,Strategy / Thematic / Other,2021-06-30,2021-06-30,13433.05,31.16
NIFTY200QUALITY30,Nifty200 Quality 30,Strategy / Thematic / Other,2021-07-31,2021-07-30,13745.75,30.79
NIFTY200QUALITY30,Nifty200 Quality 30,Strategy / Thematic / Other,2021-08-31,2021-08-31,14606.2,31.29
NIFTY200QUALITY30,Nifty200 Quality 30,Strategy / Thematic / Other,2021-09-30,2021-09-30,15076.2,32.31
NIFTY200QUALITY30,Nifty200 Quality 30,Strategy / Thematic / Other,2021-10-31,2021-10-29,14665.8,30.72
NIFTY200QUALITY30,Nifty200 Quality 30,Strategy / Thematic / Other,2021-11-30,2021-11-30,14478.7,30.2
NIFTY200QUALITY30,Nifty200 Quality 30,Strategy / Thematic / Other,2021-12-31,2021-12-31,15166,31.73
NIFTY200QUALITY30,Nifty200 Quality 30,Strategy / Thematic / Other,2022-01-31,2022-01-31,14298.85,29.96
NIFTY200QUALITY30,Nifty200 Quality 30,Strategy / Thematic / Other,2022-02-28,2022-02-28,14042.5,29.04
NIFTY200QUALITY30,Nifty200 Quality 30,Strategy / Thematic / Other,2022-03-31,2022-03-31,14361.55,29.69
NIFTY200QUALITY30,Nifty200 Quality 30,Strategy / Thematic / Other,2022-04-30,2022-04-29,14235.6,28.96
NIFTY200QUALITY30,Nifty200 Quality 30,Strategy / Thematic / Other,2022-05-31,2022-05-31,13794.7,27.27
NIFTY200QUALITY30,Nifty200 Quality 30,Strategy / Thematic / Other,2022-06-30,2022-06-30,13077.95,27.04
NIFTY200QUALITY30,Nifty200 Quality 30,Strategy / Thematic / Other,2022-07-31,2022-07-29,14420.9,29.55
NIFTY200QUALITY30,Nifty200 Quality 30,Strategy / Thematic / Other,2022-08-31,2022-08-30,14792.25,28.25
NIFTY200QUALITY30,Nifty200 Quality 30,Strategy / Thematic / Other,2022-09-30,2022-09-30,14337.4,26.56
NIFTY200QUALITY30,Nifty200 Quality 30,Strategy / Thematic / Other,2022-10-31,2022-10-31,14532.9,26.8
NIFTY200QUALITY30,Nifty200 Quality 30,Strategy / Thematic / Other,2022-11-30,2022-11-30,14912.85,26.72
NIFTY200QUALITY30,Nifty200 Quality 30,Strategy / Thematic / Other,2022-12-31,2022-12-30,14208.25,25.73
NIFTY200QUALITY30,Nifty200 Quality 30,Strategy / Thematic / Other,2023-01-31,2023-01-31,14110.95,25.33
NIFTY200QUALITY30,Nifty200 Quality 30,Strategy / Thematic / Other,2023-02-28,2023-02-28,14025.55,24.35
NIFTY200QUALITY30,Nifty200 Quality 30,Strategy / Thematic / Other,2023-03-31,2023-03-31,14014.15,24.3
NIFTY200QUALITY30,Nifty200 Quality 30,Strategy / Thematic / Other,2023-04-30,2023-04-28,14596.3,25.14
NIFTY200QUALITY30,Nifty200 Quality 30,Strategy / Thematic / Other,2023-05-31,2023-05-31,15285.35,26.49
NIFTY200QUALITY30,Nifty200 Quality 30,Strategy / Thematic / Other,2023-06-30,2023-06-30,15648.8,26.69
NIFTY200QUALITY30,Nifty200 Quality 30,Strategy / Thematic / Other,2023-07-31,2023-07-31,15980.5,26.79
NIFTY200QUALITY30,Nifty200 Quality 30,Strategy / Thematic / Other,2023-08-31,2023-08-31,15929.5,26.76
NIFTY200QUALITY30,Nifty200 Quality 30,Strategy / Thematic / Other,2023-09-30,2023-09-29,16391.8,27.54
NIFTY200QUALITY30,Nifty200 Quality 30,Strategy / Thematic / Other,2023-10-31,2023-10-31,16114.9,26.86
NIFTY200QUALITY30,Nifty200 Quality 30,Strategy / Thematic / Other,2023-11-30,2023-11-30,17185.2,28.06
NIFTY200QUALITY30,Nifty200 Quality 30,Strategy / Thematic / Other,2023-12-31,2023-12-29,18453.1,32.97
NIFTY200QUALITY30,Nifty200 Quality 30,Strategy / Thematic / Other,2024-01-31,2024-01-31,18503.25,32.69
NIFTY200QUALITY30,Nifty200 Quality 30,Strategy / Thematic / Other,2024-02-29,2024-02-29,18668.55,32.68
NIFTY200QUALITY30,Nifty200 Quality 30,Strategy / Thematic / Other,2024-03-31,2024-03-28,18598.05,32.57
NIFTY200QUALITY30,Nifty200 Quality 30,Strategy / Thematic / Other,2024-04-30,2024-04-30,18755.95,32.63
NIFTY200QUALITY30,Nifty200 Quality 30,Strategy / Thematic / Other,2024-05-31,2024-05-31,19451,32.51
NIFTY200QUALITY30,Nifty200 Quality 30,Strategy / Thematic / Other,2024-06-30,2024-06-28,20682.5,35.08
NIFTY200QUALITY30,Nifty200 Quality 30,Strategy / Thematic / Other,2024-07-31,2024-07-31,22273,37.25
NIFTY200QUALITY30,Nifty200 Quality 30,Strategy / Thematic / Other,2024-08-31,2024-08-30,22807.2,37.18
NIFTY200QUALITY30,Nifty200 Quality 30,Strategy / Thematic / Other,2024-09-30,2024-09-30,23336.15,38.05
NIFTY200QUALITY30,Nifty200 Quality 30,Strategy / Thematic / Other,2024-10-31,2024-10-31,21303.7,34.41
NIFTY200QUALITY30,Nifty200 Quality 30,Strategy / Thematic / Other,2024-11-30,2024-11-29,21263.25,34.31
NIFTY200QUALITY30,Nifty200 Quality 30,Strategy / Thematic / Other,2024-12-31,2024-12-31,20799.2,30.56
NIFTY200QUALITY30,Nifty200 Quality 30,Strategy / Thematic / Other,2025-01-31,2025-01-31,20475.05,29.93
NIFTY200QUALITY30,Nifty200 Quality 30,Strategy / Thematic / Other,2025-02-28,2025-02-28,18158.8,26.45
NIFTY200QUALITY30,Nifty200 Quality 30,Strategy / Thematic / Other,2025-03-31,2025-03-28,19187.1,27.95
NIFTY200QUALITY30,Nifty200 Quality 30,Strategy / Thematic / Other,2025-04-30,2025-04-30,19791.95,28.74
NIFTY200QUALITY30,Nifty200 Quality 30,Strategy / Thematic / Other,2025-05-31,2025-05-30,20532.1,29.65
NIFTY200QUALITY30,Nifty200 Quality 30,Strategy / Thematic / Other,2025-06-30,2025-06-30,21025.4,29.56
NIFTY200QUALITY30,Nifty200 Quality 30,Strategy / Thematic / Other,2025-07-31,2025-07-31,20203.55,28.33
NIFTY200QUALITY30,Nifty200 Quality 30,Strategy / Thematic / Other,2025-08-31,2025-08-29,20377.05,27.99
NIFTY200QUALITY30,Nifty200 Quality 30,Strategy / Thematic / Other,2025-09-30,2025-09-30,20338.8,27.94
NIFTY200QUALITY30,Nifty200 Quality 30,Strategy / Thematic / Other,2025-10-31,2025-10-31,21091.25,29.16
NIFTY200QUALITY30,Nifty200 Quality 30,Strategy / Thematic / Other,2025-11-30,2025-11-28,21332.4,28.48
NIFTY200QUALITY30,Nifty200 Quality 30,Strategy / Thematic / Other,2025-12-31,2025-12-31,21410.85,33.02
NIFTY200QUALITY30,Nifty200 Quality 30,Strategy / Thematic / Other,2026-01-31,2026-01-30,21005.25,32.29
NIFTY200QUALITY30,Nifty200 Quality 30,Strategy / Thematic / Other,2026-02-28,2026-02-27,20146.8,30.9
NIFTY200QUALITY30,Nifty200 Quality 30,Strategy / Thematic / Other,2026-03-31,2026-03-30,18207,27.93
NIFTY200QUALITY30,Nifty200 Quality 30,Strategy / Thematic / Other,2026-04-30,2026-04-30,20153.9,30.06
NIFTY200QUALITY30,Nifty200 Quality 30,Strategy / Thematic / Other,2026-05-31,2026-05-29,20112,29.48
NIFTY200QUALITY30,Nifty200 Quality 30,Strategy / Thematic / Other,2026-06-30,2026-06-30,19561.4,27.55
NIFTY200QUALITY30,Nifty200 Quality 30,Strategy / Thematic / Other,2026-07-31,2026-07-31,20613.65,28.17
NIFTY200QUALITY30,Nifty200 Quality 30,Strategy / Thematic / Other,2026-08-31,2026-08-31,20579.35,27.89
NIFTY200VALUE30,Nifty200 Value 30,Strategy / Thematic / Other,2024-06-30,2024-06-28,13443.75,11.15
NIFTY200VALUE30,Nifty200 Value 30,Strategy / Thematic / Other,2024-07-31,2024-07-31,14325.58,12.51
NIFTY200VALUE30,Nifty200 Value 30,Strategy / Thematic / Other,2024-08-31,2024-08-30,14225.24,12.71
NIFTY200VALUE30,Nifty200 Value 30,Strategy / Thematic / Other,2024-09-30,2024-09-30,14421.6,12.86
NIFTY200VALUE30,Nifty200 Value 30,Strategy / Thematic / Other,2024-10-31,2024-10-31,13111.49,12.7
NIFTY200VALUE30,Nifty200 Value 30,Strategy / Thematic / Other,2024-11-30,2024-11-29,12981.63,12.04
NIFTY200VALUE30,Nifty200 Value 30,Strategy / Thematic / Other,2024-12-31,2024-12-31,12416.15,10.11
NIFTY200VALUE30,Nifty200 Value 30,Strategy / Thematic / Other,2025-01-31,2025-01-31,12022.55,9.77
NIFTY200VALUE30,Nifty200 Value 30,Strategy / Thematic / Other,2025-02-28,2025-02-28,11022.55,8.62
NIFTY200VALUE30,Nifty200 Value 30,Strategy / Thematic / Other,2025-03-31,2025-03-28,12398.7,9.7
NIFTY200VALUE30,Nifty200 Value 30,Strategy / Thematic / Other,2025-04-30,2025-04-30,12489.2,9.77
NIFTY200VALUE30,Nifty200 Value 30,Strategy / Thematic / Other,2025-05-31,2025-05-30,12803.55,9.58
NIFTY200VALUE30,Nifty200 Value 30,Strategy / Thematic / Other,2025-06-30,2025-06-30,13310.75,9.93
NIFTY200VALUE30,Nifty200 Value 30,Strategy / Thematic / Other,2025-07-31,2025-07-31,12814.7,9.66
NIFTY200VALUE30,Nifty200 Value 30,Strategy / Thematic / Other,2025-08-31,2025-08-29,12405.55,8.89
NIFTY200VALUE30,Nifty200 Value 30,Strategy / Thematic / Other,2025-09-30,2025-09-30,13283.9,9.54
NIFTY200VALUE30,Nifty200 Value 30,Strategy / Thematic / Other,2025-10-31,2025-10-31,14141.15,9.89
NIFTY200VALUE30,Nifty200 Value 30,Strategy / Thematic / Other,2025-11-30,2025-11-28,14112.2,9.61
NIFTY200VALUE30,Nifty200 Value 30,Strategy / Thematic / Other,2025-12-31,2025-12-31,14708.9,9.63
NIFTY200VALUE30,Nifty200 Value 30,Strategy / Thematic / Other,2026-01-31,2026-01-30,15205.6,9.84
NIFTY200VALUE30,Nifty200 Value 30,Strategy / Thematic / Other,2026-02-28,2026-02-27,16116.65,10.48
NIFTY200VALUE30,Nifty200 Value 30,Strategy / Thematic / Other,2026-03-31,2026-03-30,14041.3,9.13
NIFTY200VALUE30,Nifty200 Value 30,Strategy / Thematic / Other,2026-04-30,2026-04-30,15509.35,9.99
NIFTY200VALUE30,Nifty200 Value 30,Strategy / Thematic / Other,2026-05-31,2026-05-29,15471.95,9.74
NIFTY200VALUE30,Nifty200 Value 30,Strategy / Thematic / Other,2026-06-30,2026-06-30,15117.25,8.71
NIFTY200VALUE30,Nifty200 Value 30,Strategy / Thematic / Other,2026-07-31,2026-07-31,15131.2,9.37
NIFTY200VALUE30,Nifty200 Value 30,Strategy / Thematic / Other,2026-08-31,2026-08-31,14816.5,9.3
NIFTY50,NIFTY 50,Broad Market,2021-04-30,2021-04-30,14631.1,32.21
NIFTY50,NIFTY 50,Broad Market,2021-05-31,2021-05-31,15582.8,29.22
NIFTY50,NIFTY 50,Broad Market,2021-06-30,2021-06-30,15721.5,28.33
NIFTY50,NIFTY 50,Broad Market,2021-07-31,2021-07-30,15763.05,27.01
NIFTY50,NIFTY 50,Broad Market,2021-08-31,2021-08-31,17132.2,26.25
NIFTY50,NIFTY 50,Broad Market,2021-09-30,2021-09-30,17618.15,26.98
NIFTY50,NIFTY 50,Broad Market,2021-10-31,2021-10-29,17671.65,25.71
NIFTY50,NIFTY 50,Broad Market,2021-11-30,2021-11-30,16983.2,23.43
NIFTY50,NIFTY 50,Broad Market,2021-12-31,2021-12-31,17354.05,24.11
NIFTY50,NIFTY 50,Broad Market,2022-01-31,2022-01-31,17339.85,23.42
NIFTY50,NIFTY 50,Broad Market,2022-02-28,2022-02-28,16793.9,21.59
NIFTY50,NIFTY 50,Broad Market,2022-03-31,2022-03-31,17464.75,22.92
NIFTY50,NIFTY 50,Broad Market,2022-04-30,2022-04-29,17102.55,22.01
NIFTY50,NIFTY 50,Broad Market,2022-05-31,2022-05-31,16584.55,20.44
NIFTY50,NIFTY 50,Broad Market,2022-06-30,2022-06-30,15780.25,19.5
NIFTY50,NIFTY 50,Broad Market,2022-07-31,2022-07-29,17158.25,20.73
NIFTY50,NIFTY 50,Broad Market,2022-08-31,2022-08-30,17759.3,21.2
NIFTY50,NIFTY 50,Broad Market,2022-09-30,2022-09-30,17094.35,20.64
NIFTY50,NIFTY 50,Broad Market,2022-10-31,2022-10-31,18012.2,21.42
NIFTY50,NIFTY 50,Broad Market,2022-11-30,2022-11-30,18758.35,22.54
NIFTY50,NIFTY 50,Broad Market,2022-12-31,2022-12-30,18105.3,21.79
NIFTY50,NIFTY 50,Broad Market,2023-01-31,2023-01-31,17662.15,20.73
NIFTY50,NIFTY 50,Broad Market,2023-02-28,2023-02-28,17303.95,20.39
NIFTY50,NIFTY 50,Broad Market,2023-03-31,2023-03-31,17359.75,20.44
NIFTY50,NIFTY 50,Broad Market,2023-04-30,2023-04-28,18065,20.87
NIFTY50,NIFTY 50,Broad Market,2023-05-31,2023-05-31,18534.4,21.59
NIFTY50,NIFTY 50,Broad Market,2023-06-30,2023-06-30,19189.05,22.36
NIFTY50,NIFTY 50,Broad Market,2023-07-31,2023-07-31,19753.8,23.01
NIFTY50,NIFTY 50,Broad Market,2023-08-31,2023-08-31,19253.8,21.97
NIFTY50,NIFTY 50,Broad Market,2023-09-30,2023-09-29,19638.3,22.21
NIFTY50,NIFTY 50,Broad Market,2023-10-31,2023-10-31,19079.6,20.45
NIFTY50,NIFTY 50,Broad Market,2023-11-30,2023-11-30,20133.15,21.52
NIFTY50,NIFTY 50,Broad Market,2023-12-31,2023-12-29,21731.4,23.17
NIFTY50,NIFTY 50,Broad Market,2024-01-31,2024-01-31,21725.7,22.46
NIFTY50,NIFTY 50,Broad Market,2024-02-29,2024-02-29,21982.8,22.7
NIFTY50,NIFTY 50,Broad Market,2024-03-31,2024-03-28,22326.9,22.88
NIFTY50,NIFTY 50,Broad Market,2024-04-30,2024-04-30,22604.85,22
NIFTY50,NIFTY 50,Broad Market,2024-05-31,2024-05-31,22530.7,21.4
NIFTY50,NIFTY 50,Broad Market,2024-06-30,2024-06-28,24010.6,22.85
NIFTY50,NIFTY 50,Broad Market,2024-07-31,2024-07-31,24951.15,23.4
NIFTY50,NIFTY 50,Broad Market,2024-08-31,2024-08-30,25235.9,23.47
NIFTY50,NIFTY 50,Broad Market,2024-09-30,2024-09-30,25810.85,24.26
NIFTY50,NIFTY 50,Broad Market,2024-10-31,2024-10-31,24205.35,22.58
NIFTY50,NIFTY 50,Broad Market,2024-11-30,2024-11-29,24131.1,22.21
NIFTY50,NIFTY 50,Broad Market,2024-12-31,2024-12-31,23644.8,21.79
NIFTY50,NIFTY 50,Broad Market,2025-01-31,2025-01-31,23508.4,21.33
NIFTY50,NIFTY 50,Broad Market,2025-02-28,2025-02-28,22124.7,19.67
NIFTY50,NIFTY 50,Broad Market,2025-03-31,2025-03-28,23519.35,21.37
NIFTY50,NIFTY 50,Broad Market,2025-04-30,2025-04-30,24334.2,21.94
NIFTY50,NIFTY 50,Broad Market,2025-05-31,2025-05-30,24750.7,22.32
NIFTY50,NIFTY 50,Broad Market,2025-06-30,2025-06-30,25517.05,22.97
NIFTY50,NIFTY 50,Broad Market,2025-07-31,2025-07-31,24768.35,21.93
NIFTY50,NIFTY 50,Broad Market,2025-08-31,2025-08-29,24426.85,21.46
NIFTY50,NIFTY 50,Broad Market,2025-09-30,2025-09-30,24611.1,21.76
NIFTY50,NIFTY 50,Broad Market,2025-10-31,2025-10-31,25722.1,22.64
NIFTY50,NIFTY 50,Broad Market,2025-11-30,2025-11-28,26202.95,22.81
NIFTY50,NIFTY 50,Broad Market,2025-12-31,2025-12-31,26129.6,22.75
NIFTY50,NIFTY 50,Broad Market,2026-01-31,2026-01-30,25320.65,22.04
NIFTY50,NIFTY 50,Broad Market,2026-02-28,2026-02-27,25178.65,22.03
NIFTY50,NIFTY 50,Broad Market,2026-03-31,2026-03-30,22331.4,19.62
NIFTY50,NIFTY 50,Broad Market,2026-04-30,2026-04-30,23997.55,20.94
NIFTY50,NIFTY 50,Broad Market,2026-05-31,2026-05-29,23547.75,20.27
NIFTY50,NIFTY 50,Broad Market,2026-06-30,2026-06-30,23865.75,20.58
NIFTY50,NIFTY 50,Broad Market,2026-07-31,2026-07-31,24383.6,20.78
NIFTY50,NIFTY 50,Broad Market,2026-08-31,2026-08-31,24080.4,20.36
NIFTY500,NIFTY 500,Broad Market,2021-04-30,2021-04-30,12364.35,35.37
NIFTY500,NIFTY 500,Broad Market,2021-05-31,2021-05-31,13226.35,31.33
NIFTY500,NIFTY 500,Broad Market,2021-06-30,2021-06-30,13473.55,30.2
NIFTY500,NIFTY 500,Broad Market,2021-07-31,2021-07-30,13664.25,28.82
NIFTY500,NIFTY 500,Broad Market,2021-08-31,2021-08-31,14555.9,27.21
NIFTY500,NIFTY 500,Broad Market,2021-09-30,2021-09-30,15052.65,28.02
NIFTY500,NIFTY 500,Broad Market,2021-10-31,2021-10-29,15086.9,26.92
NIFTY500,NIFTY 500,Broad Market,2021-11-30,2021-11-30,14648.35,24.7
NIFTY500,NIFTY 500,Broad Market,2021-12-31,2021-12-31,14996.2,25.44
NIFTY500,NIFTY 500,Broad Market,2022-01-31,2022-01-31,14921.45,24.77
NIFTY500,NIFTY 500,Broad Market,2022-02-28,2022-02-28,14307.95,22.67
NIFTY500,NIFTY 500,Broad Market,2022-03-31,2022-03-31,14894.5,23.67
NIFTY500,NIFTY 500,Broad Market,2022-04-30,2022-04-29,14783.35,23.15
NIFTY500,NIFTY 500,Broad Market,2022-05-31,2022-05-31,14119.6,21.07
NIFTY500,NIFTY 500,Broad Market,2022-06-30,2022-06-30,13387.55,20.05
NIFTY500,NIFTY 500,Broad Market,2022-07-31,2022-07-29,14665.65,21.47
NIFTY500,NIFTY 500,Broad Market,2022-08-31,2022-08-30,15325.05,22.25
NIFTY500,NIFTY 500,Broad Market,2022-09-30,2022-09-30,14829.35,21.65
NIFTY500,NIFTY 500,Broad Market,2022-10-31,2022-10-31,15424,22.21
NIFTY500,NIFTY 500,Broad Market,2022-11-30,2022-11-30,15946.15,23.43
NIFTY500,NIFTY 500,Broad Market,2022-12-31,2022-12-30,15448.85,22.85
NIFTY500,NIFTY 500,Broad Market,2023-01-31,2023-01-31,14935.5,21.76
NIFTY500,NIFTY 500,Broad Market,2023-02-28,2023-02-28,14518.75,21.21
NIFTY500,NIFTY 500,Broad Market,2023-03-31,2023-03-31,14557.85,21.14
NIFTY500,NIFTY 500,Broad Market,2023-04-30,2023-04-28,15219.55,21.82
NIFTY500,NIFTY 500,Broad Market,2023-05-31,2023-05-31,15766.4,22.56
NIFTY500,NIFTY 500,Broad Market,2023-06-30,2023-06-30,16430,23.51
NIFTY500,NIFTY 500,Broad Market,2023-07-31,2023-07-31,17059,24.24
NIFTY500,NIFTY 500,Broad Market,2023-08-31,2023-08-31,16924.3,23.07
NIFTY500,NIFTY 500,Broad Market,2023-09-30,2023-09-29,17292.6,23.45
NIFTY500,NIFTY 500,Broad Market,2023-10-31,2023-10-31,16801.1,21.78
NIFTY500,NIFTY 500,Broad Market,2023-11-30,2023-11-30,17987.95,22.68
NIFTY500,NIFTY 500,Broad Market,2023-12-31,2023-12-29,19429.15,24.48
NIFTY500,NIFTY 500,Broad Market,2024-01-31,2024-01-31,19802.1,24.2
NIFTY500,NIFTY 500,Broad Market,2024-02-29,2024-02-29,20090.05,24.37
NIFTY500,NIFTY 500,Broad Market,2024-03-31,2024-03-28,20255.15,24.74
NIFTY500,NIFTY 500,Broad Market,2024-04-30,2024-04-30,20997.2,24.73
NIFTY500,NIFTY 500,Broad Market,2024-05-31,2024-05-31,21103.3,24.48
NIFTY500,NIFTY 500,Broad Market,2024-06-30,2024-06-28,22559.7,26.23
NIFTY500,NIFTY 500,Broad Market,2024-07-31,2024-07-31,23530.8,27.1
NIFTY500,NIFTY 500,Broad Market,2024-08-31,2024-08-30,23734.55,27.19
NIFTY500,NIFTY 500,Broad Market,2024-09-30,2024-09-30,24245.2,27.87
NIFTY500,NIFTY 500,Broad Market,2024-10-31,2024-10-31,22689.35,26.07
NIFTY500,NIFTY 500,Broad Market,2024-11-30,2024-11-29,22687,25.77
NIFTY500,NIFTY 500,Broad Market,2024-12-31,2024-12-31,22375.4,25.56
NIFTY500,NIFTY 500,Broad Market,2025-01-31,2025-01-31,21580.9,24.27
NIFTY500,NIFTY 500,Broad Market,2025-02-28,2025-02-28,19880.9,21.84
NIFTY500,NIFTY 500,Broad Market,2025-03-31,2025-03-28,21339.55,23.54
NIFTY500,NIFTY 500,Broad Market,2025-04-30,2025-04-30,22030.05,24.09
NIFTY500,NIFTY 500,Broad Market,2025-05-31,2025-05-30,22801.95,24.59
NIFTY500,NIFTY 500,Broad Market,2025-06-30,2025-06-30,23617.2,25.34
NIFTY500,NIFTY 500,Broad Market,2025-07-31,2025-07-31,22914.95,24.27
NIFTY500,NIFTY 500,Broad Market,2025-08-31,2025-08-29,22462.95,23.49
NIFTY500,NIFTY 500,Broad Market,2025-09-30,2025-09-30,22734.1,23.8
NIFTY500,NIFTY 500,Broad Market,2025-10-31,2025-10-31,23710.4,24.6
NIFTY500,NIFTY 500,Broad Market,2025-11-30,2025-11-28,23933.2,24.45
NIFTY500,NIFTY 500,Broad Market,2025-12-31,2025-12-31,23871.55,24.45
NIFTY500,NIFTY 500,Broad Market,2026-01-31,2026-01-30,23079.5,23.48
NIFTY500,NIFTY 500,Broad Market,2026-02-28,2026-02-27,23166.85,23.5
NIFTY500,NIFTY 500,Broad Market,2026-03-31,2026-03-30,20528.05,21.24
NIFTY500,NIFTY 500,Broad Market,2026-04-30,2026-04-30,22683.55,23.23
NIFTY500,NIFTY 500,Broad Market,2026-05-31,2026-05-29,22657,22.45
NIFTY500,NIFTY 500,Broad Market,2026-06-30,2026-06-30,22995.65,22.72
NIFTY500,NIFTY 500,Broad Market,2026-07-31,2026-07-31,23460.7,23.09
NIFTY500,NIFTY 500,Broad Market,2026-08-31,2026-08-31,23450.35,22.73
NIFTY500AHIMSA,Nifty500 Ahimsa,Strategy / Thematic / Other,2026-07-31,2026-07-31,3761.68,24.21
NIFTY500AHIMSA,Nifty500 Ahimsa,Strategy / Thematic / Other,2026-08-31,2026-08-31,3755.39,23.52
NIFTY500EQUALWEIGHT,Nifty500 Equal Weight,Strategy / Thematic / Other,2024-06-30,2024-06-28,14179.14,32.13
NIFTY500EQUALWEIGHT,Nifty500 Equal Weight,Strategy / Thematic / Other,2024-07-31,2024-07-31,14956.94,33.93
NIFTY500EQUALWEIGHT,Nifty500 Equal Weight,Strategy / Thematic / Other,2024-08-31,2024-08-30,15033.17,33.18
NIFTY500EQUALWEIGHT,Nifty500 Equal Weight,Strategy / Thematic / Other,2024-09-30,2024-09-30,15253.21,33.51
NIFTY500EQUALWEIGHT,Nifty500 Equal Weight,Strategy / Thematic / Other,2024-10-31,2024-10-31,14356.89,31.73
NIFTY500EQUALWEIGHT,Nifty500 Equal Weight,Strategy / Thematic / Other,2024-11-30,2024-11-29,14295.39,32.32
NIFTY500EQUALWEIGHT,Nifty500 Equal Weight,Strategy / Thematic / Other,2024-12-31,2024-12-31,14214.55,31.7
NIFTY500EQUALWEIGHT,Nifty500 Equal Weight,Strategy / Thematic / Other,2025-01-31,2025-01-31,13247.25,29.38
NIFTY500EQUALWEIGHT,Nifty500 Equal Weight,Strategy / Thematic / Other,2025-02-28,2025-02-28,11714.45,25.71
NIFTY500EQUALWEIGHT,Nifty500 Equal Weight,Strategy / Thematic / Other,2025-03-31,2025-03-28,12677.1,28.71
NIFTY500EQUALWEIGHT,Nifty500 Equal Weight,Strategy / Thematic / Other,2025-04-30,2025-04-30,12992.1,29.09
NIFTY500EQUALWEIGHT,Nifty500 Equal Weight,Strategy / Thematic / Other,2025-05-31,2025-05-30,14097.95,30.76
NIFTY500EQUALWEIGHT,Nifty500 Equal Weight,Strategy / Thematic / Other,2025-06-30,2025-06-30,14647.95,31.57
NIFTY500EQUALWEIGHT,Nifty500 Equal Weight,Strategy / Thematic / Other,2025-07-31,2025-07-31,14246.75,30.63
NIFTY500EQUALWEIGHT,Nifty500 Equal Weight,Strategy / Thematic / Other,2025-08-31,2025-08-29,13873.45,29.64
NIFTY500EQUALWEIGHT,Nifty500 Equal Weight,Strategy / Thematic / Other,2025-09-30,2025-09-30,14097.7,28.44
NIFTY500EQUALWEIGHT,Nifty500 Equal Weight,Strategy / Thematic / Other,2025-10-31,2025-10-31,14566.5,28.89
NIFTY500EQUALWEIGHT,Nifty500 Equal Weight,Strategy / Thematic / Other,2025-11-30,2025-11-28,14293,27.67
NIFTY500EQUALWEIGHT,Nifty500 Equal Weight,Strategy / Thematic / Other,2025-12-31,2025-12-31,14264.4,27.59
NIFTY500EQUALWEIGHT,Nifty500 Equal Weight,Strategy / Thematic / Other,2026-01-31,2026-01-30,13578,25.82
NIFTY500EQUALWEIGHT,Nifty500 Equal Weight,Strategy / Thematic / Other,2026-02-28,2026-02-27,13766.8,25.5
NIFTY500EQUALWEIGHT,Nifty500 Equal Weight,Strategy / Thematic / Other,2026-03-31,2026-03-30,12226.1,25.45
NIFTY500EQUALWEIGHT,Nifty500 Equal Weight,Strategy / Thematic / Other,2026-04-30,2026-04-30,14162.7,29.03
NIFTY500EQUALWEIGHT,Nifty500 Equal Weight,Strategy / Thematic / Other,2026-05-31,2026-05-29,14328.3,27.98
NIFTY500EQUALWEIGHT,Nifty500 Equal Weight,Strategy / Thematic / Other,2026-06-30,2026-06-30,14688.35,28.1
NIFTY500EQUALWEIGHT,Nifty500 Equal Weight,Strategy / Thematic / Other,2026-07-31,2026-07-31,14932.65,27.88
NIFTY500EQUALWEIGHT,Nifty500 Equal Weight,Strategy / Thematic / Other,2026-08-31,2026-08-31,15070.7,27.6
NIFTY500FLEXICAPQUALITY30,Nifty500 Flexicap Quality 30,Strategy / Thematic / Other,2025-04-30,2025-04-30,10341.82,31.38
NIFTY500FLEXICAPQUALITY30,Nifty500 Flexicap Quality 30,Strategy / Thematic / Other,2025-05-31,2025-05-30,10581.56,32.49
NIFTY500FLEXICAPQUALITY30,Nifty500 Flexicap Quality 30,Strategy / Thematic / Other,2025-06-30,2025-06-30,10898.07,31.87
NIFTY500FLEXICAPQUALITY30,Nifty500 Flexicap Quality 30,Strategy / Thematic / Other,2025-07-31,2025-07-31,10356.44,30.12
NIFTY500FLEXICAPQUALITY30,Nifty500 Flexicap Quality 30,Strategy / Thematic / Other,2025-08-31,2025-08-29,10308.71,30.12
NIFTY500FLEXICAPQUALITY30,Nifty500 Flexicap Quality 30,Strategy / Thematic / Other,2025-09-30,2025-09-30,10189.27,29.28
NIFTY500FLEXICAPQUALITY30,Nifty500 Flexicap Quality 30,Strategy / Thematic / Other,2025-10-31,2025-10-31,10699.3,30.58
NIFTY500FLEXICAPQUALITY30,Nifty500 Flexicap Quality 30,Strategy / Thematic / Other,2025-11-30,2025-11-28,10779.7,30.63
NIFTY500FLEXICAPQUALITY30,Nifty500 Flexicap Quality 30,Strategy / Thematic / Other,2025-12-31,2025-12-31,10614.35,33.07
NIFTY500FLEXICAPQUALITY30,Nifty500 Flexicap Quality 30,Strategy / Thematic / Other,2026-01-31,2026-01-30,10417.15,32.29
NIFTY500FLEXICAPQUALITY30,Nifty500 Flexicap Quality 30,Strategy / Thematic / Other,2026-02-28,2026-02-27,9807.4,30.43
NIFTY500FLEXICAPQUALITY30,Nifty500 Flexicap Quality 30,Strategy / Thematic / Other,2026-03-31,2026-03-30,8924.15,26.83
NIFTY500FLEXICAPQUALITY30,Nifty500 Flexicap Quality 30,Strategy / Thematic / Other,2026-04-30,2026-04-30,9681.65,28.79
NIFTY500FLEXICAPQUALITY30,Nifty500 Flexicap Quality 30,Strategy / Thematic / Other,2026-05-31,2026-05-29,9728.8,30.52
NIFTY500FLEXICAPQUALITY30,Nifty500 Flexicap Quality 30,Strategy / Thematic / Other,2026-06-30,2026-06-30,9521.35,32.43
NIFTY500FLEXICAPQUALITY30,Nifty500 Flexicap Quality 30,Strategy / Thematic / Other,2026-07-31,2026-07-31,10141.5,33.57
NIFTY500FLEXICAPQUALITY30,Nifty500 Flexicap Quality 30,Strategy / Thematic / Other,2026-08-31,2026-08-31,10130.65,33.15
NIFTY500GROWTH50,Nifty500 Growth 50,Strategy / Thematic / Other,2026-08-31,2026-08-31,34588.96,42.88
NIFTY500HEALTHCARE,Nifty500 Healthcare,Sectoral,2025-07-31,2025-07-31,19374.95,39.96
NIFTY500HEALTHCARE,Nifty500 Healthcare,Sectoral,2025-08-31,2025-08-29,18701.98,38.81
NIFTY500HEALTHCARE,Nifty500 Healthcare,Sectoral,2025-09-30,2025-09-30,18418.11,39.26
NIFTY500HEALTHCARE,Nifty500 Healthcare,Sectoral,2025-10-31,2025-10-31,18970.06,40.22
NIFTY500HEALTHCARE,Nifty500 Healthcare,Sectoral,2025-11-30,2025-11-28,19158.95,39.01
NIFTY500HEALTHCARE,Nifty500 Healthcare,Sectoral,2025-12-31,2025-12-31,18742.75,38.23
NIFTY500HEALTHCARE,Nifty500 Healthcare,Sectoral,2026-01-31,2026-01-30,17713.65,37.07
NIFTY500HEALTHCARE,Nifty500 Healthcare,Sectoral,2026-02-28,2026-02-27,18859.45,38.93
NIFTY500HEALTHCARE,Nifty500 Healthcare,Sectoral,2026-03-31,2026-03-30,17882.2,37.1
NIFTY500HEALTHCARE,Nifty500 Healthcare,Sectoral,2026-04-30,2026-04-30,19002.85,39.43
NIFTY500HEALTHCARE,Nifty500 Healthcare,Sectoral,2026-05-31,2026-05-29,19906.4,42.01
NIFTY500HEALTHCARE,Nifty500 Healthcare,Sectoral,2026-06-30,2026-06-30,20941.4,44.1
NIFTY500HEALTHCARE,Nifty500 Healthcare,Sectoral,2026-07-31,2026-07-31,21622.55,47.21
NIFTY500HEALTHCARE,Nifty500 Healthcare,Sectoral,2026-08-31,2026-08-31,21938.15,46.53
NIFTY500LARGEMIDSMALLEQUALCAPWEIGHTED,Nifty500 Largemidsmall Equal-Cap Weighted,Broad Market,2024-06-30,2024-06-28,17406.94,30.42
NIFTY500LARGEMIDSMALLEQUALCAPWEIGHTED,Nifty500 Largemidsmall Equal-Cap Weighted,Broad Market,2024-07-31,2024-07-31,18213.51,31.68
NIFTY500LARGEMIDSMALLEQUALCAPWEIGHTED,Nifty500 Largemidsmall Equal-Cap Weighted,Broad Market,2024-08-31,2024-08-30,18364.42,31.5
NIFTY500LARGEMIDSMALLEQUALCAPWEIGHTED,Nifty500 Largemidsmall Equal-Cap Weighted,Broad Market,2024-09-30,2024-09-30,18698.79,32.65
NIFTY500LARGEMIDSMALLEQUALCAPWEIGHTED,Nifty500 Largemidsmall Equal-Cap Weighted,Broad Market,2024-10-31,2024-10-31,17651.08,30.79
NIFTY500LARGEMIDSMALLEQUALCAPWEIGHTED,Nifty500 Largemidsmall Equal-Cap Weighted,Broad Market,2024-11-30,2024-11-29,17646.5,30.89
NIFTY500LARGEMIDSMALLEQUALCAPWEIGHTED,Nifty500 Largemidsmall Equal-Cap Weighted,Broad Market,2024-12-31,2024-12-31,17592.35,30.96
NIFTY500LARGEMIDSMALLEQUALCAPWEIGHTED,Nifty500 Largemidsmall Equal-Cap Weighted,Broad Market,2025-01-31,2025-01-31,16498.05,28.4
NIFTY500LARGEMIDSMALLEQUALCAPWEIGHTED,Nifty500 Largemidsmall Equal-Cap Weighted,Broad Market,2025-02-28,2025-02-28,14874.1,25.05
NIFTY500LARGEMIDSMALLEQUALCAPWEIGHTED,Nifty500 Largemidsmall Equal-Cap Weighted,Broad Market,2025-03-31,2025-03-28,16047.25,27.18
NIFTY500LARGEMIDSMALLEQUALCAPWEIGHTED,Nifty500 Largemidsmall Equal-Cap Weighted,Broad Market,2025-04-30,2025-04-30,16522.95,27.71
NIFTY500LARGEMIDSMALLEQUALCAPWEIGHTED,Nifty500 Largemidsmall Equal-Cap Weighted,Broad Market,2025-05-31,2025-05-30,17507.4,28.65
NIFTY500LARGEMIDSMALLEQUALCAPWEIGHTED,Nifty500 Largemidsmall Equal-Cap Weighted,Broad Market,2025-06-30,2025-06-30,18264.7,29.51
NIFTY500LARGEMIDSMALLEQUALCAPWEIGHTED,Nifty500 Largemidsmall Equal-Cap Weighted,Broad Market,2025-07-31,2025-07-31,17690.55,28.29
NIFTY500LARGEMIDSMALLEQUALCAPWEIGHTED,Nifty500 Largemidsmall Equal-Cap Weighted,Broad Market,2025-08-31,2025-08-29,17214.65,27.25
NIFTY500LARGEMIDSMALLEQUALCAPWEIGHTED,Nifty500 Largemidsmall Equal-Cap Weighted,Broad Market,2025-09-30,2025-09-30,17426.15,27.21
NIFTY500LARGEMIDSMALLEQUALCAPWEIGHTED,Nifty500 Largemidsmall Equal-Cap Weighted,Broad Market,2025-10-31,2025-10-31,18167.25,28.11
NIFTY500LARGEMIDSMALLEQUALCAPWEIGHTED,Nifty500 Largemidsmall Equal-Cap Weighted,Broad Market,2025-11-30,2025-11-28,18147.05,27.51
NIFTY500LARGEMIDSMALLEQUALCAPWEIGHTED,Nifty500 Largemidsmall Equal-Cap Weighted,Broad Market,2025-12-31,2025-12-31,18087.1,27.6
NIFTY500LARGEMIDSMALLEQUALCAPWEIGHTED,Nifty500 Largemidsmall Equal-Cap Weighted,Broad Market,2026-01-31,2026-01-30,17363.55,26.15
NIFTY500LARGEMIDSMALLEQUALCAPWEIGHTED,Nifty500 Largemidsmall Equal-Cap Weighted,Broad Market,2026-02-28,2026-02-27,17501.6,26.03
NIFTY500LARGEMIDSMALLEQUALCAPWEIGHTED,Nifty500 Largemidsmall Equal-Cap Weighted,Broad Market,2026-03-31,2026-03-30,15589.65,24.28
NIFTY500LARGEMIDSMALLEQUALCAPWEIGHTED,Nifty500 Largemidsmall Equal-Cap Weighted,Broad Market,2026-04-30,2026-04-30,17626.15,27.04
NIFTY500LARGEMIDSMALLEQUALCAPWEIGHTED,Nifty500 Largemidsmall Equal-Cap Weighted,Broad Market,2026-05-31,2026-05-29,17811.3,26.32
NIFTY500LARGEMIDSMALLEQUALCAPWEIGHTED,Nifty500 Largemidsmall Equal-Cap Weighted,Broad Market,2026-06-30,2026-06-30,18191.6,26.81
NIFTY500LARGEMIDSMALLEQUALCAPWEIGHTED,Nifty500 Largemidsmall Equal-Cap Weighted,Broad Market,2026-07-31,2026-07-31,18496.45,27.05
NIFTY500LARGEMIDSMALLEQUALCAPWEIGHTED,Nifty500 Largemidsmall Equal-Cap Weighted,Broad Market,2026-08-31,2026-08-31,18696.35,26.62
NIFTY500LOWVOLATILITY50,Nifty500 Low Volatility 50,Strategy / Thematic / Other,2024-12-31,2024-12-31,20017.37,27.21
NIFTY500LOWVOLATILITY50,Nifty500 Low Volatility 50,Strategy / Thematic / Other,2025-01-31,2025-01-31,20264.33,27.17
NIFTY500LOWVOLATILITY50,Nifty500 Low Volatility 50,Strategy / Thematic / Other,2025-02-28,2025-02-28,19084,25.19
NIFTY500LOWVOLATILITY50,Nifty500 Low Volatility 50,Strategy / Thematic / Other,2025-03-31,2025-03-28,20057.9,26.48
NIFTY500LOWVOLATILITY50,Nifty500 Low Volatility 50,Strategy / Thematic / Other,2025-04-30,2025-04-30,20844.3,27.51
NIFTY500LOWVOLATILITY50,Nifty500 Low Volatility 50,Strategy / Thematic / Other,2025-05-31,2025-05-30,21277.15,27.72
NIFTY500LOWVOLATILITY50,Nifty500 Low Volatility 50,Strategy / Thematic / Other,2025-06-30,2025-06-30,21953.4,30.05
NIFTY500LOWVOLATILITY50,Nifty500 Low Volatility 50,Strategy / Thematic / Other,2025-07-31,2025-07-31,21399.4,29.25
NIFTY500LOWVOLATILITY50,Nifty500 Low Volatility 50,Strategy / Thematic / Other,2025-08-31,2025-08-29,21702.25,29.26
NIFTY500LOWVOLATILITY50,Nifty500 Low Volatility 50,Strategy / Thematic / Other,2025-09-30,2025-09-30,22000.6,29.84
NIFTY500LOWVOLATILITY50,Nifty500 Low Volatility 50,Strategy / Thematic / Other,2025-10-31,2025-10-31,22661.45,30.71
NIFTY500LOWVOLATILITY50,Nifty500 Low Volatility 50,Strategy / Thematic / Other,2025-11-30,2025-11-28,22942.05,30.55
NIFTY500LOWVOLATILITY50,Nifty500 Low Volatility 50,Strategy / Thematic / Other,2025-12-31,2025-12-31,23057.8,25.07
NIFTY500LOWVOLATILITY50,Nifty500 Low Volatility 50,Strategy / Thematic / Other,2026-01-31,2026-01-30,22434.05,24.44
NIFTY500LOWVOLATILITY50,Nifty500 Low Volatility 50,Strategy / Thematic / Other,2026-02-28,2026-02-27,22861.45,24.41
NIFTY500LOWVOLATILITY50,Nifty500 Low Volatility 50,Strategy / Thematic / Other,2026-03-31,2026-03-30,20579.9,22.02
NIFTY500LOWVOLATILITY50,Nifty500 Low Volatility 50,Strategy / Thematic / Other,2026-04-30,2026-04-30,22153.7,23.48
NIFTY500LOWVOLATILITY50,Nifty500 Low Volatility 50,Strategy / Thematic / Other,2026-05-31,2026-05-29,21862.95,23.06
NIFTY500LOWVOLATILITY50,Nifty500 Low Volatility 50,Strategy / Thematic / Other,2026-06-30,2026-06-30,21716.75,22.35
NIFTY500LOWVOLATILITY50,Nifty500 Low Volatility 50,Strategy / Thematic / Other,2026-07-31,2026-07-31,22764.9,22.37
NIFTY500LOWVOLATILITY50,Nifty500 Low Volatility 50,Strategy / Thematic / Other,2026-08-31,2026-08-31,22334.05,22.09
NIFTY500MOMENTUM50,Nifty500 Momentum 50,Strategy / Thematic / Other,2024-06-30,2024-06-28,60871.18,30.68
NIFTY500MOMENTUM50,Nifty500 Momentum 50,Strategy / Thematic / Other,2024-07-31,2024-07-31,63883.19,31.51
NIFTY500MOMENTUM50,Nifty500 Momentum 50,Strategy / Thematic / Other,2024-08-31,2024-08-30,63156.93,30.68
NIFTY500MOMENTUM50,Nifty500 Momentum 50,Strategy / Thematic / Other,2024-09-30,2024-09-30,63905.8,31.09
NIFTY500MOMENTUM50,Nifty500 Momentum 50,Strategy / Thematic / Other,2024-10-31,2024-10-31,59197.4,28.62
NIFTY500MOMENTUM50,Nifty500 Momentum 50,Strategy / Thematic / Other,2024-11-30,2024-11-29,59207.35,27.67
NIFTY500MOMENTUM50,Nifty500 Momentum 50,Strategy / Thematic / Other,2024-12-31,2024-12-31,57213.25,60.12
NIFTY500MOMENTUM50,Nifty500 Momentum 50,Strategy / Thematic / Other,2025-01-31,2025-01-31,49736.6,50.48
NIFTY500MOMENTUM50,Nifty500 Momentum 50,Strategy / Thematic / Other,2025-02-28,2025-02-28,44884.85,43.19
NIFTY500MOMENTUM50,Nifty500 Momentum 50,Strategy / Thematic / Other,2025-03-31,2025-03-28,47724.3,45.93
NIFTY500MOMENTUM50,Nifty500 Momentum 50,Strategy / Thematic / Other,2025-04-30,2025-04-30,49767.6,47.62
NIFTY500MOMENTUM50,Nifty500 Momentum 50,Strategy / Thematic / Other,2025-05-31,2025-05-30,52456.95,46.21
NIFTY500MOMENTUM50,Nifty500 Momentum 50,Strategy / Thematic / Other,2025-06-30,2025-06-30,55332.85,44.52
NIFTY500MOMENTUM50,Nifty500 Momentum 50,Strategy / Thematic / Other,2025-07-31,2025-07-31,51947.8,40.8
NIFTY500MOMENTUM50,Nifty500 Momentum 50,Strategy / Thematic / Other,2025-08-31,2025-08-29,50200.35,39.15
NIFTY500MOMENTUM50,Nifty500 Momentum 50,Strategy / Thematic / Other,2025-09-30,2025-09-30,50575.35,39.47
NIFTY500MOMENTUM50,Nifty500 Momentum 50,Strategy / Thematic / Other,2025-10-31,2025-10-31,53479.65,41.44
NIFTY500MOMENTUM50,Nifty500 Momentum 50,Strategy / Thematic / Other,2025-11-30,2025-11-28,54778.55,44.93
NIFTY500MOMENTUM50,Nifty500 Momentum 50,Strategy / Thematic / Other,2025-12-31,2025-12-31,52707.65,30.02
NIFTY500MOMENTUM50,Nifty500 Momentum 50,Strategy / Thematic / Other,2026-01-31,2026-01-30,50783.85,28.88
NIFTY500MOMENTUM50,Nifty500 Momentum 50,Strategy / Thematic / Other,2026-02-28,2026-02-27,52358.4,29.55
NIFTY500MOMENTUM50,Nifty500 Momentum 50,Strategy / Thematic / Other,2026-03-31,2026-03-30,45987.05,26.04
NIFTY500MOMENTUM50,Nifty500 Momentum 50,Strategy / Thematic / Other,2026-04-30,2026-04-30,51758.85,29.17
NIFTY500MOMENTUM50,Nifty500 Momentum 50,Strategy / Thematic / Other,2026-05-31,2026-05-29,53062.8,29.09
NIFTY500MOMENTUM50,Nifty500 Momentum 50,Strategy / Thematic / Other,2026-06-30,2026-06-30,53937.65,33.8
NIFTY500MOMENTUM50,Nifty500 Momentum 50,Strategy / Thematic / Other,2026-07-31,2026-07-31,53337.25,31.47
NIFTY500MOMENTUM50,Nifty500 Momentum 50,Strategy / Thematic / Other,2026-08-31,2026-08-31,55985.8,31.05
NIFTY500MULTICAP502525,Nifty500 Multicap 50:25:25,Broad Market,2021-04-30,2021-04-30,7911.86,38.35
NIFTY500MULTICAP502525,Nifty500 Multicap 50:25:25,Broad Market,2021-05-31,2021-05-31,8508.6,33.9
NIFTY500MULTICAP502525,Nifty500 Multicap 50:25:25,Broad Market,2021-06-30,2021-06-30,8771.93,32.03
NIFTY500MULTICAP502525,Nifty500 Multicap 50:25:25,Broad Market,2021-07-31,2021-07-30,9038.88,30.25
NIFTY500MULTICAP502525,Nifty500 Multicap 50:25:25,Broad Market,2021-08-31,2021-08-31,9384.3,27.8
NIFTY500MULTICAP502525,Nifty500 Multicap 50:25:25,Broad Market,2021-09-30,2021-09-30,9786.7,28.88
NIFTY500MULTICAP502525,Nifty500 Multicap 50:25:25,Broad Market,2021-10-31,2021-10-29,9807.45,28.01
NIFTY500MULTICAP502525,Nifty500 Multicap 50:25:25,Broad Market,2021-11-30,2021-11-30,9594.85,26.25
NIFTY500MULTICAP502525,Nifty500 Multicap 50:25:25,Broad Market,2021-12-31,2021-12-31,9891.1,27.12
NIFTY500MULTICAP502525,Nifty500 Multicap 50:25:25,Broad Market,2022-01-31,2022-01-31,9837.05,26.48
NIFTY500MULTICAP502525,Nifty500 Multicap 50:25:25,Broad Market,2022-02-28,2022-02-28,9283.3,23.84
NIFTY500MULTICAP502525,Nifty500 Multicap 50:25:25,Broad Market,2022-03-31,2022-03-31,9712.95,24.29
NIFTY500MULTICAP502525,Nifty500 Multicap 50:25:25,Broad Market,2022-04-30,2022-04-29,9687.6,23.92
NIFTY500MULTICAP502525,Nifty500 Multicap 50:25:25,Broad Market,2022-05-31,2022-05-31,9162.2,21.4
NIFTY500MULTICAP502525,Nifty500 Multicap 50:25:25,Broad Market,2022-06-30,2022-06-30,8654.6,20.33
NIFTY500MULTICAP502525,Nifty500 Multicap 50:25:25,Broad Market,2022-07-31,2022-07-29,9490.45,21.71
NIFTY500MULTICAP502525,Nifty500 Multicap 50:25:25,Broad Market,2022-08-31,2022-08-30,9961.05,22.05
NIFTY500MULTICAP502525,Nifty500 Multicap 50:25:25,Broad Market,2022-09-30,2022-09-30,9707.85,21.4
NIFTY500MULTICAP502525,Nifty500 Multicap 50:25:25,Broad Market,2022-10-31,2022-10-31,10022.05,21.79
NIFTY500MULTICAP502525,Nifty500 Multicap 50:25:25,Broad Market,2022-11-30,2022-11-30,10330.2,22.75
NIFTY500MULTICAP502525,Nifty500 Multicap 50:25:25,Broad Market,2022-12-31,2022-12-30,10058.75,22.37
NIFTY500MULTICAP502525,Nifty500 Multicap 50:25:25,Broad Market,2023-01-31,2023-01-31,9759.35,21.44
NIFTY500MULTICAP502525,Nifty500 Multicap 50:25:25,Broad Market,2023-02-28,2023-02-28,9487.75,20.75
NIFTY500MULTICAP502525,Nifty500 Multicap 50:25:25,Broad Market,2023-03-31,2023-03-31,9466.8,20.43
NIFTY500MULTICAP502525,Nifty500 Multicap 50:25:25,Broad Market,2023-04-30,2023-04-28,9951.6,21.36
NIFTY500MULTICAP502525,Nifty500 Multicap 50:25:25,Broad Market,2023-05-31,2023-05-31,10380.2,22.18
NIFTY500MULTICAP502525,Nifty500 Multicap 50:25:25,Broad Market,2023-06-30,2023-06-30,10895,23.29
NIFTY500MULTICAP502525,Nifty500 Multicap 50:25:25,Broad Market,2023-07-31,2023-07-31,11421.6,24.33
NIFTY500MULTICAP502525,Nifty500 Multicap 50:25:25,Broad Market,2023-08-31,2023-08-31,11546.8,23.6
NIFTY500MULTICAP502525,Nifty500 Multicap 50:25:25,Broad Market,2023-09-30,2023-09-29,11821.05,24.07
NIFTY500MULTICAP502525,Nifty500 Multicap 50:25:25,Broad Market,2023-10-31,2023-10-31,11494.65,22.49
NIFTY500MULTICAP502525,Nifty500 Multicap 50:25:25,Broad Market,2023-11-30,2023-11-30,12415.05,23.49
NIFTY500MULTICAP502525,Nifty500 Multicap 50:25:25,Broad Market,2023-12-31,2023-12-29,13342.2,25.24
NIFTY500MULTICAP502525,Nifty500 Multicap 50:25:25,Broad Market,2024-01-31,2024-01-31,13783.5,25.41
NIFTY500MULTICAP502525,Nifty500 Multicap 50:25:25,Broad Market,2024-02-29,2024-02-29,13894,25.46
NIFTY500MULTICAP502525,Nifty500 Multicap 50:25:25,Broad Market,2024-03-31,2024-03-28,13850.1,26.05
NIFTY500MULTICAP502525,Nifty500 Multicap 50:25:25,Broad Market,2024-04-30,2024-04-30,14588.6,26.65
NIFTY500MULTICAP502525,Nifty500 Multicap 50:25:25,Broad Market,2024-05-31,2024-05-31,14644.75,26.55
NIFTY500MULTICAP502525,Nifty500 Multicap 50:25:25,Broad Market,2024-06-30,2024-06-28,15748.25,28.37
NIFTY500MULTICAP502525,Nifty500 Multicap 50:25:25,Broad Market,2024-07-31,2024-07-31,16455.75,29.42
NIFTY500MULTICAP502525,Nifty500 Multicap 50:25:25,Broad Market,2024-08-31,2024-08-30,16597.3,29.37
NIFTY500MULTICAP502525,Nifty500 Multicap 50:25:25,Broad Market,2024-09-30,2024-09-30,16921.75,30.29
NIFTY500MULTICAP502525,Nifty500 Multicap 50:25:25,Broad Market,2024-10-31,2024-10-31,15922.95,28.44
NIFTY500MULTICAP502525,Nifty500 Multicap 50:25:25,Broad Market,2024-11-30,2024-11-29,15919,28.36
NIFTY500MULTICAP502525,Nifty500 Multicap 50:25:25,Broad Market,2024-12-31,2024-12-31,15793.6,28.23
NIFTY500MULTICAP502525,Nifty500 Multicap 50:25:25,Broad Market,2025-01-31,2025-01-31,14984.85,26.29
NIFTY500MULTICAP502525,Nifty500 Multicap 50:25:25,Broad Market,2025-02-28,2025-02-28,13637.1,23.4
NIFTY500MULTICAP502525,Nifty500 Multicap 50:25:25,Broad Market,2025-03-31,2025-03-28,14681,25.46
NIFTY500MULTICAP502525,Nifty500 Multicap 50:25:25,Broad Market,2025-04-30,2025-04-30,15127.35,26
NIFTY500MULTICAP502525,Nifty500 Multicap 50:25:25,Broad Market,2025-05-31,2025-05-30,15879.4,26.77
NIFTY500MULTICAP502525,Nifty500 Multicap 50:25:25,Broad Market,2025-06-30,2025-06-30,16519.4,27.5
NIFTY500MULTICAP502525,Nifty500 Multicap 50:25:25,Broad Market,2025-07-31,2025-07-31,16010,26.35
NIFTY500MULTICAP502525,Nifty500 Multicap 50:25:25,Broad Market,2025-08-31,2025-08-29,15627.45,25.44
NIFTY500MULTICAP502525,Nifty500 Multicap 50:25:25,Broad Market,2025-09-30,2025-09-30,15817,25.54
NIFTY500MULTICAP502525,Nifty500 Multicap 50:25:25,Broad Market,2025-10-31,2025-10-31,16489.45,26.38
NIFTY500MULTICAP502525,Nifty500 Multicap 50:25:25,Broad Market,2025-11-30,2025-11-28,16533.4,25.98
NIFTY500MULTICAP502525,Nifty500 Multicap 50:25:25,Broad Market,2025-12-31,2025-12-31,16485.1,26.05
NIFTY500MULTICAP502525,Nifty500 Multicap 50:25:25,Broad Market,2026-01-31,2026-01-30,15868.9,24.81
NIFTY500MULTICAP502525,Nifty500 Multicap 50:25:25,Broad Market,2026-02-28,2026-02-27,15962.65,24.74
NIFTY500MULTICAP502525,Nifty500 Multicap 50:25:25,Broad Market,2026-03-31,2026-03-30,14189.1,22.75
NIFTY500MULTICAP502525,Nifty500 Multicap 50:25:25,Broad Market,2026-04-30,2026-04-30,15892.95,25.18
NIFTY500MULTICAP502525,Nifty500 Multicap 50:25:25,Broad Market,2026-05-31,2026-05-29,15974.95,24.43
NIFTY500MULTICAP502525,Nifty500 Multicap 50:25:25,Broad Market,2026-06-30,2026-06-30,16280.55,24.79
NIFTY500MULTICAP502525,Nifty500 Multicap 50:25:25,Broad Market,2026-07-31,2026-07-31,16578.6,25.05
NIFTY500MULTICAP502525,Nifty500 Multicap 50:25:25,Broad Market,2026-08-31,2026-08-31,16671.8,24.68
NIFTY500MULTICAPINDIAMANUFACTURING503020,Nifty500 Multicap India Manufacturing 50:30:20,Strategy / Thematic / Other,2024-03-31,2024-03-28,12661.32,29.01
NIFTY500MULTICAPINDIAMANUFACTURING503020,Nifty500 Multicap India Manufacturing 50:30:20,Strategy / Thematic / Other,2024-04-30,2024-04-30,13552.35,30.87
NIFTY500MULTICAPINDIAMANUFACTURING503020,Nifty500 Multicap India Manufacturing 50:30:20,Strategy / Thematic / Other,2024-05-31,2024-05-31,13915.85,30.99
NIFTY500MULTICAPINDIAMANUFACTURING503020,Nifty500 Multicap India Manufacturing 50:30:20,Strategy / Thematic / Other,2024-06-30,2024-06-28,15014.1,33
NIFTY500MULTICAPINDIAMANUFACTURING503020,Nifty500 Multicap India Manufacturing 50:30:20,Strategy / Thematic / Other,2024-07-31,2024-07-31,15655.35,35.74
NIFTY500MULTICAPINDIAMANUFACTURING503020,Nifty500 Multicap India Manufacturing 50:30:20,Strategy / Thematic / Other,2024-08-31,2024-08-30,15761.7,34.99
NIFTY500MULTICAPINDIAMANUFACTURING503020,Nifty500 Multicap India Manufacturing 50:30:20,Strategy / Thematic / Other,2024-09-30,2024-09-30,16079.65,35.11
NIFTY500MULTICAPINDIAMANUFACTURING503020,Nifty500 Multicap India Manufacturing 50:30:20,Strategy / Thematic / Other,2024-10-31,2024-10-31,14915.8,33.89
NIFTY500MULTICAPINDIAMANUFACTURING503020,Nifty500 Multicap India Manufacturing 50:30:20,Strategy / Thematic / Other,2024-11-30,2024-11-29,14842.2,31.61
NIFTY500MULTICAPINDIAMANUFACTURING503020,Nifty500 Multicap India Manufacturing 50:30:20,Strategy / Thematic / Other,2024-12-31,2024-12-31,14727.7,30.93
NIFTY500MULTICAPINDIAMANUFACTURING503020,Nifty500 Multicap India Manufacturing 50:30:20,Strategy / Thematic / Other,2025-01-31,2025-01-31,14030.3,28.93
NIFTY500MULTICAPINDIAMANUFACTURING503020,Nifty500 Multicap India Manufacturing 50:30:20,Strategy / Thematic / Other,2025-02-28,2025-02-28,12865.7,25.31
NIFTY500MULTICAPINDIAMANUFACTURING503020,Nifty500 Multicap India Manufacturing 50:30:20,Strategy / Thematic / Other,2025-03-31,2025-03-28,13844.65,28.25
NIFTY500MULTICAPINDIAMANUFACTURING503020,Nifty500 Multicap India Manufacturing 50:30:20,Strategy / Thematic / Other,2025-04-30,2025-04-30,14238.4,28.96
NIFTY500MULTICAPINDIAMANUFACTURING503020,Nifty500 Multicap India Manufacturing 50:30:20,Strategy / Thematic / Other,2025-05-31,2025-05-30,14764.45,29.32
NIFTY500MULTICAPINDIAMANUFACTURING503020,Nifty500 Multicap India Manufacturing 50:30:20,Strategy / Thematic / Other,2025-06-30,2025-06-30,15280.6,29.96
NIFTY500MULTICAPINDIAMANUFACTURING503020,Nifty500 Multicap India Manufacturing 50:30:20,Strategy / Thematic / Other,2025-07-31,2025-07-31,15066.45,28.78
NIFTY500MULTICAPINDIAMANUFACTURING503020,Nifty500 Multicap India Manufacturing 50:30:20,Strategy / Thematic / Other,2025-08-31,2025-08-29,14882.5,27.73
NIFTY500MULTICAPINDIAMANUFACTURING503020,Nifty500 Multicap India Manufacturing 50:30:20,Strategy / Thematic / Other,2025-09-30,2025-09-30,15360.6,29.89
NIFTY500MULTICAPINDIAMANUFACTURING503020,Nifty500 Multicap India Manufacturing 50:30:20,Strategy / Thematic / Other,2025-10-31,2025-10-31,15957.05,30.04
NIFTY500MULTICAPINDIAMANUFACTURING503020,Nifty500 Multicap India Manufacturing 50:30:20,Strategy / Thematic / Other,2025-11-30,2025-11-28,15975.6,29.36
NIFTY500MULTICAPINDIAMANUFACTURING503020,Nifty500 Multicap India Manufacturing 50:30:20,Strategy / Thematic / Other,2025-12-31,2025-12-31,15975.05,29.65
NIFTY500MULTICAPINDIAMANUFACTURING503020,Nifty500 Multicap India Manufacturing 50:30:20,Strategy / Thematic / Other,2026-01-31,2026-01-30,15287.9,28.01
NIFTY500MULTICAPINDIAMANUFACTURING503020,Nifty500 Multicap India Manufacturing 50:30:20,Strategy / Thematic / Other,2026-02-28,2026-02-27,15892.3,29.73
NIFTY500MULTICAPINDIAMANUFACTURING503020,Nifty500 Multicap India Manufacturing 50:30:20,Strategy / Thematic / Other,2026-03-31,2026-03-30,14359.1,27.01
NIFTY500MULTICAPINDIAMANUFACTURING503020,Nifty500 Multicap India Manufacturing 50:30:20,Strategy / Thematic / Other,2026-04-30,2026-04-30,16020.65,30.17
NIFTY500MULTICAPINDIAMANUFACTURING503020,Nifty500 Multicap India Manufacturing 50:30:20,Strategy / Thematic / Other,2026-05-31,2026-05-29,16192.15,29.45
NIFTY500MULTICAPINDIAMANUFACTURING503020,Nifty500 Multicap India Manufacturing 50:30:20,Strategy / Thematic / Other,2026-06-30,2026-06-30,16212.35,28.87
NIFTY500MULTICAPINDIAMANUFACTURING503020,Nifty500 Multicap India Manufacturing 50:30:20,Strategy / Thematic / Other,2026-07-31,2026-07-31,16734.4,31.63
NIFTY500MULTICAPINDIAMANUFACTURING503020,Nifty500 Multicap India Manufacturing 50:30:20,Strategy / Thematic / Other,2026-08-31,2026-08-31,17013.85,31.38
NIFTY500MULTICAPINFRASTRUCTURE503020,Nifty500 Multicap Infrastructure 50:30:20,Strategy / Thematic / Other,2024-03-31,2024-03-28,12656.18,24.3
NIFTY500MULTICAPINFRASTRUCTURE503020,Nifty500 Multicap Infrastructure 50:30:20,Strategy / Thematic / Other,2024-04-30,2024-04-30,13249.7,25.35
NIFTY500MULTICAPINFRASTRUCTURE503020,Nifty500 Multicap Infrastructure 50:30:20,Strategy / Thematic / Other,2024-05-31,2024-05-31,13365.65,27.14
NIFTY500MULTICAPINFRASTRUCTURE503020,Nifty500 Multicap Infrastructure 50:30:20,Strategy / Thematic / Other,2024-06-30,2024-06-28,14487.05,28.5
NIFTY500MULTICAPINFRASTRUCTURE503020,Nifty500 Multicap Infrastructure 50:30:20,Strategy / Thematic / Other,2024-07-31,2024-07-31,15049.5,31.2
NIFTY500MULTICAPINFRASTRUCTURE503020,Nifty500 Multicap Infrastructure 50:30:20,Strategy / Thematic / Other,2024-08-31,2024-08-30,14844.35,30.79
NIFTY500MULTICAPINFRASTRUCTURE503020,Nifty500 Multicap Infrastructure 50:30:20,Strategy / Thematic / Other,2024-09-30,2024-09-30,15039.95,31.93
NIFTY500MULTICAPINFRASTRUCTURE503020,Nifty500 Multicap Infrastructure 50:30:20,Strategy / Thematic / Other,2024-10-31,2024-10-31,13953.75,31.26
NIFTY500MULTICAPINFRASTRUCTURE503020,Nifty500 Multicap Infrastructure 50:30:20,Strategy / Thematic / Other,2024-11-30,2024-11-29,13800.4,31.02
NIFTY500MULTICAPINFRASTRUCTURE503020,Nifty500 Multicap Infrastructure 50:30:20,Strategy / Thematic / Other,2024-12-31,2024-12-31,13677.6,31.02
NIFTY500MULTICAPINFRASTRUCTURE503020,Nifty500 Multicap Infrastructure 50:30:20,Strategy / Thematic / Other,2025-01-31,2025-01-31,13068.95,28.92
NIFTY500MULTICAPINFRASTRUCTURE503020,Nifty500 Multicap Infrastructure 50:30:20,Strategy / Thematic / Other,2025-02-28,2025-02-28,11710.55,25.01
NIFTY500MULTICAPINFRASTRUCTURE503020,Nifty500 Multicap Infrastructure 50:30:20,Strategy / Thematic / Other,2025-03-31,2025-03-28,12924.5,27.27
NIFTY500MULTICAPINFRASTRUCTURE503020,Nifty500 Multicap Infrastructure 50:30:20,Strategy / Thematic / Other,2025-04-30,2025-04-30,13410.7,27.3
NIFTY500MULTICAPINFRASTRUCTURE503020,Nifty500 Multicap Infrastructure 50:30:20,Strategy / Thematic / Other,2025-05-31,2025-05-30,13900.85,27.21
NIFTY500MULTICAPINFRASTRUCTURE503020,Nifty500 Multicap Infrastructure 50:30:20,Strategy / Thematic / Other,2025-06-30,2025-06-30,14510.25,28.27
NIFTY500MULTICAPINFRASTRUCTURE503020,Nifty500 Multicap Infrastructure 50:30:20,Strategy / Thematic / Other,2025-07-31,2025-07-31,13992.55,26.74
NIFTY500MULTICAPINFRASTRUCTURE503020,Nifty500 Multicap Infrastructure 50:30:20,Strategy / Thematic / Other,2025-08-31,2025-08-29,13551.6,25.01
NIFTY500MULTICAPINFRASTRUCTURE503020,Nifty500 Multicap Infrastructure 50:30:20,Strategy / Thematic / Other,2025-09-30,2025-09-30,13805.15,26.34
NIFTY500MULTICAPINFRASTRUCTURE503020,Nifty500 Multicap Infrastructure 50:30:20,Strategy / Thematic / Other,2025-10-31,2025-10-31,14577.35,27.15
NIFTY500MULTICAPINFRASTRUCTURE503020,Nifty500 Multicap Infrastructure 50:30:20,Strategy / Thematic / Other,2025-11-30,2025-11-28,14548.55,26.66
NIFTY500MULTICAPINFRASTRUCTURE503020,Nifty500 Multicap Infrastructure 50:30:20,Strategy / Thematic / Other,2025-12-31,2025-12-31,14471.25,26.58
NIFTY500MULTICAPINFRASTRUCTURE503020,Nifty500 Multicap Infrastructure 50:30:20,Strategy / Thematic / Other,2026-01-31,2026-01-30,13719.5,24.91
NIFTY500MULTICAPINFRASTRUCTURE503020,Nifty500 Multicap Infrastructure 50:30:20,Strategy / Thematic / Other,2026-02-28,2026-02-27,14178.5,26.19
NIFTY500MULTICAPINFRASTRUCTURE503020,Nifty500 Multicap Infrastructure 50:30:20,Strategy / Thematic / Other,2026-03-31,2026-03-30,12696.1,23.77
NIFTY500MULTICAPINFRASTRUCTURE503020,Nifty500 Multicap Infrastructure 50:30:20,Strategy / Thematic / Other,2026-04-30,2026-04-30,14416.95,27.02
NIFTY500MULTICAPINFRASTRUCTURE503020,Nifty500 Multicap Infrastructure 50:30:20,Strategy / Thematic / Other,2026-05-31,2026-05-29,14423.2,22.88
NIFTY500MULTICAPINFRASTRUCTURE503020,Nifty500 Multicap Infrastructure 50:30:20,Strategy / Thematic / Other,2026-06-30,2026-06-30,14645.55,23.3
NIFTY500MULTICAPINFRASTRUCTURE503020,Nifty500 Multicap Infrastructure 50:30:20,Strategy / Thematic / Other,2026-07-31,2026-07-31,14642.95,25.33
NIFTY500MULTICAPINFRASTRUCTURE503020,Nifty500 Multicap Infrastructure 50:30:20,Strategy / Thematic / Other,2026-08-31,2026-08-31,14459.05,24.48
NIFTY500MULTICAPMOMENTUMQUALITY50,Nifty500 Multicap Momentum Quality 50,Strategy / Thematic / Other,2024-09-30,2024-09-30,48866.13,23.69
NIFTY500MULTICAPMOMENTUMQUALITY50,Nifty500 Multicap Momentum Quality 50,Strategy / Thematic / Other,2024-10-31,2024-10-31,45591.79,22.15
NIFTY500MULTICAPMOMENTUMQUALITY50,Nifty500 Multicap Momentum Quality 50,Strategy / Thematic / Other,2024-11-30,2024-11-29,46312.79,22.04
NIFTY500MULTICAPMOMENTUMQUALITY50,Nifty500 Multicap Momentum Quality 50,Strategy / Thematic / Other,2024-12-31,2024-12-31,45089.85,48.57
NIFTY500MULTICAPMOMENTUMQUALITY50,Nifty500 Multicap Momentum Quality 50,Strategy / Thematic / Other,2025-01-31,2025-01-31,40371.15,42.98
NIFTY500MULTICAPMOMENTUMQUALITY50,Nifty500 Multicap Momentum Quality 50,Strategy / Thematic / Other,2025-02-28,2025-02-28,35152.95,36.79
NIFTY500MULTICAPMOMENTUMQUALITY50,Nifty500 Multicap Momentum Quality 50,Strategy / Thematic / Other,2025-03-31,2025-03-28,38217.3,41.63
NIFTY500MULTICAPMOMENTUMQUALITY50,Nifty500 Multicap Momentum Quality 50,Strategy / Thematic / Other,2025-04-30,2025-04-30,39327.35,42.94
NIFTY500MULTICAPMOMENTUMQUALITY50,Nifty500 Multicap Momentum Quality 50,Strategy / Thematic / Other,2025-05-31,2025-05-30,42184.8,45.04
NIFTY500MULTICAPMOMENTUMQUALITY50,Nifty500 Multicap Momentum Quality 50,Strategy / Thematic / Other,2025-06-30,2025-06-30,43992.25,43.63
NIFTY500MULTICAPMOMENTUMQUALITY50,Nifty500 Multicap Momentum Quality 50,Strategy / Thematic / Other,2025-07-31,2025-07-31,41098.55,40.16
NIFTY500MULTICAPMOMENTUMQUALITY50,Nifty500 Multicap Momentum Quality 50,Strategy / Thematic / Other,2025-08-31,2025-08-29,39958.7,37.48
NIFTY500MULTICAPMOMENTUMQUALITY50,Nifty500 Multicap Momentum Quality 50,Strategy / Thematic / Other,2025-09-30,2025-09-30,40444.75,37.97
NIFTY500MULTICAPMOMENTUMQUALITY50,Nifty500 Multicap Momentum Quality 50,Strategy / Thematic / Other,2025-10-31,2025-10-31,42435.4,39.77
NIFTY500MULTICAPMOMENTUMQUALITY50,Nifty500 Multicap Momentum Quality 50,Strategy / Thematic / Other,2025-11-30,2025-11-28,42504.1,36.88
NIFTY500MULTICAPMOMENTUMQUALITY50,Nifty500 Multicap Momentum Quality 50,Strategy / Thematic / Other,2025-12-31,2025-12-31,41157.25,34.71
NIFTY500MULTICAPMOMENTUMQUALITY50,Nifty500 Multicap Momentum Quality 50,Strategy / Thematic / Other,2026-01-31,2026-01-30,40474.2,33.87
NIFTY500MULTICAPMOMENTUMQUALITY50,Nifty500 Multicap Momentum Quality 50,Strategy / Thematic / Other,2026-02-28,2026-02-27,40472.9,32.56
NIFTY500MULTICAPMOMENTUMQUALITY50,Nifty500 Multicap Momentum Quality 50,Strategy / Thematic / Other,2026-03-31,2026-03-30,36407.1,29.29
NIFTY500MULTICAPMOMENTUMQUALITY50,Nifty500 Multicap Momentum Quality 50,Strategy / Thematic / Other,2026-04-30,2026-04-30,41572,32.97
NIFTY500MULTICAPMOMENTUMQUALITY50,Nifty500 Multicap Momentum Quality 50,Strategy / Thematic / Other,2026-05-31,2026-05-29,42472,32.7
NIFTY500MULTICAPMOMENTUMQUALITY50,Nifty500 Multicap Momentum Quality 50,Strategy / Thematic / Other,2026-06-30,2026-06-30,41474.55,31.42
NIFTY500MULTICAPMOMENTUMQUALITY50,Nifty500 Multicap Momentum Quality 50,Strategy / Thematic / Other,2026-07-31,2026-07-31,40728.75,30.65
NIFTY500MULTICAPMOMENTUMQUALITY50,Nifty500 Multicap Momentum Quality 50,Strategy / Thematic / Other,2026-08-31,2026-08-31,42341.05,30.71
NIFTY500MULTIFACTORMQVLV50,Nifty500 Multifactor Mqvlv 50,Strategy / Thematic / Other,2025-02-28,2025-02-28,26338.29,16.71
NIFTY500MULTIFACTORMQVLV50,Nifty500 Multifactor Mqvlv 50,Strategy / Thematic / Other,2025-03-31,2025-03-28,28559.2,18.22
NIFTY500MULTIFACTORMQVLV50,Nifty500 Multifactor Mqvlv 50,Strategy / Thematic / Other,2025-04-30,2025-04-30,29608.5,19.03
NIFTY500MULTIFACTORMQVLV50,Nifty500 Multifactor Mqvlv 50,Strategy / Thematic / Other,2025-05-31,2025-05-30,30726.7,19.48
NIFTY500MULTIFACTORMQVLV50,Nifty500 Multifactor Mqvlv 50,Strategy / Thematic / Other,2025-06-30,2025-06-30,31911.75,19
NIFTY500MULTIFACTORMQVLV50,Nifty500 Multifactor Mqvlv 50,Strategy / Thematic / Other,2025-07-31,2025-07-31,30660.95,18.32
NIFTY500MULTIFACTORMQVLV50,Nifty500 Multifactor Mqvlv 50,Strategy / Thematic / Other,2025-08-31,2025-08-29,29999.3,17.38
NIFTY500MULTIFACTORMQVLV50,Nifty500 Multifactor Mqvlv 50,Strategy / Thematic / Other,2025-09-30,2025-09-30,30945.45,17.92
NIFTY500MULTIFACTORMQVLV50,Nifty500 Multifactor Mqvlv 50,Strategy / Thematic / Other,2025-10-31,2025-10-31,31665.15,17.52
NIFTY500MULTIFACTORMQVLV50,Nifty500 Multifactor Mqvlv 50,Strategy / Thematic / Other,2025-11-30,2025-11-28,31854.55,17.18
NIFTY500MULTIFACTORMQVLV50,Nifty500 Multifactor Mqvlv 50,Strategy / Thematic / Other,2025-12-31,2025-12-31,31730.8,15.64
NIFTY500MULTIFACTORMQVLV50,Nifty500 Multifactor Mqvlv 50,Strategy / Thematic / Other,2026-01-31,2026-01-30,31097.4,15.05
NIFTY500MULTIFACTORMQVLV50,Nifty500 Multifactor Mqvlv 50,Strategy / Thematic / Other,2026-02-28,2026-02-27,32313.2,15.1
NIFTY500MULTIFACTORMQVLV50,Nifty500 Multifactor Mqvlv 50,Strategy / Thematic / Other,2026-03-31,2026-03-30,28459.05,13.29
NIFTY500MULTIFACTORMQVLV50,Nifty500 Multifactor Mqvlv 50,Strategy / Thematic / Other,2026-04-30,2026-04-30,30891.3,14.2
NIFTY500MULTIFACTORMQVLV50,Nifty500 Multifactor Mqvlv 50,Strategy / Thematic / Other,2026-05-31,2026-05-29,30747,13.67
NIFTY500MULTIFACTORMQVLV50,Nifty500 Multifactor Mqvlv 50,Strategy / Thematic / Other,2026-06-30,2026-06-30,30806.75,13.66
NIFTY500MULTIFACTORMQVLV50,Nifty500 Multifactor Mqvlv 50,Strategy / Thematic / Other,2026-07-31,2026-07-31,31290.85,14.24
NIFTY500MULTIFACTORMQVLV50,Nifty500 Multifactor Mqvlv 50,Strategy / Thematic / Other,2026-08-31,2026-08-31,30585.8,14.05
NIFTY500QUALITY50,Nifty500 Quality 50,Strategy / Thematic / Other,2024-12-31,2024-12-31,19589.67,25.11
NIFTY500QUALITY50,Nifty500 Quality 50,Strategy / Thematic / Other,2025-01-31,2025-01-31,18089.08,23.3
NIFTY500QUALITY50,Nifty500 Quality 50,Strategy / Thematic / Other,2025-02-28,2025-02-28,16002.41,20.54
NIFTY500QUALITY50,Nifty500 Quality 50,Strategy / Thematic / Other,2025-03-31,2025-03-28,17428.5,22.75
NIFTY500QUALITY50,Nifty500 Quality 50,Strategy / Thematic / Other,2025-04-30,2025-04-30,17847.6,23.54
NIFTY500QUALITY50,Nifty500 Quality 50,Strategy / Thematic / Other,2025-05-31,2025-05-30,19365.5,26.18
NIFTY500QUALITY50,Nifty500 Quality 50,Strategy / Thematic / Other,2025-06-30,2025-06-30,20140.25,31.16
NIFTY500QUALITY50,Nifty500 Quality 50,Strategy / Thematic / Other,2025-07-31,2025-07-31,19118.7,29.66
NIFTY500QUALITY50,Nifty500 Quality 50,Strategy / Thematic / Other,2025-08-31,2025-08-29,18516.2,28.38
NIFTY500QUALITY50,Nifty500 Quality 50,Strategy / Thematic / Other,2025-09-30,2025-09-30,18697.65,28.67
NIFTY500QUALITY50,Nifty500 Quality 50,Strategy / Thematic / Other,2025-10-31,2025-10-31,19422.9,29.47
NIFTY500QUALITY50,Nifty500 Quality 50,Strategy / Thematic / Other,2025-11-30,2025-11-28,19168.45,27.89
NIFTY500QUALITY50,Nifty500 Quality 50,Strategy / Thematic / Other,2025-12-31,2025-12-31,18856.45,30.97
NIFTY500QUALITY50,Nifty500 Quality 50,Strategy / Thematic / Other,2026-01-31,2026-01-30,18572.4,30.34
NIFTY500QUALITY50,Nifty500 Quality 50,Strategy / Thematic / Other,2026-02-28,2026-02-27,18236.6,29.2
NIFTY500QUALITY50,Nifty500 Quality 50,Strategy / Thematic / Other,2026-03-31,2026-03-30,16709.15,26.74
NIFTY500QUALITY50,Nifty500 Quality 50,Strategy / Thematic / Other,2026-04-30,2026-04-30,19406.7,30.54
NIFTY500QUALITY50,Nifty500 Quality 50,Strategy / Thematic / Other,2026-05-31,2026-05-29,19788.05,31
NIFTY500QUALITY50,Nifty500 Quality 50,Strategy / Thematic / Other,2026-06-30,2026-06-30,19393.75,26.97
NIFTY500QUALITY50,Nifty500 Quality 50,Strategy / Thematic / Other,2026-07-31,2026-07-31,19758.85,26.99
NIFTY500QUALITY50,Nifty500 Quality 50,Strategy / Thematic / Other,2026-08-31,2026-08-31,19867.7,26.64
NIFTY500SHARIAH,Nifty500 Shariah,Strategy / Thematic / Other,2021-04-30,2021-04-30,4340.72,33.57
NIFTY500SHARIAH,Nifty500 Shariah,Strategy / Thematic / Other,2021-05-31,2021-05-31,4610.64,34.12
NIFTY500SHARIAH,Nifty500 Shariah,Strategy / Thematic / Other,2021-06-30,2021-06-30,4857.44,33.77
NIFTY500SHARIAH,Nifty500 Shariah,Strategy / Thematic / Other,2021-07-31,2021-07-30,4924.45,33.2
NIFTY500SHARIAH,Nifty500 Shariah,Strategy / Thematic / Other,2021-08-31,2021-08-31,5273.36,32.71
NIFTY500SHARIAH,Nifty500 Shariah,Strategy / Thematic / Other,2021-09-30,2021-09-30,5347.34,33.19
NIFTY500SHARIAH,Nifty500 Shariah,Strategy / Thematic / Other,2021-10-31,2021-10-29,5201.15,29.42
NIFTY500SHARIAH,Nifty500 Shariah,Strategy / Thematic / Other,2021-11-30,2021-11-30,5208.13,28.27
NIFTY500SHARIAH,Nifty500 Shariah,Strategy / Thematic / Other,2021-12-31,2021-12-31,5496.45,29.89
NIFTY500SHARIAH,Nifty500 Shariah,Strategy / Thematic / Other,2022-01-31,2022-01-31,5255.12,28.4
NIFTY500SHARIAH,Nifty500 Shariah,Strategy / Thematic / Other,2022-02-28,2022-02-28,5045.76,26.51
NIFTY500SHARIAH,Nifty500 Shariah,Strategy / Thematic / Other,2022-03-31,2022-03-31,5283.83,27.67
NIFTY500SHARIAH,Nifty500 Shariah,Strategy / Thematic / Other,2022-04-30,2022-04-29,5128.54,26.54
NIFTY500SHARIAH,Nifty500 Shariah,Strategy / Thematic / Other,2022-05-31,2022-05-31,4899.13,25.44
NIFTY500SHARIAH,Nifty500 Shariah,Strategy / Thematic / Other,2022-06-30,2022-06-30,4662.15,24.1
NIFTY500SHARIAH,Nifty500 Shariah,Strategy / Thematic / Other,2022-07-31,2022-07-29,5093.6,26.12
NIFTY500SHARIAH,Nifty500 Shariah,Strategy / Thematic / Other,2022-08-31,2022-08-30,5217.64,23.53
NIFTY500SHARIAH,Nifty500 Shariah,Strategy / Thematic / Other,2022-09-30,2022-09-30,5087.69,22.4
NIFTY500SHARIAH,Nifty500 Shariah,Strategy / Thematic / Other,2022-10-31,2022-10-31,5204.25,21.94
NIFTY500SHARIAH,Nifty500 Shariah,Strategy / Thematic / Other,2022-11-30,2022-11-30,5380.33,24.94
NIFTY500SHARIAH,Nifty500 Shariah,Strategy / Thematic / Other,2022-12-31,2022-12-30,5185.16,24.24
NIFTY500SHARIAH,Nifty500 Shariah,Strategy / Thematic / Other,2023-01-31,2023-01-31,5072.53,23.69
NIFTY500SHARIAH,Nifty500 Shariah,Strategy / Thematic / Other,2023-02-28,2023-02-28,4902.21,24.21
NIFTY500SHARIAH,Nifty500 Shariah,Strategy / Thematic / Other,2023-03-31,2023-03-31,4890.5,23.92
NIFTY500SHARIAH,Nifty500 Shariah,Strategy / Thematic / Other,2023-04-30,2023-04-28,4958.43,24.11
NIFTY500SHARIAH,Nifty500 Shariah,Strategy / Thematic / Other,2023-05-31,2023-05-31,5206.26,26.68
NIFTY500SHARIAH,Nifty500 Shariah,Strategy / Thematic / Other,2023-06-30,2023-06-30,5389.48,27.62
NIFTY500SHARIAH,Nifty500 Shariah,Strategy / Thematic / Other,2023-07-31,2023-07-31,5562.38,27.32
NIFTY500SHARIAH,Nifty500 Shariah,Strategy / Thematic / Other,2023-08-31,2023-08-31,5640.78,27.59
NIFTY500SHARIAH,Nifty500 Shariah,Strategy / Thematic / Other,2023-09-30,2023-09-29,5727.84,29.05
NIFTY500SHARIAH,Nifty500 Shariah,Strategy / Thematic / Other,2023-10-31,2023-10-31,5554.37,28.06
NIFTY500SHARIAH,Nifty500 Shariah,Strategy / Thematic / Other,2023-11-30,2023-11-30,5943.71,29.82
NIFTY500SHARIAH,Nifty500 Shariah,Strategy / Thematic / Other,2023-12-31,2023-12-29,6410.93,32.08
NIFTY500SHARIAH,Nifty500 Shariah,Strategy / Thematic / Other,2024-01-31,2024-01-31,6576.4,32.15
NIFTY500SHARIAH,Nifty500 Shariah,Strategy / Thematic / Other,2024-02-29,2024-02-29,6697.74,32.81
NIFTY500SHARIAH,Nifty500 Shariah,Strategy / Thematic / Other,2024-03-31,2024-03-28,6571.13,32.06
NIFTY500SHARIAH,Nifty500 Shariah,Strategy / Thematic / Other,2024-04-30,2024-04-30,6735.68,32.53
NIFTY500SHARIAH,Nifty500 Shariah,Strategy / Thematic / Other,2024-05-31,2024-05-31,6813.49,31.6
NIFTY500SHARIAH,Nifty500 Shariah,Strategy / Thematic / Other,2024-06-30,2024-06-28,7385.1,34
NIFTY500SHARIAH,Nifty500 Shariah,Strategy / Thematic / Other,2024-07-31,2024-07-31,7946.16,37.51
NIFTY500SHARIAH,Nifty500 Shariah,Strategy / Thematic / Other,2024-08-31,2024-08-30,8096.1,37.62
NIFTY500SHARIAH,Nifty500 Shariah,Strategy / Thematic / Other,2024-09-30,2024-09-30,8206.63,35.66
NIFTY500SHARIAH,Nifty500 Shariah,Strategy / Thematic / Other,2024-10-31,2024-10-31,7592.28,33.9
NIFTY500SHARIAH,Nifty500 Shariah,Strategy / Thematic / Other,2024-11-30,2024-11-29,7533.26,33.89
NIFTY500SHARIAH,Nifty500 Shariah,Strategy / Thematic / Other,2024-12-31,2024-12-31,7463.25,33.7
NIFTY500SHARIAH,Nifty500 Shariah,Strategy / Thematic / Other,2025-01-31,2025-01-31,7061.55,31.9
NIFTY500SHARIAH,Nifty500 Shariah,Strategy / Thematic / Other,2025-02-28,2025-02-28,6264.5,28.09
NIFTY500SHARIAH,Nifty500 Shariah,Strategy / Thematic / Other,2025-03-31,2025-03-28,6697.7,30.18
NIFTY500SHARIAH,Nifty500 Shariah,Strategy / Thematic / Other,2025-04-30,2025-04-30,6812.75,30.79
NIFTY500SHARIAH,Nifty500 Shariah,Strategy / Thematic / Other,2025-05-31,2025-05-30,7038.05,31.35
NIFTY500SHARIAH,Nifty500 Shariah,Strategy / Thematic / Other,2025-06-30,2025-06-30,7228,31.76
NIFTY500SHARIAH,Nifty500 Shariah,Strategy / Thematic / Other,2025-07-31,2025-07-31,7042.05,28.61
NIFTY500SHARIAH,Nifty500 Shariah,Strategy / Thematic / Other,2025-08-31,2025-08-29,6991.1,28.3
NIFTY500SHARIAH,Nifty500 Shariah,Strategy / Thematic / Other,2025-09-30,2025-09-30,6932.5,28.42
NIFTY500SHARIAH,Nifty500 Shariah,Strategy / Thematic / Other,2025-10-31,2025-10-31,7119.2,28.33
NIFTY500SHARIAH,Nifty500 Shariah,Strategy / Thematic / Other,2025-11-30,2025-11-28,7158.25,28.08
NIFTY500SHARIAH,Nifty500 Shariah,Strategy / Thematic / Other,2025-12-31,2025-12-31,7160.75,28.21
NIFTY500SHARIAH,Nifty500 Shariah,Strategy / Thematic / Other,2026-01-31,2026-01-30,6983.45,27.37
NIFTY500SHARIAH,Nifty500 Shariah,Strategy / Thematic / Other,2026-02-28,2026-02-27,6845.45,27.45
NIFTY500SHARIAH,Nifty500 Shariah,Strategy / Thematic / Other,2026-03-31,2026-03-30,6215.15,25.87
NIFTY500SHARIAH,Nifty500 Shariah,Strategy / Thematic / Other,2026-04-30,2026-04-30,6819.5,28
NIFTY500SHARIAH,Nifty500 Shariah,Strategy / Thematic / Other,2026-05-31,2026-05-29,6915.2,28.88
NIFTY500SHARIAH,Nifty500 Shariah,Strategy / Thematic / Other,2026-06-30,2026-06-30,6802.45,28.12
NIFTY500SHARIAH,Nifty500 Shariah,Strategy / Thematic / Other,2026-07-31,2026-07-31,7031.8,29.14
NIFTY500SHARIAH,Nifty500 Shariah,Strategy / Thematic / Other,2026-08-31,2026-08-31,7074.35,28.54
NIFTY500VALUE50,Nifty500 Value 50,Strategy / Thematic / Other,2021-04-30,2021-04-30,4867.47,13.79
NIFTY500VALUE50,Nifty500 Value 50,Strategy / Thematic / Other,2021-05-31,2021-05-31,5402.19,11.01
NIFTY500VALUE50,Nifty500 Value 50,Strategy / Thematic / Other,2021-06-30,2021-06-30,5544.28,9.26
NIFTY500VALUE50,Nifty500 Value 50,Strategy / Thematic / Other,2021-07-31,2021-07-30,5640.08,9.24
NIFTY500VALUE50,Nifty500 Value 50,Strategy / Thematic / Other,2021-08-31,2021-08-31,5583.1,7.81
NIFTY500VALUE50,Nifty500 Value 50,Strategy / Thematic / Other,2021-09-30,2021-09-30,6117.47,8.52
NIFTY500VALUE50,Nifty500 Value 50,Strategy / Thematic / Other,2021-10-31,2021-10-29,6256.1,8.67
NIFTY500VALUE50,Nifty500 Value 50,Strategy / Thematic / Other,2021-11-30,2021-11-30,5852.85,7.35
NIFTY500VALUE50,Nifty500 Value 50,Strategy / Thematic / Other,2021-12-31,2021-12-31,5934.66,5.8
NIFTY500VALUE50,Nifty500 Value 50,Strategy / Thematic / Other,2022-01-31,2022-01-31,6329.11,6.15
NIFTY500VALUE50,Nifty500 Value 50,Strategy / Thematic / Other,2022-02-28,2022-02-28,6099.13,5.52
NIFTY500VALUE50,Nifty500 Value 50,Strategy / Thematic / Other,2022-03-31,2022-03-31,6340.31,5.75
NIFTY500VALUE50,Nifty500 Value 50,Strategy / Thematic / Other,2022-04-30,2022-04-29,6420.4,5.82
NIFTY500VALUE50,Nifty500 Value 50,Strategy / Thematic / Other,2022-05-31,2022-05-31,5973.92,5.35
NIFTY500VALUE50,Nifty500 Value 50,Strategy / Thematic / Other,2022-06-30,2022-06-30,5541.62,5
NIFTY500VALUE50,Nifty500 Value 50,Strategy / Thematic / Other,2022-07-31,2022-07-29,6055.32,5.41
NIFTY500VALUE50,Nifty500 Value 50,Strategy / Thematic / Other,2022-08-31,2022-08-30,6372.26,6.24
NIFTY500VALUE50,Nifty500 Value 50,Strategy / Thematic / Other,2022-09-30,2022-09-30,6034.29,5.91
NIFTY500VALUE50,Nifty500 Value 50,Strategy / Thematic / Other,2022-10-31,2022-10-31,6435.24,6.24
NIFTY500VALUE50,Nifty500 Value 50,Strategy / Thematic / Other,2022-11-30,2022-11-30,6954.91,7.54
NIFTY500VALUE50,Nifty500 Value 50,Strategy / Thematic / Other,2022-12-31,2022-12-30,7058.28,7.14
NIFTY500VALUE50,Nifty500 Value 50,Strategy / Thematic / Other,2023-01-31,2023-01-31,7115.05,7.3
NIFTY500VALUE50,Nifty500 Value 50,Strategy / Thematic / Other,2023-02-28,2023-02-28,6735.88,7.2
NIFTY500VALUE50,Nifty500 Value 50,Strategy / Thematic / Other,2023-03-31,2023-03-31,6887.29,7.34
NIFTY500VALUE50,Nifty500 Value 50,Strategy / Thematic / Other,2023-04-30,2023-04-28,7323.81,7.78
NIFTY500VALUE50,Nifty500 Value 50,Strategy / Thematic / Other,2023-05-31,2023-05-31,7389.13,7.83
NIFTY500VALUE50,Nifty500 Value 50,Strategy / Thematic / Other,2023-06-30,2023-06-30,7794.73,8.13
NIFTY500VALUE50,Nifty500 Value 50,Strategy / Thematic / Other,2023-07-31,2023-07-31,8502.2,8.28
NIFTY500VALUE50,Nifty500 Value 50,Strategy / Thematic / Other,2023-08-31,2023-08-31,8385.8,7.2
NIFTY500VALUE50,Nifty500 Value 50,Strategy / Thematic / Other,2023-09-30,2023-09-29,9179.96,7.89
NIFTY500VALUE50,Nifty500 Value 50,Strategy / Thematic / Other,2023-10-31,2023-10-31,8882.4,7.27
NIFTY500VALUE50,Nifty500 Value 50,Strategy / Thematic / Other,2023-11-30,2023-11-30,9988.46,7.47
NIFTY500VALUE50,Nifty500 Value 50,Strategy / Thematic / Other,2023-12-31,2023-12-29,11364.37,9
NIFTY500VALUE50,Nifty500 Value 50,Strategy / Thematic / Other,2024-01-31,2024-01-31,12254.01,9.56
NIFTY500VALUE50,Nifty500 Value 50,Strategy / Thematic / Other,2024-02-29,2024-02-29,12625.95,10.05
NIFTY500VALUE50,Nifty500 Value 50,Strategy / Thematic / Other,2024-03-31,2024-03-28,12693.2,10.11
NIFTY500VALUE50,Nifty500 Value 50,Strategy / Thematic / Other,2024-04-30,2024-04-30,14047.15,11.75
NIFTY500VALUE50,Nifty500 Value 50,Strategy / Thematic / Other,2024-05-31,2024-05-31,14192.83,11.68
NIFTY500VALUE50,Nifty500 Value 50,Strategy / Thematic / Other,2024-06-30,2024-06-28,14734.18,11.8
NIFTY500VALUE50,Nifty500 Value 50,Strategy / Thematic / Other,2024-07-31,2024-07-31,15616.3,12.97
NIFTY500VALUE50,Nifty500 Value 50,Strategy / Thematic / Other,2024-08-31,2024-08-30,15431.09,13.09
NIFTY500VALUE50,Nifty500 Value 50,Strategy / Thematic / Other,2024-09-30,2024-09-30,15537.35,13.19
NIFTY500VALUE50,Nifty500 Value 50,Strategy / Thematic / Other,2024-10-31,2024-10-31,14363.78,12.64
NIFTY500VALUE50,Nifty500 Value 50,Strategy / Thematic / Other,2024-11-30,2024-11-29,14251.85,12.21
NIFTY500VALUE50,Nifty500 Value 50,Strategy / Thematic / Other,2024-12-31,2024-12-31,13481.1,10.81
NIFTY500VALUE50,Nifty500 Value 50,Strategy / Thematic / Other,2025-01-31,2025-01-31,13182.25,10.65
NIFTY500VALUE50,Nifty500 Value 50,Strategy / Thematic / Other,2025-02-28,2025-02-28,12010.65,9.36
NIFTY500VALUE50,Nifty500 Value 50,Strategy / Thematic / Other,2025-03-31,2025-03-28,13302.85,10.37
NIFTY500VALUE50,Nifty500 Value 50,Strategy / Thematic / Other,2025-04-30,2025-04-30,13437.85,10.49
NIFTY500VALUE50,Nifty500 Value 50,Strategy / Thematic / Other,2025-05-31,2025-05-30,13826.25,10.7
NIFTY500VALUE50,Nifty500 Value 50,Strategy / Thematic / Other,2025-06-30,2025-06-30,14365.4,11.01
NIFTY500VALUE50,Nifty500 Value 50,Strategy / Thematic / Other,2025-07-31,2025-07-31,13860.6,10.68
NIFTY500VALUE50,Nifty500 Value 50,Strategy / Thematic / Other,2025-08-31,2025-08-29,13571.75,10.06
NIFTY500VALUE50,Nifty500 Value 50,Strategy / Thematic / Other,2025-09-30,2025-09-30,14456.3,10.12
NIFTY500VALUE50,Nifty500 Value 50,Strategy / Thematic / Other,2025-10-31,2025-10-31,15138.4,10.38
NIFTY500VALUE50,Nifty500 Value 50,Strategy / Thematic / Other,2025-11-30,2025-11-28,14978.45,9.92
NIFTY500VALUE50,Nifty500 Value 50,Strategy / Thematic / Other,2025-12-31,2025-12-31,15534.2,9.79
NIFTY500VALUE50,Nifty500 Value 50,Strategy / Thematic / Other,2026-01-31,2026-01-30,15969.9,9.94
NIFTY500VALUE50,Nifty500 Value 50,Strategy / Thematic / Other,2026-02-28,2026-02-27,16854.05,10.42
NIFTY500VALUE50,Nifty500 Value 50,Strategy / Thematic / Other,2026-03-31,2026-03-30,14937.7,9.23
NIFTY500VALUE50,Nifty500 Value 50,Strategy / Thematic / Other,2026-04-30,2026-04-30,16554.2,10.15
NIFTY500VALUE50,Nifty500 Value 50,Strategy / Thematic / Other,2026-05-31,2026-05-29,16576.7,10.8
NIFTY500VALUE50,Nifty500 Value 50,Strategy / Thematic / Other,2026-06-30,2026-06-30,16116.95,9.83
NIFTY500VALUE50,Nifty500 Value 50,Strategy / Thematic / Other,2026-07-31,2026-07-31,16147.85,10.48
NIFTY500VALUE50,Nifty500 Value 50,Strategy / Thematic / Other,2026-08-31,2026-08-31,16005.15,10.42
NIFTY50EQUALWEIGHT,Nifty50 Equal Weight,Strategy / Thematic / Other,2021-04-30,2021-04-30,16331.4,33.75
NIFTY50EQUALWEIGHT,Nifty50 Equal Weight,Strategy / Thematic / Other,2021-05-31,2021-05-31,17448.6,25.73
NIFTY50EQUALWEIGHT,Nifty50 Equal Weight,Strategy / Thematic / Other,2021-06-30,2021-06-30,17666.05,24.11
NIFTY50EQUALWEIGHT,Nifty50 Equal Weight,Strategy / Thematic / Other,2021-07-31,2021-07-30,17858.85,23.12
NIFTY50EQUALWEIGHT,Nifty50 Equal Weight,Strategy / Thematic / Other,2021-08-31,2021-08-31,19038.2,20.83
NIFTY50EQUALWEIGHT,Nifty50 Equal Weight,Strategy / Thematic / Other,2021-09-30,2021-09-30,19717.65,21.01
NIFTY50EQUALWEIGHT,Nifty50 Equal Weight,Strategy / Thematic / Other,2021-10-31,2021-10-29,19692.55,20.25
NIFTY50EQUALWEIGHT,Nifty50 Equal Weight,Strategy / Thematic / Other,2021-11-30,2021-11-30,18870.6,18.01
NIFTY50EQUALWEIGHT,Nifty50 Equal Weight,Strategy / Thematic / Other,2021-12-31,2021-12-31,19382.45,18.01
NIFTY50EQUALWEIGHT,Nifty50 Equal Weight,Strategy / Thematic / Other,2022-01-31,2022-01-31,19496.85,17.92
NIFTY50EQUALWEIGHT,Nifty50 Equal Weight,Strategy / Thematic / Other,2022-02-28,2022-02-28,18880.2,16.19
NIFTY50EQUALWEIGHT,Nifty50 Equal Weight,Strategy / Thematic / Other,2022-03-31,2022-03-31,19445.6,19.34
NIFTY50EQUALWEIGHT,Nifty50 Equal Weight,Strategy / Thematic / Other,2022-04-30,2022-04-29,19477.15,19.22
NIFTY50EQUALWEIGHT,Nifty50 Equal Weight,Strategy / Thematic / Other,2022-05-31,2022-05-31,18789.9,18.09
NIFTY50EQUALWEIGHT,Nifty50 Equal Weight,Strategy / Thematic / Other,2022-06-30,2022-06-30,17668.95,15.74
NIFTY50EQUALWEIGHT,Nifty50 Equal Weight,Strategy / Thematic / Other,2022-07-31,2022-07-29,19585.55,17.55
NIFTY50EQUALWEIGHT,Nifty50 Equal Weight,Strategy / Thematic / Other,2022-08-31,2022-08-30,20337.55,18.25
NIFTY50EQUALWEIGHT,Nifty50 Equal Weight,Strategy / Thematic / Other,2022-09-30,2022-09-30,19707.05,17.62
NIFTY50EQUALWEIGHT,Nifty50 Equal Weight,Strategy / Thematic / Other,2022-10-31,2022-10-31,20548.75,18.51
NIFTY50EQUALWEIGHT,Nifty50 Equal Weight,Strategy / Thematic / Other,2022-11-30,2022-11-30,21266.05,20.17
NIFTY50EQUALWEIGHT,Nifty50 Equal Weight,Strategy / Thematic / Other,2022-12-31,2022-12-30,20614.95,20.11
NIFTY50EQUALWEIGHT,Nifty50 Equal Weight,Strategy / Thematic / Other,2023-01-31,2023-01-31,20244.15,19.43
NIFTY50EQUALWEIGHT,Nifty50 Equal Weight,Strategy / Thematic / Other,2023-02-28,2023-02-28,19493.1,18.97
NIFTY50EQUALWEIGHT,Nifty50 Equal Weight,Strategy / Thematic / Other,2023-03-31,2023-03-31,19618.6,19.21
NIFTY50EQUALWEIGHT,Nifty50 Equal Weight,Strategy / Thematic / Other,2023-04-30,2023-04-28,20678.65,20.07
NIFTY50EQUALWEIGHT,Nifty50 Equal Weight,Strategy / Thematic / Other,2023-05-31,2023-05-31,21498,21.02
NIFTY50EQUALWEIGHT,Nifty50 Equal Weight,Strategy / Thematic / Other,2023-06-30,2023-06-30,22442.8,21.35
NIFTY50EQUALWEIGHT,Nifty50 Equal Weight,Strategy / Thematic / Other,2023-07-31,2023-07-31,23128.8,20.29
NIFTY50EQUALWEIGHT,Nifty50 Equal Weight,Strategy / Thematic / Other,2023-08-31,2023-08-31,22716.65,19.58
NIFTY50EQUALWEIGHT,Nifty50 Equal Weight,Strategy / Thematic / Other,2023-09-30,2023-09-29,23566.35,20.41
NIFTY50EQUALWEIGHT,Nifty50 Equal Weight,Strategy / Thematic / Other,2023-10-31,2023-10-31,23007.35,18.54
NIFTY50EQUALWEIGHT,Nifty50 Equal Weight,Strategy / Thematic / Other,2023-11-30,2023-11-30,24755.15,19.89
NIFTY50EQUALWEIGHT,Nifty50 Equal Weight,Strategy / Thematic / Other,2023-12-31,2023-12-29,26755.15,22.01
NIFTY50EQUALWEIGHT,Nifty50 Equal Weight,Strategy / Thematic / Other,2024-01-31,2024-01-31,27125.3,21.76
NIFTY50EQUALWEIGHT,Nifty50 Equal Weight,Strategy / Thematic / Other,2024-02-29,2024-02-29,27721.4,22.58
NIFTY50EQUALWEIGHT,Nifty50 Equal Weight,Strategy / Thematic / Other,2024-03-31,2024-03-28,28146,22.89
NIFTY50EQUALWEIGHT,Nifty50 Equal Weight,Strategy / Thematic / Other,2024-04-30,2024-04-30,28447.45,22.45
NIFTY50EQUALWEIGHT,Nifty50 Equal Weight,Strategy / Thematic / Other,2024-05-31,2024-05-31,28493.3,21.82
NIFTY50EQUALWEIGHT,Nifty50 Equal Weight,Strategy / Thematic / Other,2024-06-30,2024-06-28,30256.4,23.15
NIFTY50EQUALWEIGHT,Nifty50 Equal Weight,Strategy / Thematic / Other,2024-07-31,2024-07-31,31940.45,24.86
NIFTY50EQUALWEIGHT,Nifty50 Equal Weight,Strategy / Thematic / Other,2024-08-31,2024-08-30,32469.95,25.09
NIFTY50EQUALWEIGHT,Nifty50 Equal Weight,Strategy / Thematic / Other,2024-09-30,2024-09-30,33349.9,25.58
NIFTY50EQUALWEIGHT,Nifty50 Equal Weight,Strategy / Thematic / Other,2024-10-31,2024-10-31,30656.65,23.95
NIFTY50EQUALWEIGHT,Nifty50 Equal Weight,Strategy / Thematic / Other,2024-11-30,2024-11-29,29910.2,22.88
NIFTY50EQUALWEIGHT,Nifty50 Equal Weight,Strategy / Thematic / Other,2024-12-31,2024-12-31,29357.1,21.96
NIFTY50EQUALWEIGHT,Nifty50 Equal Weight,Strategy / Thematic / Other,2025-01-31,2025-01-31,29429.95,21.75
NIFTY50EQUALWEIGHT,Nifty50 Equal Weight,Strategy / Thematic / Other,2025-02-28,2025-02-28,27541.9,20.18
NIFTY50EQUALWEIGHT,Nifty50 Equal Weight,Strategy / Thematic / Other,2025-03-31,2025-03-28,29215.85,22.28
NIFTY50EQUALWEIGHT,Nifty50 Equal Weight,Strategy / Thematic / Other,2025-04-30,2025-04-30,30209.55,22.92
NIFTY50EQUALWEIGHT,Nifty50 Equal Weight,Strategy / Thematic / Other,2025-05-31,2025-05-30,30907.3,24.29
NIFTY50EQUALWEIGHT,Nifty50 Equal Weight,Strategy / Thematic / Other,2025-06-30,2025-06-30,32053.75,24.26
NIFTY50EQUALWEIGHT,Nifty50 Equal Weight,Strategy / Thematic / Other,2025-07-31,2025-07-31,30995.9,23.47
NIFTY50EQUALWEIGHT,Nifty50 Equal Weight,Strategy / Thematic / Other,2025-08-31,2025-08-29,31096.1,23.29
NIFTY50EQUALWEIGHT,Nifty50 Equal Weight,Strategy / Thematic / Other,2025-09-30,2025-09-30,31553.9,23.77
NIFTY50EQUALWEIGHT,Nifty50 Equal Weight,Strategy / Thematic / Other,2025-10-31,2025-10-31,32867.5,24.81
NIFTY50EQUALWEIGHT,Nifty50 Equal Weight,Strategy / Thematic / Other,2025-11-30,2025-11-28,33216.25,24.68
NIFTY50EQUALWEIGHT,Nifty50 Equal Weight,Strategy / Thematic / Other,2025-12-31,2025-12-31,33331,24.74
NIFTY50EQUALWEIGHT,Nifty50 Equal Weight,Strategy / Thematic / Other,2026-01-31,2026-01-30,32701.65,24.46
NIFTY50EQUALWEIGHT,Nifty50 Equal Weight,Strategy / Thematic / Other,2026-02-28,2026-02-27,33083.1,25.07
NIFTY50EQUALWEIGHT,Nifty50 Equal Weight,Strategy / Thematic / Other,2026-03-31,2026-03-30,29556.95,22.93
NIFTY50EQUALWEIGHT,Nifty50 Equal Weight,Strategy / Thematic / Other,2026-04-30,2026-04-30,32264.45,24.99
NIFTY50EQUALWEIGHT,Nifty50 Equal Weight,Strategy / Thematic / Other,2026-05-31,2026-05-29,32390.95,24.71
NIFTY50EQUALWEIGHT,Nifty50 Equal Weight,Strategy / Thematic / Other,2026-06-30,2026-06-30,32369.55,23.85
NIFTY50EQUALWEIGHT,Nifty50 Equal Weight,Strategy / Thematic / Other,2026-07-31,2026-07-31,33391.95,24.37
NIFTY50EQUALWEIGHT,Nifty50 Equal Weight,Strategy / Thematic / Other,2026-08-31,2026-08-31,32982.1,24.09
NIFTY50SHARIAH,Nifty50 Shariah,Strategy / Thematic / Other,2021-04-30,2021-04-30,3521.21,32.6
NIFTY50SHARIAH,Nifty50 Shariah,Strategy / Thematic / Other,2021-05-31,2021-05-31,3694.14,33.4
NIFTY50SHARIAH,Nifty50 Shariah,Strategy / Thematic / Other,2021-06-30,2021-06-30,3937.74,32.72
NIFTY50SHARIAH,Nifty50 Shariah,Strategy / Thematic / Other,2021-07-31,2021-07-30,3903.01,31.64
NIFTY50SHARIAH,Nifty50 Shariah,Strategy / Thematic / Other,2021-08-31,2021-08-31,4294.93,32.09
NIFTY50SHARIAH,Nifty50 Shariah,Strategy / Thematic / Other,2021-09-30,2021-09-30,4317.83,32.39
NIFTY50SHARIAH,Nifty50 Shariah,Strategy / Thematic / Other,2021-10-31,2021-10-29,4146.4,27.92
NIFTY50SHARIAH,Nifty50 Shariah,Strategy / Thematic / Other,2021-11-30,2021-11-30,4157.47,26.45
NIFTY50SHARIAH,Nifty50 Shariah,Strategy / Thematic / Other,2021-12-31,2021-12-31,4422.09,28.13
NIFTY50SHARIAH,Nifty50 Shariah,Strategy / Thematic / Other,2022-01-31,2022-01-31,4199.09,26.49
NIFTY50SHARIAH,Nifty50 Shariah,Strategy / Thematic / Other,2022-02-28,2022-02-28,4069.41,24.48
NIFTY50SHARIAH,Nifty50 Shariah,Strategy / Thematic / Other,2022-03-31,2022-03-31,4263.65,25.54
NIFTY50SHARIAH,Nifty50 Shariah,Strategy / Thematic / Other,2022-04-30,2022-04-29,4012.7,23.58
NIFTY50SHARIAH,Nifty50 Shariah,Strategy / Thematic / Other,2022-05-31,2022-05-31,3848.67,22.91
NIFTY50SHARIAH,Nifty50 Shariah,Strategy / Thematic / Other,2022-06-30,2022-06-30,3674.54,21.68
NIFTY50SHARIAH,Nifty50 Shariah,Strategy / Thematic / Other,2022-07-31,2022-07-29,3954.32,23.22
NIFTY50SHARIAH,Nifty50 Shariah,Strategy / Thematic / Other,2022-08-31,2022-08-30,3936.01,18.64
NIFTY50SHARIAH,Nifty50 Shariah,Strategy / Thematic / Other,2022-09-30,2022-09-30,3779.45,18.78
NIFTY50SHARIAH,Nifty50 Shariah,Strategy / Thematic / Other,2022-10-31,2022-10-31,3916.62,19.32
NIFTY50SHARIAH,Nifty50 Shariah,Strategy / Thematic / Other,2022-11-30,2022-11-30,4123.93,22.46
NIFTY50SHARIAH,Nifty50 Shariah,Strategy / Thematic / Other,2022-12-31,2022-12-30,3941.84,21.48
NIFTY50SHARIAH,Nifty50 Shariah,Strategy / Thematic / Other,2023-01-31,2023-01-31,3930.23,21.16
NIFTY50SHARIAH,Nifty50 Shariah,Strategy / Thematic / Other,2023-02-28,2023-02-28,3757.41,21.31
NIFTY50SHARIAH,Nifty50 Shariah,Strategy / Thematic / Other,2023-03-31,2023-03-31,3750.32,21.2
NIFTY50SHARIAH,Nifty50 Shariah,Strategy / Thematic / Other,2023-04-30,2023-04-28,3710.63,20.77
NIFTY50SHARIAH,Nifty50 Shariah,Strategy / Thematic / Other,2023-05-31,2023-05-31,3879.71,23.22
NIFTY50SHARIAH,Nifty50 Shariah,Strategy / Thematic / Other,2023-06-30,2023-06-30,3977.86,23.69
NIFTY50SHARIAH,Nifty50 Shariah,Strategy / Thematic / Other,2023-07-31,2023-07-31,4054.34,23.28
NIFTY50SHARIAH,Nifty50 Shariah,Strategy / Thematic / Other,2023-08-31,2023-08-31,4065.67,23
NIFTY50SHARIAH,Nifty50 Shariah,Strategy / Thematic / Other,2023-09-30,2023-09-29,4162.53,25.24
NIFTY50SHARIAH,Nifty50 Shariah,Strategy / Thematic / Other,2023-10-31,2023-10-31,4048.12,24.25
NIFTY50SHARIAH,Nifty50 Shariah,Strategy / Thematic / Other,2023-11-30,2023-11-30,4288.58,26.24
NIFTY50SHARIAH,Nifty50 Shariah,Strategy / Thematic / Other,2023-12-31,2023-12-29,4632.44,28.15
NIFTY50SHARIAH,Nifty50 Shariah,Strategy / Thematic / Other,2024-01-31,2024-01-31,4730.6,28.24
NIFTY50SHARIAH,Nifty50 Shariah,Strategy / Thematic / Other,2024-02-29,2024-02-29,4826,29.43
NIFTY50SHARIAH,Nifty50 Shariah,Strategy / Thematic / Other,2024-03-31,2024-03-28,4640.33,27.93
NIFTY50SHARIAH,Nifty50 Shariah,Strategy / Thematic / Other,2024-04-30,2024-04-30,4566.29,27.06
NIFTY50SHARIAH,Nifty50 Shariah,Strategy / Thematic / Other,2024-05-31,2024-05-31,4530.22,23.86
NIFTY50SHARIAH,Nifty50 Shariah,Strategy / Thematic / Other,2024-06-30,2024-06-28,4889.58,25.74
NIFTY50SHARIAH,Nifty50 Shariah,Strategy / Thematic / Other,2024-07-31,2024-07-31,5441.92,28.21
NIFTY50SHARIAH,Nifty50 Shariah,Strategy / Thematic / Other,2024-08-31,2024-08-30,5602.75,29.69
NIFTY50SHARIAH,Nifty50 Shariah,Strategy / Thematic / Other,2024-09-30,2024-09-30,5624.72,29.2
NIFTY50SHARIAH,Nifty50 Shariah,Strategy / Thematic / Other,2024-10-31,2024-10-31,5160.86,27.4
NIFTY50SHARIAH,Nifty50 Shariah,Strategy / Thematic / Other,2024-11-30,2024-11-29,5108.83,27.76
NIFTY50SHARIAH,Nifty50 Shariah,Strategy / Thematic / Other,2024-12-31,2024-12-31,5048.15,27.42
NIFTY50SHARIAH,Nifty50 Shariah,Strategy / Thematic / Other,2025-01-31,2025-01-31,4946.1,26.47
NIFTY50SHARIAH,Nifty50 Shariah,Strategy / Thematic / Other,2025-02-28,2025-02-28,4411.85,23.65
NIFTY50SHARIAH,Nifty50 Shariah,Strategy / Thematic / Other,2025-03-31,2025-03-28,4644.45,25.82
NIFTY50SHARIAH,Nifty50 Shariah,Strategy / Thematic / Other,2025-04-30,2025-04-30,4720.95,26.06
NIFTY50SHARIAH,Nifty50 Shariah,Strategy / Thematic / Other,2025-05-31,2025-05-30,4712.5,26.24
NIFTY50SHARIAH,Nifty50 Shariah,Strategy / Thematic / Other,2025-06-30,2025-06-30,4825.9,26.85
NIFTY50SHARIAH,Nifty50 Shariah,Strategy / Thematic / Other,2025-07-31,2025-07-31,4603.7,23.3
NIFTY50SHARIAH,Nifty50 Shariah,Strategy / Thematic / Other,2025-08-31,2025-08-29,4637.75,23.6
NIFTY50SHARIAH,Nifty50 Shariah,Strategy / Thematic / Other,2025-09-30,2025-09-30,4507.25,23.57
NIFTY50SHARIAH,Nifty50 Shariah,Strategy / Thematic / Other,2025-10-31,2025-10-31,4664.15,24.18
NIFTY50SHARIAH,Nifty50 Shariah,Strategy / Thematic / Other,2025-11-30,2025-11-28,4784.85,25.04
NIFTY50SHARIAH,Nifty50 Shariah,Strategy / Thematic / Other,2025-12-31,2025-12-31,4811.45,25.05
NIFTY50SHARIAH,Nifty50 Shariah,Strategy / Thematic / Other,2026-01-31,2026-01-30,4796.2,25.3
NIFTY50SHARIAH,Nifty50 Shariah,Strategy / Thematic / Other,2026-02-28,2026-02-27,4440.25,24.7
NIFTY50SHARIAH,Nifty50 Shariah,Strategy / Thematic / Other,2026-03-31,2026-03-30,4118.8,22.91
NIFTY50SHARIAH,Nifty50 Shariah,Strategy / Thematic / Other,2026-04-30,2026-04-30,4339.15,23.59
NIFTY50SHARIAH,Nifty50 Shariah,Strategy / Thematic / Other,2026-05-31,2026-05-29,4307.75,24.44
NIFTY50SHARIAH,Nifty50 Shariah,Strategy / Thematic / Other,2026-06-30,2026-06-30,4111.2,22.83
NIFTY50SHARIAH,Nifty50 Shariah,Strategy / Thematic / Other,2026-07-31,2026-07-31,4371.85,24.06
NIFTY50SHARIAH,Nifty50 Shariah,Strategy / Thematic / Other,2026-08-31,2026-08-31,4293,23.83
NIFTY50USD,Nifty50 Usd,Strategy / Thematic / Other,2021-04-30,2021-04-30,6844.22,
NIFTY50USD,Nifty50 Usd,Strategy / Thematic / Other,2021-05-31,2021-05-31,7434.94,
NIFTY50USD,Nifty50 Usd,Strategy / Thematic / Other,2021-06-30,2021-06-30,7328.81,
NIFTY50USD,Nifty50 Usd,Strategy / Thematic / Other,2021-07-31,2021-07-30,7339.77,
NIFTY50USD,Nifty50 Usd,Strategy / Thematic / Other,2021-08-31,2021-08-31,8131.09,
NIFTY50USD,Nifty50 Usd,Strategy / Thematic / Other,2021-09-30,2021-09-30,8224.29,
NIFTY50USD,Nifty50 Usd,Strategy / Thematic / Other,2021-10-31,2021-10-29,8177.24,
NIFTY50USD,Nifty50 Usd,Strategy / Thematic / Other,2021-11-30,2021-11-30,7830.33,
NIFTY50USD,Nifty50 Usd,Strategy / Thematic / Other,2021-12-31,2021-12-31,8089.22,
NIFTY50USD,Nifty50 Usd,Strategy / Thematic / Other,2022-01-31,2022-01-31,8051.54,
NIFTY50USD,Nifty50 Usd,Strategy / Thematic / Other,2022-02-28,2022-02-28,7723,
NIFTY50USD,Nifty50 Usd,Strategy / Thematic / Other,2022-03-31,2022-03-31,7986.2,
NIFTY50USD,Nifty50 Usd,Strategy / Thematic / Other,2022-04-30,2022-04-29,7752.29,
NIFTY50USD,Nifty50 Usd,Strategy / Thematic / Other,2022-05-31,2022-05-31,7401.89,
NIFTY50USD,Nifty50 Usd,Strategy / Thematic / Other,2022-06-30,2022-06-30,6923.74,
NIFTY50USD,Nifty50 Usd,Strategy / Thematic / Other,2022-07-31,2022-07-29,7500.92,
NIFTY50USD,Nifty50 Usd,Strategy / Thematic / Other,2022-08-31,2022-08-30,7744.45,
NIFTY50USD,Nifty50 Usd,Strategy / Thematic / Other,2022-09-30,2022-09-30,7281.01,
NIFTY50USD,Nifty50 Usd,Strategy / Thematic / Other,2022-10-31,2022-10-31,7539.76,
NIFTY50USD,Nifty50 Usd,Strategy / Thematic / Other,2022-11-30,2022-11-30,7981.43,
NIFTY50USD,Nifty50 Usd,Strategy / Thematic / Other,2022-12-31,2022-12-30,7583.08,
NIFTY50USD,Nifty50 Usd,Strategy / Thematic / Other,2023-01-31,2023-01-31,7469.83,
NIFTY50USD,Nifty50 Usd,Strategy / Thematic / Other,2023-02-28,2023-02-28,7252.92,
NIFTY50USD,Nifty50 Usd,Strategy / Thematic / Other,2023-03-31,2023-03-31,7319.25,
NIFTY50USD,Nifty50 Usd,Strategy / Thematic / Other,2023-04-30,2023-04-28,7648.83,
NIFTY50USD,Nifty50 Usd,Strategy / Thematic / Other,2023-05-31,2023-05-31,7762.62,
NIFTY50USD,Nifty50 Usd,Strategy / Thematic / Other,2023-06-30,2023-06-30,8104.96,
NIFTY50USD,Nifty50 Usd,Strategy / Thematic / Other,2023-07-31,2023-07-31,8321.94,
NIFTY50USD,Nifty50 Usd,Strategy / Thematic / Other,2023-08-31,2023-08-31,8058.64,
NIFTY50USD,Nifty50 Usd,Strategy / Thematic / Other,2023-09-30,2023-09-29,8194.33,
NIFTY50USD,Nifty50 Usd,Strategy / Thematic / Other,2023-10-31,2023-10-31,7940.4,
NIFTY50USD,Nifty50 Usd,Strategy / Thematic / Other,2023-11-30,2023-11-30,8365.31,
NIFTY50USD,Nifty50 Usd,Strategy / Thematic / Other,2023-12-31,2023-12-29,9048.9,
NIFTY50USD,Nifty50 Usd,Strategy / Thematic / Other,2024-01-31,2024-01-31,9065.06,
NIFTY50USD,Nifty50 Usd,Strategy / Thematic / Other,2024-02-29,2024-02-29,9186.42,
NIFTY50USD,Nifty50 Usd,Strategy / Thematic / Other,2024-03-31,2024-03-28,9275.83,
NIFTY50USD,Nifty50 Usd,Strategy / Thematic / Other,2024-04-30,2024-04-30,9387.51,
NIFTY50USD,Nifty50 Usd,Strategy / Thematic / Other,2024-05-31,2024-05-31,9352.79,
NIFTY50USD,Nifty50 Usd,Strategy / Thematic / Other,2024-06-30,2024-06-28,9977.13,
NIFTY50USD,Nifty50 Usd,Strategy / Thematic / Other,2024-07-31,2024-07-31,10325.7,
NIFTY50USD,Nifty50 Usd,Strategy / Thematic / Other,2024-08-31,2024-08-30,10425.78,
NIFTY50USD,Nifty50 Usd,Strategy / Thematic / Other,2024-09-30,2024-09-30,10672.22,
NIFTY50USD,Nifty50 Usd,Strategy / Thematic / Other,2024-10-31,2024-10-31,9974.46,
NIFTY50USD,Nifty50 Usd,Strategy / Thematic / Other,2024-11-30,2024-11-29,9895.61,
NIFTY50USD,Nifty50 Usd,Strategy / Thematic / Other,2024-12-31,2024-12-31,9569.63,
NIFTY50USD,Nifty50 Usd,Strategy / Thematic / Other,2025-01-31,2025-01-31,9404.31,
NIFTY50USD,Nifty50 Usd,Strategy / Thematic / Other,2025-02-28,2025-02-28,8761.01,
NIFTY50USD,Nifty50 Usd,Strategy / Thematic / Other,2025-03-31,2025-03-28,9534.58,
NIFTY50USD,Nifty50 Usd,Strategy / Thematic / Other,2025-04-30,2025-04-30,9980.38,
NIFTY50USD,Nifty50 Usd,Strategy / Thematic / Other,2025-05-31,2025-05-30,10021.75,
NIFTY50USD,Nifty50 Usd,Strategy / Thematic / Other,2025-06-30,2025-06-30,10309.76,
NIFTY50USD,Nifty50 Usd,Strategy / Thematic / Other,2025-07-31,2025-07-31,9797.21,
NIFTY50USD,Nifty50 Usd,Strategy / Thematic / Other,2025-08-31,2025-08-29,9593.74,
NIFTY50USD,Nifty50 Usd,Strategy / Thematic / Other,2025-09-30,2025-09-30,9604.53,
NIFTY50USD,Nifty50 Usd,Strategy / Thematic / Other,2025-10-31,2025-10-31,10040.09,
NIFTY50USD,Nifty50 Usd,Strategy / Thematic / Other,2025-11-30,2025-11-28,10150.44,
NIFTY50USD,Nifty50 Usd,Strategy / Thematic / Other,2025-12-31,2025-12-31,10073.4,
NIFTY50USD,Nifty50 Usd,Strategy / Thematic / Other,2026-01-31,2026-01-30,9537.82,
NIFTY50USD,Nifty50 Usd,Strategy / Thematic / Other,2026-02-28,2026-02-27,9589.76,
NIFTY50USD,Nifty50 Usd,Strategy / Thematic / Other,2026-03-31,2026-03-30,8158.08,
NIFTY50USD,Nifty50 Usd,Strategy / Thematic / Other,2026-04-30,2026-04-30,8760.74,
NIFTY50USD,Nifty50 Usd,Strategy / Thematic / Other,2026-05-31,2026-05-29,8588.72,
NIFTY50USD,Nifty50 Usd,Strategy / Thematic / Other,2026-06-30,2026-06-30,8736.1,
NIFTY50USD,Nifty50 Usd,Strategy / Thematic / Other,2026-07-31,2026-07-31,8854.92,
NIFTY50USD,Nifty50 Usd,Strategy / Thematic / Other,2026-08-31,2026-08-31,8766.29,
NIFTY50VALUE20,Nifty50 Value 20,Strategy / Thematic / Other,2021-04-30,2021-04-30,7409.35,25.06
NIFTY50VALUE20,Nifty50 Value 20,Strategy / Thematic / Other,2021-05-31,2021-05-31,7803.05,24.94
NIFTY50VALUE20,Nifty50 Value 20,Strategy / Thematic / Other,2021-06-30,2021-06-30,8064.55,23.82
NIFTY50VALUE20,Nifty50 Value 20,Strategy / Thematic / Other,2021-07-31,2021-07-30,8173.45,22.58
NIFTY50VALUE20,Nifty50 Value 20,Strategy / Thematic / Other,2021-08-31,2021-08-31,8799.55,22
NIFTY50VALUE20,Nifty50 Value 20,Strategy / Thematic / Other,2021-09-30,2021-09-30,9082.25,22.73
NIFTY50VALUE20,Nifty50 Value 20,Strategy / Thematic / Other,2021-10-31,2021-10-29,8744.3,20.25
NIFTY50VALUE20,Nifty50 Value 20,Strategy / Thematic / Other,2021-11-30,2021-11-30,8620,19.02
NIFTY50VALUE20,Nifty50 Value 20,Strategy / Thematic / Other,2021-12-31,2021-12-31,9174.35,17.86
NIFTY50VALUE20,Nifty50 Value 20,Strategy / Thematic / Other,2022-01-31,2022-01-31,8959.75,17.29
NIFTY50VALUE20,Nifty50 Value 20,Strategy / Thematic / Other,2022-02-28,2022-02-28,8694.05,16.06
NIFTY50VALUE20,Nifty50 Value 20,Strategy / Thematic / Other,2022-03-31,2022-03-31,9122.4,17.83
NIFTY50VALUE20,Nifty50 Value 20,Strategy / Thematic / Other,2022-04-30,2022-04-29,8752.65,16.91
NIFTY50VALUE20,Nifty50 Value 20,Strategy / Thematic / Other,2022-05-31,2022-05-31,8518.45,16.36
NIFTY50VALUE20,Nifty50 Value 20,Strategy / Thematic / Other,2022-06-30,2022-06-30,8078.75,15.6
NIFTY50VALUE20,Nifty50 Value 20,Strategy / Thematic / Other,2022-07-31,2022-07-29,8725.3,17.03
NIFTY50VALUE20,Nifty50 Value 20,Strategy / Thematic / Other,2022-08-31,2022-08-30,8885,17.39
NIFTY50VALUE20,Nifty50 Value 20,Strategy / Thematic / Other,2022-09-30,2022-09-30,8550.6,16.95
NIFTY50VALUE20,Nifty50 Value 20,Strategy / Thematic / Other,2022-10-31,2022-10-31,9013.35,18.13
NIFTY50VALUE20,Nifty50 Value 20,Strategy / Thematic / Other,2022-11-30,2022-11-30,9406.4,19.57
NIFTY50VALUE20,Nifty50 Value 20,Strategy / Thematic / Other,2022-12-31,2022-12-30,9093.6,16.29
NIFTY50VALUE20,Nifty50 Value 20,Strategy / Thematic / Other,2023-01-31,2023-01-31,9331.2,16.78
NIFTY50VALUE20,Nifty50 Value 20,Strategy / Thematic / Other,2023-02-28,2023-02-28,9189.55,17.28
NIFTY50VALUE20,Nifty50 Value 20,Strategy / Thematic / Other,2023-03-31,2023-03-31,9197.4,17.32
NIFTY50VALUE20,Nifty50 Value 20,Strategy / Thematic / Other,2023-04-30,2023-04-28,9285.4,17.36
NIFTY50VALUE20,Nifty50 Value 20,Strategy / Thematic / Other,2023-05-31,2023-05-31,9610.4,19.02
NIFTY50VALUE20,Nifty50 Value 20,Strategy / Thematic / Other,2023-06-30,2023-06-30,9861.45,19.35
NIFTY50VALUE20,Nifty50 Value 20,Strategy / Thematic / Other,2023-07-31,2023-07-31,10121.6,19.17
NIFTY50VALUE20,Nifty50 Value 20,Strategy / Thematic / Other,2023-08-31,2023-08-31,10008.5,18.73
NIFTY50VALUE20,Nifty50 Value 20,Strategy / Thematic / Other,2023-09-30,2023-09-29,10394.8,19.47
NIFTY50VALUE20,Nifty50 Value 20,Strategy / Thematic / Other,2023-10-31,2023-10-31,10091.45,18.03
NIFTY50VALUE20,Nifty50 Value 20,Strategy / Thematic / Other,2023-11-30,2023-11-30,10733.9,19.45
NIFTY50VALUE20,Nifty50 Value 20,Strategy / Thematic / Other,2023-12-31,2023-12-29,11618.7,18.54
NIFTY50VALUE20,Nifty50 Value 20,Strategy / Thematic / Other,2024-01-31,2024-01-31,11972.4,18.76
NIFTY50VALUE20,Nifty50 Value 20,Strategy / Thematic / Other,2024-02-29,2024-02-29,12284.55,19.62
NIFTY50VALUE20,Nifty50 Value 20,Strategy / Thematic / Other,2024-03-31,2024-03-28,12211.75,19.19
NIFTY50VALUE20,Nifty50 Value 20,Strategy / Thematic / Other,2024-04-30,2024-04-30,12414.35,19.17
NIFTY50VALUE20,Nifty50 Value 20,Strategy / Thematic / Other,2024-05-31,2024-05-31,12287.1,18.39
NIFTY50VALUE20,Nifty50 Value 20,Strategy / Thematic / Other,2024-06-30,2024-06-28,13047.75,19.61
NIFTY50VALUE20,Nifty50 Value 20,Strategy / Thematic / Other,2024-07-31,2024-07-31,14153.45,20.99
NIFTY50VALUE20,Nifty50 Value 20,Strategy / Thematic / Other,2024-08-31,2024-08-30,14348.25,21.28
NIFTY50VALUE20,Nifty50 Value 20,Strategy / Thematic / Other,2024-09-30,2024-09-30,14431.6,21.37
NIFTY50VALUE20,Nifty50 Value 20,Strategy / Thematic / Other,2024-10-31,2024-10-31,13625.25,19.96
NIFTY50VALUE20,Nifty50 Value 20,Strategy / Thematic / Other,2024-11-30,2024-11-29,13694.1,19.55
NIFTY50VALUE20,Nifty50 Value 20,Strategy / Thematic / Other,2024-12-31,2024-12-31,13435,17.4
NIFTY50VALUE20,Nifty50 Value 20,Strategy / Thematic / Other,2025-01-31,2025-01-31,13221.8,16.9
NIFTY50VALUE20,Nifty50 Value 20,Strategy / Thematic / Other,2025-02-28,2025-02-28,11966,15.09
NIFTY50VALUE20,Nifty50 Value 20,Strategy / Thematic / Other,2025-03-31,2025-03-28,12505.8,16.26
NIFTY50VALUE20,Nifty50 Value 20,Strategy / Thematic / Other,2025-04-30,2025-04-30,12615.05,16.35
NIFTY50VALUE20,Nifty50 Value 20,Strategy / Thematic / Other,2025-05-31,2025-05-30,12770.45,17.12
NIFTY50VALUE20,Nifty50 Value 20,Strategy / Thematic / Other,2025-06-30,2025-06-30,12961.45,17.3
NIFTY50VALUE20,Nifty50 Value 20,Strategy / Thematic / Other,2025-07-31,2025-07-31,12517.9,16.65
NIFTY50VALUE20,Nifty50 Value 20,Strategy / Thematic / Other,2025-08-31,2025-08-29,12489.8,16.5
NIFTY50VALUE20,Nifty50 Value 20,Strategy / Thematic / Other,2025-09-30,2025-09-30,12472.75,16.18
NIFTY50VALUE20,Nifty50 Value 20,Strategy / Thematic / Other,2025-10-31,2025-10-31,12943.8,16.91
NIFTY50VALUE20,Nifty50 Value 20,Strategy / Thematic / Other,2025-11-30,2025-11-28,13129.15,17.08
NIFTY50VALUE20,Nifty50 Value 20,Strategy / Thematic / Other,2025-12-31,2025-12-31,13275.55,17.33
NIFTY50VALUE20,Nifty50 Value 20,Strategy / Thematic / Other,2026-01-31,2026-01-30,13226.65,17.35
NIFTY50VALUE20,Nifty50 Value 20,Strategy / Thematic / Other,2026-02-28,2026-02-27,12890.05,17.15
NIFTY50VALUE20,Nifty50 Value 20,Strategy / Thematic / Other,2026-03-31,2026-03-30,11586,15.42
NIFTY50VALUE20,Nifty50 Value 20,Strategy / Thematic / Other,2026-04-30,2026-04-30,12260.75,16.11
NIFTY50VALUE20,Nifty50 Value 20,Strategy / Thematic / Other,2026-05-31,2026-05-29,11979.05,15.82
NIFTY50VALUE20,Nifty50 Value 20,Strategy / Thematic / Other,2026-06-30,2026-06-30,11855.95,14.72
NIFTY50VALUE20,Nifty50 Value 20,Strategy / Thematic / Other,2026-07-31,2026-07-31,11980.35,14.73
NIFTY50VALUE20,Nifty50 Value 20,Strategy / Thematic / Other,2026-08-31,2026-08-31,11838.1,14.73
NIFTYADITYABIRLAGROUP,NIFTY Aditya Birla Group,Strategy / Thematic / Other,2021-04-30,2021-04-30,4564.63,
NIFTYADITYABIRLAGROUP,NIFTY Aditya Birla Group,Strategy / Thematic / Other,2021-05-31,2021-05-31,4865.99,
NIFTYADITYABIRLAGROUP,NIFTY Aditya Birla Group,Strategy / Thematic / Other,2021-06-30,2021-06-30,4902.49,
NIFTYADITYABIRLAGROUP,NIFTY Aditya Birla Group,Strategy / Thematic / Other,2021-07-31,2021-07-30,5332.14,
NIFTYADITYABIRLAGROUP,NIFTY Aditya Birla Group,Strategy / Thematic / Other,2021-08-31,2021-08-31,5316.43,
NIFTYADITYABIRLAGROUP,NIFTY Aditya Birla Group,Strategy / Thematic / Other,2021-09-30,2021-09-30,5579.31,
NIFTYADITYABIRLAGROUP,NIFTY Aditya Birla Group,Strategy / Thematic / Other,2021-10-31,2021-10-29,5524.53,
NIFTYADITYABIRLAGROUP,NIFTY Aditya Birla Group,Strategy / Thematic / Other,2021-11-30,2021-11-30,5376.73,511.12
NIFTYADITYABIRLAGROUP,NIFTY Aditya Birla Group,Strategy / Thematic / Other,2021-12-31,2021-12-31,5734.48,335.69
NIFTYADITYABIRLAGROUP,NIFTY Aditya Birla Group,Strategy / Thematic / Other,2022-01-31,2022-01-31,5586.12,
NIFTYADITYABIRLAGROUP,NIFTY Aditya Birla Group,Strategy / Thematic / Other,2022-02-28,2022-02-28,5430.34,313.84
NIFTYADITYABIRLAGROUP,NIFTY Aditya Birla Group,Strategy / Thematic / Other,2022-03-31,2022-03-31,5502.91,318.06
NIFTYADITYABIRLAGROUP,NIFTY Aditya Birla Group,Strategy / Thematic / Other,2022-04-30,2022-04-29,5335.34,310.05
NIFTYADITYABIRLAGROUP,NIFTY Aditya Birla Group,Strategy / Thematic / Other,2022-05-31,2022-05-31,4760.66,75.53
NIFTYADITYABIRLAGROUP,NIFTY Aditya Birla Group,Strategy / Thematic / Other,2022-06-30,2022-06-30,4238.35,67.24
NIFTYADITYABIRLAGROUP,NIFTY Aditya Birla Group,Strategy / Thematic / Other,2022-07-31,2022-07-29,4963.17,80.98
NIFTYADITYABIRLAGROUP,NIFTY Aditya Birla Group,Strategy / Thematic / Other,2022-08-31,2022-08-30,5208.94,64.82
NIFTYADITYABIRLAGROUP,NIFTY Aditya Birla Group,Strategy / Thematic / Other,2022-09-30,2022-09-30,4992.12,62.12
NIFTYADITYABIRLAGROUP,NIFTY Aditya Birla Group,Strategy / Thematic / Other,2022-10-31,2022-10-31,5192.69,69.38
NIFTYADITYABIRLAGROUP,NIFTY Aditya Birla Group,Strategy / Thematic / Other,2022-11-30,2022-11-30,5463.6,101.66
NIFTYADITYABIRLAGROUP,NIFTY Aditya Birla Group,Strategy / Thematic / Other,2022-12-31,2022-12-30,5436.76,101.22
NIFTYADITYABIRLAGROUP,NIFTY Aditya Birla Group,Strategy / Thematic / Other,2023-01-31,2023-01-31,5279.96,112.83
NIFTYADITYABIRLAGROUP,NIFTY Aditya Birla Group,Strategy / Thematic / Other,2023-02-28,2023-02-28,5119.69,86.86
NIFTYADITYABIRLAGROUP,NIFTY Aditya Birla Group,Strategy / Thematic / Other,2023-03-31,2023-03-31,5210.21,88.44
NIFTYADITYABIRLAGROUP,NIFTY Aditya Birla Group,Strategy / Thematic / Other,2023-04-30,2023-04-28,5426,92.11
NIFTYADITYABIRLAGROUP,NIFTY Aditya Birla Group,Strategy / Thematic / Other,2023-05-31,2023-05-31,5452.57,229.44
NIFTYADITYABIRLAGROUP,NIFTY Aditya Birla Group,Strategy / Thematic / Other,2023-06-30,2023-06-30,5714.47,240.47
NIFTYADITYABIRLAGROUP,NIFTY Aditya Birla Group,Strategy / Thematic / Other,2023-07-31,2023-07-31,5954.47,233.02
NIFTYADITYABIRLAGROUP,NIFTY Aditya Birla Group,Strategy / Thematic / Other,2023-08-31,2023-08-31,5893.24,4536.97
NIFTYADITYABIRLAGROUP,NIFTY Aditya Birla Group,Strategy / Thematic / Other,2023-09-30,2023-09-29,6188.35,4764.79
NIFTYADITYABIRLAGROUP,NIFTY Aditya Birla Group,Strategy / Thematic / Other,2023-10-31,2023-10-31,6120.22,
NIFTYADITYABIRLAGROUP,NIFTY Aditya Birla Group,Strategy / Thematic / Other,2023-11-30,2023-11-30,6560.45,35764.51
NIFTYADITYABIRLAGROUP,NIFTY Aditya Birla Group,Strategy / Thematic / Other,2023-12-31,2023-12-29,7446.39,40595.32
NIFTYADITYABIRLAGROUP,NIFTY Aditya Birla Group,Strategy / Thematic / Other,2024-01-31,2024-01-31,7254.67,402.96
NIFTYADITYABIRLAGROUP,NIFTY Aditya Birla Group,Strategy / Thematic / Other,2024-02-29,2024-02-29,7008.39,
NIFTYADITYABIRLAGROUP,NIFTY Aditya Birla Group,Strategy / Thematic / Other,2024-03-31,2024-03-28,7076.43,
NIFTYALPHA50,NIFTY Alpha 50,Strategy / Thematic / Other,2021-04-30,2021-04-30,24547.7,
NIFTYALPHA50,NIFTY Alpha 50,Strategy / Thematic / Other,2021-05-31,2021-05-31,26292.35,
NIFTYALPHA50,NIFTY Alpha 50,Strategy / Thematic / Other,2021-06-30,2021-06-30,27135,55.12
NIFTYALPHA50,NIFTY Alpha 50,Strategy / Thematic / Other,2021-07-31,2021-07-30,28513.05,52.19
NIFTYALPHA50,NIFTY Alpha 50,Strategy / Thematic / Other,2021-08-31,2021-08-31,30213.4,41.25
NIFTYALPHA50,NIFTY Alpha 50,Strategy / Thematic / Other,2021-09-30,2021-09-30,31641.8,36.37
NIFTYALPHA50,NIFTY Alpha 50,Strategy / Thematic / Other,2021-10-31,2021-10-29,31388.8,34.84
NIFTYALPHA50,NIFTY Alpha 50,Strategy / Thematic / Other,2021-11-30,2021-11-30,32234.85,30.85
NIFTYALPHA50,NIFTY Alpha 50,Strategy / Thematic / Other,2021-12-31,2021-12-31,34605.05,35.34
NIFTYALPHA50,NIFTY Alpha 50,Strategy / Thematic / Other,2022-01-31,2022-01-31,33759.45,33.66
NIFTYALPHA50,NIFTY Alpha 50,Strategy / Thematic / Other,2022-02-28,2022-02-28,31885.3,30.72
NIFTYALPHA50,NIFTY Alpha 50,Strategy / Thematic / Other,2022-03-31,2022-03-31,35463.05,31.75
NIFTYALPHA50,NIFTY Alpha 50,Strategy / Thematic / Other,2022-04-30,2022-04-29,34333.15,30.2
NIFTYALPHA50,NIFTY Alpha 50,Strategy / Thematic / Other,2022-05-31,2022-05-31,30173.5,24.36
NIFTYALPHA50,NIFTY Alpha 50,Strategy / Thematic / Other,2022-06-30,2022-06-30,26214.1,29.75
NIFTYALPHA50,NIFTY Alpha 50,Strategy / Thematic / Other,2022-07-31,2022-07-29,28286.15,31.2
NIFTYALPHA50,NIFTY Alpha 50,Strategy / Thematic / Other,2022-08-31,2022-08-30,29957.6,25.36
NIFTYALPHA50,NIFTY Alpha 50,Strategy / Thematic / Other,2022-09-30,2022-09-30,29586.2,41.96
NIFTYALPHA50,NIFTY Alpha 50,Strategy / Thematic / Other,2022-10-31,2022-10-31,30520.5,41.44
NIFTYALPHA50,NIFTY Alpha 50,Strategy / Thematic / Other,2022-11-30,2022-11-30,30688.1,38.55
NIFTYALPHA50,NIFTY Alpha 50,Strategy / Thematic / Other,2022-12-31,2022-12-30,29685.5,17.97
NIFTYALPHA50,NIFTY Alpha 50,Strategy / Thematic / Other,2023-01-31,2023-01-31,27358.05,15.93
NIFTYALPHA50,NIFTY Alpha 50,Strategy / Thematic / Other,2023-02-28,2023-02-28,25277.2,14.15
NIFTYALPHA50,NIFTY Alpha 50,Strategy / Thematic / Other,2023-03-31,2023-03-31,25993.55,15.12
NIFTYALPHA50,NIFTY Alpha 50,Strategy / Thematic / Other,2023-04-30,2023-04-28,27659.4,16.12
NIFTYALPHA50,NIFTY Alpha 50,Strategy / Thematic / Other,2023-05-31,2023-05-31,29305.7,15.58
NIFTYALPHA50,NIFTY Alpha 50,Strategy / Thematic / Other,2023-06-30,2023-06-30,31290.15,16.42
NIFTYALPHA50,NIFTY Alpha 50,Strategy / Thematic / Other,2023-07-31,2023-07-31,33995.7,16.84
NIFTYALPHA50,NIFTY Alpha 50,Strategy / Thematic / Other,2023-08-31,2023-08-31,34723.85,16.39
NIFTYALPHA50,NIFTY Alpha 50,Strategy / Thematic / Other,2023-09-30,2023-09-29,36496.65,16.04
NIFTYALPHA50,NIFTY Alpha 50,Strategy / Thematic / Other,2023-10-31,2023-10-31,35216.15,14.89
NIFTYALPHA50,NIFTY Alpha 50,Strategy / Thematic / Other,2023-11-30,2023-11-30,39097.85,16.44
NIFTYALPHA50,NIFTY Alpha 50,Strategy / Thematic / Other,2023-12-31,2023-12-29,42306.3,26.68
NIFTYALPHA50,NIFTY Alpha 50,Strategy / Thematic / Other,2024-01-31,2024-01-31,47075.2,27.97
NIFTYALPHA50,NIFTY Alpha 50,Strategy / Thematic / Other,2024-02-29,2024-02-29,46491.55,27.23
NIFTYALPHA50,NIFTY Alpha 50,Strategy / Thematic / Other,2024-03-31,2024-03-28,47200.3,27.39
NIFTYALPHA50,NIFTY Alpha 50,Strategy / Thematic / Other,2024-04-30,2024-04-30,50494.7,29.07
NIFTYALPHA50,NIFTY Alpha 50,Strategy / Thematic / Other,2024-05-31,2024-05-31,53190.65,29.95
NIFTYALPHA50,NIFTY Alpha 50,Strategy / Thematic / Other,2024-06-30,2024-06-28,56314.8,30.79
NIFTYALPHA50,NIFTY Alpha 50,Strategy / Thematic / Other,2024-07-31,2024-07-31,60090.65,31.66
NIFTYALPHA50,NIFTY Alpha 50,Strategy / Thematic / Other,2024-08-31,2024-08-30,60274.95,31.33
NIFTYALPHA50,NIFTY Alpha 50,Strategy / Thematic / Other,2024-09-30,2024-09-30,60409.8,41.61
NIFTYALPHA50,NIFTY Alpha 50,Strategy / Thematic / Other,2024-10-31,2024-10-31,56150.2,39.48
NIFTYALPHA50,NIFTY Alpha 50,Strategy / Thematic / Other,2024-11-30,2024-11-29,56108.85,37.8
NIFTYALPHA50,NIFTY Alpha 50,Strategy / Thematic / Other,2024-12-31,2024-12-31,56293.05,42.38
NIFTYALPHA50,NIFTY Alpha 50,Strategy / Thematic / Other,2025-01-31,2025-01-31,49962.65,36.28
NIFTYALPHA50,NIFTY Alpha 50,Strategy / Thematic / Other,2025-02-28,2025-02-28,42264.05,29.46
NIFTYALPHA50,NIFTY Alpha 50,Strategy / Thematic / Other,2025-03-31,2025-03-28,46004.55,41.36
NIFTYALPHA50,NIFTY Alpha 50,Strategy / Thematic / Other,2025-04-30,2025-04-30,47670.8,43.68
NIFTYALPHA50,NIFTY Alpha 50,Strategy / Thematic / Other,2025-05-31,2025-05-30,51179.25,40.78
NIFTYALPHA50,NIFTY Alpha 50,Strategy / Thematic / Other,2025-06-30,2025-06-30,53900.45,51.51
NIFTYALPHA50,NIFTY Alpha 50,Strategy / Thematic / Other,2025-07-31,2025-07-31,52171,46.41
NIFTYALPHA50,NIFTY Alpha 50,Strategy / Thematic / Other,2025-08-31,2025-08-29,49066.25,42.22
NIFTYALPHA50,NIFTY Alpha 50,Strategy / Thematic / Other,2025-09-30,2025-09-30,48722.95,40.37
NIFTYALPHA50,NIFTY Alpha 50,Strategy / Thematic / Other,2025-10-31,2025-10-31,50867.3,42.21
NIFTYALPHA50,NIFTY Alpha 50,Strategy / Thematic / Other,2025-11-30,2025-11-28,52105.25,51.63
NIFTYALPHA50,NIFTY Alpha 50,Strategy / Thematic / Other,2025-12-31,2025-12-31,50309.15,33.05
NIFTYALPHA50,NIFTY Alpha 50,Strategy / Thematic / Other,2026-01-31,2026-01-30,48636.85,31
NIFTYALPHA50,NIFTY Alpha 50,Strategy / Thematic / Other,2026-02-28,2026-02-27,50663.15,31.48
NIFTYALPHA50,NIFTY Alpha 50,Strategy / Thematic / Other,2026-03-31,2026-03-30,44487.95,23.91
NIFTYALPHA50,NIFTY Alpha 50,Strategy / Thematic / Other,2026-04-30,2026-04-30,50876.15,27.02
NIFTYALPHA50,NIFTY Alpha 50,Strategy / Thematic / Other,2026-05-31,2026-05-29,52795.35,26.79
NIFTYALPHA50,NIFTY Alpha 50,Strategy / Thematic / Other,2026-06-30,2026-06-30,53700.3,24.79
NIFTYALPHA50,NIFTY Alpha 50,Strategy / Thematic / Other,2026-07-31,2026-07-31,54236.25,24.06
NIFTYALPHA50,NIFTY Alpha 50,Strategy / Thematic / Other,2026-08-31,2026-08-31,57539.1,24.05
NIFTYALPHALOWVOLATILITY30,NIFTY Alpha Low-Volatility 30,Strategy / Thematic / Other,2021-04-30,2021-04-30,14288.4,35.93
NIFTYALPHALOWVOLATILITY30,NIFTY Alpha Low-Volatility 30,Strategy / Thematic / Other,2021-05-31,2021-05-31,15198,35.75
NIFTYALPHALOWVOLATILITY30,NIFTY Alpha Low-Volatility 30,Strategy / Thematic / Other,2021-06-30,2021-06-30,15701.25,38.81
NIFTYALPHALOWVOLATILITY30,NIFTY Alpha Low-Volatility 30,Strategy / Thematic / Other,2021-07-31,2021-07-30,16112.75,38.39
NIFTYALPHALOWVOLATILITY30,NIFTY Alpha Low-Volatility 30,Strategy / Thematic / Other,2021-08-31,2021-08-31,17316.75,39.81
NIFTYALPHALOWVOLATILITY30,NIFTY Alpha Low-Volatility 30,Strategy / Thematic / Other,2021-09-30,2021-09-30,17649.6,40.58
NIFTYALPHALOWVOLATILITY30,NIFTY Alpha Low-Volatility 30,Strategy / Thematic / Other,2021-10-31,2021-10-29,17119.05,38.26
NIFTYALPHALOWVOLATILITY30,NIFTY Alpha Low-Volatility 30,Strategy / Thematic / Other,2021-11-30,2021-11-30,16909.55,37.14
NIFTYALPHALOWVOLATILITY30,NIFTY Alpha Low-Volatility 30,Strategy / Thematic / Other,2021-12-31,2021-12-31,17758.75,43.18
NIFTYALPHALOWVOLATILITY30,NIFTY Alpha Low-Volatility 30,Strategy / Thematic / Other,2022-01-31,2022-01-31,16690.65,40.33
NIFTYALPHALOWVOLATILITY30,NIFTY Alpha Low-Volatility 30,Strategy / Thematic / Other,2022-02-28,2022-02-28,16405.5,39.28
NIFTYALPHALOWVOLATILITY30,NIFTY Alpha Low-Volatility 30,Strategy / Thematic / Other,2022-03-31,2022-03-31,16839.95,40.3
NIFTYALPHALOWVOLATILITY30,NIFTY Alpha Low-Volatility 30,Strategy / Thematic / Other,2022-04-30,2022-04-29,16650.2,39.26
NIFTYALPHALOWVOLATILITY30,NIFTY Alpha Low-Volatility 30,Strategy / Thematic / Other,2022-05-31,2022-05-31,15850.05,37.87
NIFTYALPHALOWVOLATILITY30,NIFTY Alpha Low-Volatility 30,Strategy / Thematic / Other,2022-06-30,2022-06-30,14913.65,29.12
NIFTYALPHALOWVOLATILITY30,NIFTY Alpha Low-Volatility 30,Strategy / Thematic / Other,2022-07-31,2022-07-29,16377.35,31.45
NIFTYALPHALOWVOLATILITY30,NIFTY Alpha Low-Volatility 30,Strategy / Thematic / Other,2022-08-31,2022-08-30,17014.2,31.86
NIFTYALPHALOWVOLATILITY30,NIFTY Alpha Low-Volatility 30,Strategy / Thematic / Other,2022-09-30,2022-09-30,16962.1,31.78
NIFTYALPHALOWVOLATILITY30,NIFTY Alpha Low-Volatility 30,Strategy / Thematic / Other,2022-10-31,2022-10-31,17473.05,32.54
NIFTYALPHALOWVOLATILITY30,NIFTY Alpha Low-Volatility 30,Strategy / Thematic / Other,2022-11-30,2022-11-30,17808.6,32.71
NIFTYALPHALOWVOLATILITY30,NIFTY Alpha Low-Volatility 30,Strategy / Thematic / Other,2022-12-31,2022-12-30,17010.35,22.52
NIFTYALPHALOWVOLATILITY30,NIFTY Alpha Low-Volatility 30,Strategy / Thematic / Other,2023-01-31,2023-01-31,16778,22.03
NIFTYALPHALOWVOLATILITY30,NIFTY Alpha Low-Volatility 30,Strategy / Thematic / Other,2023-02-28,2023-02-28,16539.85,21.03
NIFTYALPHALOWVOLATILITY30,NIFTY Alpha Low-Volatility 30,Strategy / Thematic / Other,2023-03-31,2023-03-31,16779,21.33
NIFTYALPHALOWVOLATILITY30,NIFTY Alpha Low-Volatility 30,Strategy / Thematic / Other,2023-04-30,2023-04-28,17571.35,22.15
NIFTYALPHALOWVOLATILITY30,NIFTY Alpha Low-Volatility 30,Strategy / Thematic / Other,2023-05-31,2023-05-31,18180.95,21.57
NIFTYALPHALOWVOLATILITY30,NIFTY Alpha Low-Volatility 30,Strategy / Thematic / Other,2023-06-30,2023-06-30,19040.95,21.03
NIFTYALPHALOWVOLATILITY30,NIFTY Alpha Low-Volatility 30,Strategy / Thematic / Other,2023-07-31,2023-07-31,19822.4,21.53
NIFTYALPHALOWVOLATILITY30,NIFTY Alpha Low-Volatility 30,Strategy / Thematic / Other,2023-08-31,2023-08-31,19223.65,18.38
NIFTYALPHALOWVOLATILITY30,NIFTY Alpha Low-Volatility 30,Strategy / Thematic / Other,2023-09-30,2023-09-29,19909.05,19.04
NIFTYALPHALOWVOLATILITY30,NIFTY Alpha Low-Volatility 30,Strategy / Thematic / Other,2023-10-31,2023-10-31,19613.25,18.43
NIFTYALPHALOWVOLATILITY30,NIFTY Alpha Low-Volatility 30,Strategy / Thematic / Other,2023-11-30,2023-11-30,21463.65,18.22
NIFTYALPHALOWVOLATILITY30,NIFTY Alpha Low-Volatility 30,Strategy / Thematic / Other,2023-12-31,2023-12-29,23373.2,22.59
NIFTYALPHALOWVOLATILITY30,NIFTY Alpha Low-Volatility 30,Strategy / Thematic / Other,2024-01-31,2024-01-31,24381.8,22.58
NIFTYALPHALOWVOLATILITY30,NIFTY Alpha Low-Volatility 30,Strategy / Thematic / Other,2024-02-29,2024-02-29,25557.6,23.49
NIFTYALPHALOWVOLATILITY30,NIFTY Alpha Low-Volatility 30,Strategy / Thematic / Other,2024-03-31,2024-03-28,26248.05,24.13
NIFTYALPHALOWVOLATILITY30,NIFTY Alpha Low-Volatility 30,Strategy / Thematic / Other,2024-04-30,2024-04-30,26503.75,23.61
NIFTYALPHALOWVOLATILITY30,NIFTY Alpha Low-Volatility 30,Strategy / Thematic / Other,2024-05-31,2024-05-31,26493.95,23.22
NIFTYALPHALOWVOLATILITY30,NIFTY Alpha Low-Volatility 30,Strategy / Thematic / Other,2024-06-30,2024-06-28,28040.3,27.35
NIFTYALPHALOWVOLATILITY30,NIFTY Alpha Low-Volatility 30,Strategy / Thematic / Other,2024-07-31,2024-07-31,29850.1,28.88
NIFTYALPHALOWVOLATILITY30,NIFTY Alpha Low-Volatility 30,Strategy / Thematic / Other,2024-08-31,2024-08-30,30322.5,29.26
NIFTYALPHALOWVOLATILITY30,NIFTY Alpha Low-Volatility 30,Strategy / Thematic / Other,2024-09-30,2024-09-30,31123.3,30.05
NIFTYALPHALOWVOLATILITY30,NIFTY Alpha Low-Volatility 30,Strategy / Thematic / Other,2024-10-31,2024-10-31,28483.85,27.15
NIFTYALPHALOWVOLATILITY30,NIFTY Alpha Low-Volatility 30,Strategy / Thematic / Other,2024-11-30,2024-11-29,27792.35,26.89
NIFTYALPHALOWVOLATILITY30,NIFTY Alpha Low-Volatility 30,Strategy / Thematic / Other,2024-12-31,2024-12-31,27282,37.66
NIFTYALPHALOWVOLATILITY30,NIFTY Alpha Low-Volatility 30,Strategy / Thematic / Other,2025-01-31,2025-01-31,26115.2,35.66
NIFTYALPHALOWVOLATILITY30,NIFTY Alpha Low-Volatility 30,Strategy / Thematic / Other,2025-02-28,2025-02-28,23657,31.05
NIFTYALPHALOWVOLATILITY30,NIFTY Alpha Low-Volatility 30,Strategy / Thematic / Other,2025-03-31,2025-03-28,25142.6,33.08
NIFTYALPHALOWVOLATILITY30,NIFTY Alpha Low-Volatility 30,Strategy / Thematic / Other,2025-04-30,2025-04-30,26230,34.27
NIFTYALPHALOWVOLATILITY30,NIFTY Alpha Low-Volatility 30,Strategy / Thematic / Other,2025-05-31,2025-05-30,26419.8,33.26
NIFTYALPHALOWVOLATILITY30,NIFTY Alpha Low-Volatility 30,Strategy / Thematic / Other,2025-06-30,2025-06-30,27188.9,34.77
NIFTYALPHALOWVOLATILITY30,NIFTY Alpha Low-Volatility 30,Strategy / Thematic / Other,2025-07-31,2025-07-31,26423.8,33.62
NIFTYALPHALOWVOLATILITY30,NIFTY Alpha Low-Volatility 30,Strategy / Thematic / Other,2025-08-31,2025-08-29,26119.4,32.44
NIFTYALPHALOWVOLATILITY30,NIFTY Alpha Low-Volatility 30,Strategy / Thematic / Other,2025-09-30,2025-09-30,25952.95,32.24
NIFTYALPHALOWVOLATILITY30,NIFTY Alpha Low-Volatility 30,Strategy / Thematic / Other,2025-10-31,2025-10-31,26793.4,32.99
NIFTYALPHALOWVOLATILITY30,NIFTY Alpha Low-Volatility 30,Strategy / Thematic / Other,2025-11-30,2025-11-28,27009.2,32.48
NIFTYALPHALOWVOLATILITY30,NIFTY Alpha Low-Volatility 30,Strategy / Thematic / Other,2025-12-31,2025-12-31,27076.95,32.61
NIFTYALPHALOWVOLATILITY30,NIFTY Alpha Low-Volatility 30,Strategy / Thematic / Other,2026-01-31,2026-01-30,26297.05,31.4
NIFTYALPHALOWVOLATILITY30,NIFTY Alpha Low-Volatility 30,Strategy / Thematic / Other,2026-02-28,2026-02-27,27197.2,32.24
NIFTYALPHALOWVOLATILITY30,NIFTY Alpha Low-Volatility 30,Strategy / Thematic / Other,2026-03-31,2026-03-30,23961.3,28.47
NIFTYALPHALOWVOLATILITY30,NIFTY Alpha Low-Volatility 30,Strategy / Thematic / Other,2026-04-30,2026-04-30,25710.15,30.4
NIFTYALPHALOWVOLATILITY30,NIFTY Alpha Low-Volatility 30,Strategy / Thematic / Other,2026-05-31,2026-05-29,25679.05,30.25
NIFTYALPHALOWVOLATILITY30,NIFTY Alpha Low-Volatility 30,Strategy / Thematic / Other,2026-06-30,2026-06-30,26293.1,26.57
NIFTYALPHALOWVOLATILITY30,NIFTY Alpha Low-Volatility 30,Strategy / Thematic / Other,2026-07-31,2026-07-31,27460.6,27.18
NIFTYALPHALOWVOLATILITY30,NIFTY Alpha Low-Volatility 30,Strategy / Thematic / Other,2026-08-31,2026-08-31,27182.55,26.13
NIFTYALPHAQUALITYLOWVOLATILITY30,NIFTY Alpha Quality Low-Volatility 30,Strategy / Thematic / Other,2021-04-30,2021-04-30,12087.2,31.14
NIFTYALPHAQUALITYLOWVOLATILITY30,NIFTY Alpha Quality Low-Volatility 30,Strategy / Thematic / Other,2021-05-31,2021-05-31,12884.48,32.37
NIFTYALPHAQUALITYLOWVOLATILITY30,NIFTY Alpha Quality Low-Volatility 30,Strategy / Thematic / Other,2021-06-30,2021-06-30,13160.39,39.22
NIFTYALPHAQUALITYLOWVOLATILITY30,NIFTY Alpha Quality Low-Volatility 30,Strategy / Thematic / Other,2021-07-31,2021-07-30,13449.94,38.85
NIFTYALPHAQUALITYLOWVOLATILITY30,NIFTY Alpha Quality Low-Volatility 30,Strategy / Thematic / Other,2021-08-31,2021-08-31,14357.74,40.22
NIFTYALPHAQUALITYLOWVOLATILITY30,NIFTY Alpha Quality Low-Volatility 30,Strategy / Thematic / Other,2021-09-30,2021-09-30,14740.74,41.31
NIFTYALPHAQUALITYLOWVOLATILITY30,NIFTY Alpha Quality Low-Volatility 30,Strategy / Thematic / Other,2021-10-31,2021-10-29,14423.48,39.37
NIFTYALPHAQUALITYLOWVOLATILITY30,NIFTY Alpha Quality Low-Volatility 30,Strategy / Thematic / Other,2021-11-30,2021-11-30,14239.86,38.97
NIFTYALPHAQUALITYLOWVOLATILITY30,NIFTY Alpha Quality Low-Volatility 30,Strategy / Thematic / Other,2021-12-31,2021-12-31,14877.95,38.91
NIFTYALPHAQUALITYLOWVOLATILITY30,NIFTY Alpha Quality Low-Volatility 30,Strategy / Thematic / Other,2022-01-31,2022-01-31,14125.88,36.94
NIFTYALPHAQUALITYLOWVOLATILITY30,NIFTY Alpha Quality Low-Volatility 30,Strategy / Thematic / Other,2022-02-28,2022-02-28,13783.98,36.21
NIFTYALPHAQUALITYLOWVOLATILITY30,NIFTY Alpha Quality Low-Volatility 30,Strategy / Thematic / Other,2022-03-31,2022-03-31,14197.15,37.28
NIFTYALPHAQUALITYLOWVOLATILITY30,NIFTY Alpha Quality Low-Volatility 30,Strategy / Thematic / Other,2022-04-30,2022-04-29,14020.68,36.45
NIFTYALPHAQUALITYLOWVOLATILITY30,NIFTY Alpha Quality Low-Volatility 30,Strategy / Thematic / Other,2022-05-31,2022-05-31,13510.55,34.21
NIFTYALPHAQUALITYLOWVOLATILITY30,NIFTY Alpha Quality Low-Volatility 30,Strategy / Thematic / Other,2022-06-30,2022-06-30,12728.89,31.38
NIFTYALPHAQUALITYLOWVOLATILITY30,NIFTY Alpha Quality Low-Volatility 30,Strategy / Thematic / Other,2022-07-31,2022-07-29,13969.05,34.44
NIFTYALPHAQUALITYLOWVOLATILITY30,NIFTY Alpha Quality Low-Volatility 30,Strategy / Thematic / Other,2022-08-31,2022-08-30,14170.58,34.44
NIFTYALPHAQUALITYLOWVOLATILITY30,NIFTY Alpha Quality Low-Volatility 30,Strategy / Thematic / Other,2022-09-30,2022-09-30,13890.52,33.53
NIFTYALPHAQUALITYLOWVOLATILITY30,NIFTY Alpha Quality Low-Volatility 30,Strategy / Thematic / Other,2022-10-31,2022-10-31,14131.81,34.44
NIFTYALPHAQUALITYLOWVOLATILITY30,NIFTY Alpha Quality Low-Volatility 30,Strategy / Thematic / Other,2022-11-30,2022-11-30,14623.08,35.53
NIFTYALPHAQUALITYLOWVOLATILITY30,NIFTY Alpha Quality Low-Volatility 30,Strategy / Thematic / Other,2022-12-31,2022-12-30,13955.84,20.71
NIFTYALPHAQUALITYLOWVOLATILITY30,NIFTY Alpha Quality Low-Volatility 30,Strategy / Thematic / Other,2023-01-31,2023-01-31,13793.85,20.38
NIFTYALPHAQUALITYLOWVOLATILITY30,NIFTY Alpha Quality Low-Volatility 30,Strategy / Thematic / Other,2023-02-28,2023-02-28,13628.09,19.42
NIFTYALPHAQUALITYLOWVOLATILITY30,NIFTY Alpha Quality Low-Volatility 30,Strategy / Thematic / Other,2023-03-31,2023-03-31,13768.12,19.61
NIFTYALPHAQUALITYLOWVOLATILITY30,NIFTY Alpha Quality Low-Volatility 30,Strategy / Thematic / Other,2023-04-30,2023-04-28,14408.79,20.41
NIFTYALPHAQUALITYLOWVOLATILITY30,NIFTY Alpha Quality Low-Volatility 30,Strategy / Thematic / Other,2023-05-31,2023-05-31,15090.72,20.74
NIFTYALPHAQUALITYLOWVOLATILITY30,NIFTY Alpha Quality Low-Volatility 30,Strategy / Thematic / Other,2023-06-30,2023-06-30,15708.7,21.87
NIFTYALPHAQUALITYLOWVOLATILITY30,NIFTY Alpha Quality Low-Volatility 30,Strategy / Thematic / Other,2023-07-31,2023-07-31,16252.54,22.37
NIFTYALPHAQUALITYLOWVOLATILITY30,NIFTY Alpha Quality Low-Volatility 30,Strategy / Thematic / Other,2023-08-31,2023-08-31,15831.73,21.13
NIFTYALPHAQUALITYLOWVOLATILITY30,NIFTY Alpha Quality Low-Volatility 30,Strategy / Thematic / Other,2023-09-30,2023-09-29,16302.19,21.76
NIFTYALPHAQUALITYLOWVOLATILITY30,NIFTY Alpha Quality Low-Volatility 30,Strategy / Thematic / Other,2023-10-31,2023-10-31,16135.01,21.28
NIFTYALPHAQUALITYLOWVOLATILITY30,NIFTY Alpha Quality Low-Volatility 30,Strategy / Thematic / Other,2023-11-30,2023-11-30,17658.52,22.22
NIFTYALPHAQUALITYLOWVOLATILITY30,NIFTY Alpha Quality Low-Volatility 30,Strategy / Thematic / Other,2023-12-31,2023-12-29,19202.05,27.54
NIFTYALPHAQUALITYLOWVOLATILITY30,NIFTY Alpha Quality Low-Volatility 30,Strategy / Thematic / Other,2024-01-31,2024-01-31,19698.81,27.83
NIFTYALPHAQUALITYLOWVOLATILITY30,NIFTY Alpha Quality Low-Volatility 30,Strategy / Thematic / Other,2024-02-29,2024-02-29,20533.24,28.09
NIFTYALPHAQUALITYLOWVOLATILITY30,NIFTY Alpha Quality Low-Volatility 30,Strategy / Thematic / Other,2024-03-31,2024-03-28,21047.91,28.79
NIFTYALPHAQUALITYLOWVOLATILITY30,NIFTY Alpha Quality Low-Volatility 30,Strategy / Thematic / Other,2024-04-30,2024-04-30,21218.64,28.79
NIFTYALPHAQUALITYLOWVOLATILITY30,NIFTY Alpha Quality Low-Volatility 30,Strategy / Thematic / Other,2024-05-31,2024-05-31,22100.7,28.66
NIFTYALPHAQUALITYLOWVOLATILITY30,NIFTY Alpha Quality Low-Volatility 30,Strategy / Thematic / Other,2024-06-30,2024-06-28,23391.15,32.24
NIFTYALPHAQUALITYLOWVOLATILITY30,NIFTY Alpha Quality Low-Volatility 30,Strategy / Thematic / Other,2024-07-31,2024-07-31,24885.65,34.02
NIFTYALPHAQUALITYLOWVOLATILITY30,NIFTY Alpha Quality Low-Volatility 30,Strategy / Thematic / Other,2024-08-31,2024-08-30,25059.21,33.01
NIFTYALPHAQUALITYLOWVOLATILITY30,NIFTY Alpha Quality Low-Volatility 30,Strategy / Thematic / Other,2024-09-30,2024-09-30,25758.09,33.93
NIFTYALPHAQUALITYLOWVOLATILITY30,NIFTY Alpha Quality Low-Volatility 30,Strategy / Thematic / Other,2024-10-31,2024-10-31,23331.34,30.6
NIFTYALPHAQUALITYLOWVOLATILITY30,NIFTY Alpha Quality Low-Volatility 30,Strategy / Thematic / Other,2024-11-30,2024-11-29,23231.32,30.52
NIFTYALPHAQUALITYLOWVOLATILITY30,NIFTY Alpha Quality Low-Volatility 30,Strategy / Thematic / Other,2024-12-31,2024-12-31,22700.1,37.16
NIFTYALPHAQUALITYLOWVOLATILITY30,NIFTY Alpha Quality Low-Volatility 30,Strategy / Thematic / Other,2025-01-31,2025-01-31,21946.95,35.85
NIFTYALPHAQUALITYLOWVOLATILITY30,NIFTY Alpha Quality Low-Volatility 30,Strategy / Thematic / Other,2025-02-28,2025-02-28,19676.4,31.9
NIFTYALPHAQUALITYLOWVOLATILITY30,NIFTY Alpha Quality Low-Volatility 30,Strategy / Thematic / Other,2025-03-31,2025-03-28,20801.45,33.72
NIFTYALPHAQUALITYLOWVOLATILITY30,NIFTY Alpha Quality Low-Volatility 30,Strategy / Thematic / Other,2025-04-30,2025-04-30,21608.25,34.98
NIFTYALPHAQUALITYLOWVOLATILITY30,NIFTY Alpha Quality Low-Volatility 30,Strategy / Thematic / Other,2025-05-31,2025-05-30,22140.95,35.44
NIFTYALPHAQUALITYLOWVOLATILITY30,NIFTY Alpha Quality Low-Volatility 30,Strategy / Thematic / Other,2025-06-30,2025-06-30,22540,38.03
NIFTYALPHAQUALITYLOWVOLATILITY30,NIFTY Alpha Quality Low-Volatility 30,Strategy / Thematic / Other,2025-07-31,2025-07-31,22093.25,37.09
NIFTYALPHAQUALITYLOWVOLATILITY30,NIFTY Alpha Quality Low-Volatility 30,Strategy / Thematic / Other,2025-08-31,2025-08-29,22243.85,36.51
NIFTYALPHAQUALITYLOWVOLATILITY30,NIFTY Alpha Quality Low-Volatility 30,Strategy / Thematic / Other,2025-09-30,2025-09-30,22171.4,36.4
NIFTYALPHAQUALITYLOWVOLATILITY30,NIFTY Alpha Quality Low-Volatility 30,Strategy / Thematic / Other,2025-10-31,2025-10-31,22740.5,37.13
NIFTYALPHAQUALITYLOWVOLATILITY30,NIFTY Alpha Quality Low-Volatility 30,Strategy / Thematic / Other,2025-11-30,2025-11-28,22973.1,36.79
NIFTYALPHAQUALITYLOWVOLATILITY30,NIFTY Alpha Quality Low-Volatility 30,Strategy / Thematic / Other,2025-12-31,2025-12-31,22837.3,33.61
NIFTYALPHAQUALITYLOWVOLATILITY30,NIFTY Alpha Quality Low-Volatility 30,Strategy / Thematic / Other,2026-01-31,2026-01-30,22140.4,32.54
NIFTYALPHAQUALITYLOWVOLATILITY30,NIFTY Alpha Quality Low-Volatility 30,Strategy / Thematic / Other,2026-02-28,2026-02-27,22744.2,33.24
NIFTYALPHAQUALITYLOWVOLATILITY30,NIFTY Alpha Quality Low-Volatility 30,Strategy / Thematic / Other,2026-03-31,2026-03-30,20283.75,29.65
NIFTYALPHAQUALITYLOWVOLATILITY30,NIFTY Alpha Quality Low-Volatility 30,Strategy / Thematic / Other,2026-04-30,2026-04-30,22193.35,32.11
NIFTYALPHAQUALITYLOWVOLATILITY30,NIFTY Alpha Quality Low-Volatility 30,Strategy / Thematic / Other,2026-05-31,2026-05-29,22281.4,31.96
NIFTYALPHAQUALITYLOWVOLATILITY30,NIFTY Alpha Quality Low-Volatility 30,Strategy / Thematic / Other,2026-06-30,2026-06-30,22530.7,29.03
NIFTYALPHAQUALITYLOWVOLATILITY30,NIFTY Alpha Quality Low-Volatility 30,Strategy / Thematic / Other,2026-07-31,2026-07-31,23277.35,30
NIFTYALPHAQUALITYLOWVOLATILITY30,NIFTY Alpha Quality Low-Volatility 30,Strategy / Thematic / Other,2026-08-31,2026-08-31,23114.45,29.9
NIFTYALPHAQUALITYVALUELOWVOLATILITY30,NIFTY Alpha Quality Value Low-Volatility 30,Strategy / Thematic / Other,2021-04-30,2021-04-30,9154.56,22.68
NIFTYALPHAQUALITYVALUELOWVOLATILITY30,NIFTY Alpha Quality Value Low-Volatility 30,Strategy / Thematic / Other,2021-05-31,2021-05-31,9781.63,23.69
NIFTYALPHAQUALITYVALUELOWVOLATILITY30,NIFTY Alpha Quality Value Low-Volatility 30,Strategy / Thematic / Other,2021-06-30,2021-06-30,10090.67,23.41
NIFTYALPHAQUALITYVALUELOWVOLATILITY30,NIFTY Alpha Quality Value Low-Volatility 30,Strategy / Thematic / Other,2021-07-31,2021-07-30,10248.72,23.24
NIFTYALPHAQUALITYVALUELOWVOLATILITY30,NIFTY Alpha Quality Value Low-Volatility 30,Strategy / Thematic / Other,2021-08-31,2021-08-31,10933.68,23.89
NIFTYALPHAQUALITYVALUELOWVOLATILITY30,NIFTY Alpha Quality Value Low-Volatility 30,Strategy / Thematic / Other,2021-09-30,2021-09-30,11255.08,24.59
NIFTYALPHAQUALITYVALUELOWVOLATILITY30,NIFTY Alpha Quality Value Low-Volatility 30,Strategy / Thematic / Other,2021-10-31,2021-10-29,10886.49,23.32
NIFTYALPHAQUALITYVALUELOWVOLATILITY30,NIFTY Alpha Quality Value Low-Volatility 30,Strategy / Thematic / Other,2021-11-30,2021-11-30,10619.82,22.55
NIFTYALPHAQUALITYVALUELOWVOLATILITY30,NIFTY Alpha Quality Value Low-Volatility 30,Strategy / Thematic / Other,2021-12-31,2021-12-31,11074.59,21.85
NIFTYALPHAQUALITYVALUELOWVOLATILITY30,NIFTY Alpha Quality Value Low-Volatility 30,Strategy / Thematic / Other,2022-01-31,2022-01-31,10684.32,21.1
NIFTYALPHAQUALITYVALUELOWVOLATILITY30,NIFTY Alpha Quality Value Low-Volatility 30,Strategy / Thematic / Other,2022-02-28,2022-02-28,10424.34,20.16
NIFTYALPHAQUALITYVALUELOWVOLATILITY30,NIFTY Alpha Quality Value Low-Volatility 30,Strategy / Thematic / Other,2022-03-31,2022-03-31,10701.1,20.69
NIFTYALPHAQUALITYVALUELOWVOLATILITY30,NIFTY Alpha Quality Value Low-Volatility 30,Strategy / Thematic / Other,2022-04-30,2022-04-29,10674.56,20.53
NIFTYALPHAQUALITYVALUELOWVOLATILITY30,NIFTY Alpha Quality Value Low-Volatility 30,Strategy / Thematic / Other,2022-05-31,2022-05-31,10511.67,19.79
NIFTYALPHAQUALITYVALUELOWVOLATILITY30,NIFTY Alpha Quality Value Low-Volatility 30,Strategy / Thematic / Other,2022-06-30,2022-06-30,10018.88,18.12
NIFTYALPHAQUALITYVALUELOWVOLATILITY30,NIFTY Alpha Quality Value Low-Volatility 30,Strategy / Thematic / Other,2022-07-31,2022-07-29,10967.88,19.9
NIFTYALPHAQUALITYVALUELOWVOLATILITY30,NIFTY Alpha Quality Value Low-Volatility 30,Strategy / Thematic / Other,2022-08-31,2022-08-30,11268.99,19.59
NIFTYALPHAQUALITYVALUELOWVOLATILITY30,NIFTY Alpha Quality Value Low-Volatility 30,Strategy / Thematic / Other,2022-09-30,2022-09-30,11105.53,18.06
NIFTYALPHAQUALITYVALUELOWVOLATILITY30,NIFTY Alpha Quality Value Low-Volatility 30,Strategy / Thematic / Other,2022-10-31,2022-10-31,11478.59,18.84
NIFTYALPHAQUALITYVALUELOWVOLATILITY30,NIFTY Alpha Quality Value Low-Volatility 30,Strategy / Thematic / Other,2022-11-30,2022-11-30,11883.74,19.02
NIFTYALPHAQUALITYVALUELOWVOLATILITY30,NIFTY Alpha Quality Value Low-Volatility 30,Strategy / Thematic / Other,2022-12-31,2022-12-30,11435.95,14.86
NIFTYALPHAQUALITYVALUELOWVOLATILITY30,NIFTY Alpha Quality Value Low-Volatility 30,Strategy / Thematic / Other,2023-01-31,2023-01-31,11286.06,14.57
NIFTYALPHAQUALITYVALUELOWVOLATILITY30,NIFTY Alpha Quality Value Low-Volatility 30,Strategy / Thematic / Other,2023-02-28,2023-02-28,11207.2,14.03
NIFTYALPHAQUALITYVALUELOWVOLATILITY30,NIFTY Alpha Quality Value Low-Volatility 30,Strategy / Thematic / Other,2023-03-31,2023-03-31,11392.81,14.26
NIFTYALPHAQUALITYVALUELOWVOLATILITY30,NIFTY Alpha Quality Value Low-Volatility 30,Strategy / Thematic / Other,2023-04-30,2023-04-28,11914.43,14.87
NIFTYALPHAQUALITYVALUELOWVOLATILITY30,NIFTY Alpha Quality Value Low-Volatility 30,Strategy / Thematic / Other,2023-05-31,2023-05-31,12461.1,15.03
NIFTYALPHAQUALITYVALUELOWVOLATILITY30,NIFTY Alpha Quality Value Low-Volatility 30,Strategy / Thematic / Other,2023-06-30,2023-06-30,13207.13,16.66
NIFTYALPHAQUALITYVALUELOWVOLATILITY30,NIFTY Alpha Quality Value Low-Volatility 30,Strategy / Thematic / Other,2023-07-31,2023-07-31,13822.95,17.35
NIFTYALPHAQUALITYVALUELOWVOLATILITY30,NIFTY Alpha Quality Value Low-Volatility 30,Strategy / Thematic / Other,2023-08-31,2023-08-31,13613.35,16.58
NIFTYALPHAQUALITYVALUELOWVOLATILITY30,NIFTY Alpha Quality Value Low-Volatility 30,Strategy / Thematic / Other,2023-09-30,2023-09-29,14170.16,17.24
NIFTYALPHAQUALITYVALUELOWVOLATILITY30,NIFTY Alpha Quality Value Low-Volatility 30,Strategy / Thematic / Other,2023-10-31,2023-10-31,14008.85,16.88
NIFTYALPHAQUALITYVALUELOWVOLATILITY30,NIFTY Alpha Quality Value Low-Volatility 30,Strategy / Thematic / Other,2023-11-30,2023-11-30,15475.87,17.85
NIFTYALPHAQUALITYVALUELOWVOLATILITY30,NIFTY Alpha Quality Value Low-Volatility 30,Strategy / Thematic / Other,2023-12-31,2023-12-29,16996.76,18.18
NIFTYALPHAQUALITYVALUELOWVOLATILITY30,NIFTY Alpha Quality Value Low-Volatility 30,Strategy / Thematic / Other,2024-01-31,2024-01-31,17912.92,18.96
NIFTYALPHAQUALITYVALUELOWVOLATILITY30,NIFTY Alpha Quality Value Low-Volatility 30,Strategy / Thematic / Other,2024-02-29,2024-02-29,18254.2,18.93
NIFTYALPHAQUALITYVALUELOWVOLATILITY30,NIFTY Alpha Quality Value Low-Volatility 30,Strategy / Thematic / Other,2024-03-31,2024-03-28,18329.04,19.01
NIFTYALPHAQUALITYVALUELOWVOLATILITY30,NIFTY Alpha Quality Value Low-Volatility 30,Strategy / Thematic / Other,2024-04-30,2024-04-30,18896.81,19.48
NIFTYALPHAQUALITYVALUELOWVOLATILITY30,NIFTY Alpha Quality Value Low-Volatility 30,Strategy / Thematic / Other,2024-05-31,2024-05-31,19568.02,19.14
NIFTYALPHAQUALITYVALUELOWVOLATILITY30,NIFTY Alpha Quality Value Low-Volatility 30,Strategy / Thematic / Other,2024-06-30,2024-06-28,20647.43,21.75
NIFTYALPHAQUALITYVALUELOWVOLATILITY30,NIFTY Alpha Quality Value Low-Volatility 30,Strategy / Thematic / Other,2024-07-31,2024-07-31,22326.74,23.15
NIFTYALPHAQUALITYVALUELOWVOLATILITY30,NIFTY Alpha Quality Value Low-Volatility 30,Strategy / Thematic / Other,2024-08-31,2024-08-30,22518.63,23.03
NIFTYALPHAQUALITYVALUELOWVOLATILITY30,NIFTY Alpha Quality Value Low-Volatility 30,Strategy / Thematic / Other,2024-09-30,2024-09-30,22716.73,23.24
NIFTYALPHAQUALITYVALUELOWVOLATILITY30,NIFTY Alpha Quality Value Low-Volatility 30,Strategy / Thematic / Other,2024-10-31,2024-10-31,20949.11,21.23
NIFTYALPHAQUALITYVALUELOWVOLATILITY30,NIFTY Alpha Quality Value Low-Volatility 30,Strategy / Thematic / Other,2024-11-30,2024-11-29,20870.76,21.32
NIFTYALPHAQUALITYVALUELOWVOLATILITY30,NIFTY Alpha Quality Value Low-Volatility 30,Strategy / Thematic / Other,2024-12-31,2024-12-31,20379.55,27.01
NIFTYALPHAQUALITYVALUELOWVOLATILITY30,NIFTY Alpha Quality Value Low-Volatility 30,Strategy / Thematic / Other,2025-01-31,2025-01-31,19961.4,26.21
NIFTYALPHAQUALITYVALUELOWVOLATILITY30,NIFTY Alpha Quality Value Low-Volatility 30,Strategy / Thematic / Other,2025-02-28,2025-02-28,18077.45,23.52
NIFTYALPHAQUALITYVALUELOWVOLATILITY30,NIFTY Alpha Quality Value Low-Volatility 30,Strategy / Thematic / Other,2025-03-31,2025-03-28,19091.2,24.82
NIFTYALPHAQUALITYVALUELOWVOLATILITY30,NIFTY Alpha Quality Value Low-Volatility 30,Strategy / Thematic / Other,2025-04-30,2025-04-30,19722.5,25.43
NIFTYALPHAQUALITYVALUELOWVOLATILITY30,NIFTY Alpha Quality Value Low-Volatility 30,Strategy / Thematic / Other,2025-05-31,2025-05-30,20255.15,25.77
NIFTYALPHAQUALITYVALUELOWVOLATILITY30,NIFTY Alpha Quality Value Low-Volatility 30,Strategy / Thematic / Other,2025-06-30,2025-06-30,20720.9,25.09
NIFTYALPHAQUALITYVALUELOWVOLATILITY30,NIFTY Alpha Quality Value Low-Volatility 30,Strategy / Thematic / Other,2025-07-31,2025-07-31,20380.05,24.61
NIFTYALPHAQUALITYVALUELOWVOLATILITY30,NIFTY Alpha Quality Value Low-Volatility 30,Strategy / Thematic / Other,2025-08-31,2025-08-29,20625.95,24.25
NIFTYALPHAQUALITYVALUELOWVOLATILITY30,NIFTY Alpha Quality Value Low-Volatility 30,Strategy / Thematic / Other,2025-09-30,2025-09-30,20531.15,24.15
NIFTYALPHAQUALITYVALUELOWVOLATILITY30,NIFTY Alpha Quality Value Low-Volatility 30,Strategy / Thematic / Other,2025-10-31,2025-10-31,20972.5,24.79
NIFTYALPHAQUALITYVALUELOWVOLATILITY30,NIFTY Alpha Quality Value Low-Volatility 30,Strategy / Thematic / Other,2025-11-30,2025-11-28,21381.85,24.44
NIFTYALPHAQUALITYVALUELOWVOLATILITY30,NIFTY Alpha Quality Value Low-Volatility 30,Strategy / Thematic / Other,2025-12-31,2025-12-31,21453.15,23.77
NIFTYALPHAQUALITYVALUELOWVOLATILITY30,NIFTY Alpha Quality Value Low-Volatility 30,Strategy / Thematic / Other,2026-01-31,2026-01-30,20838,22.79
NIFTYALPHAQUALITYVALUELOWVOLATILITY30,NIFTY Alpha Quality Value Low-Volatility 30,Strategy / Thematic / Other,2026-02-28,2026-02-27,20686.7,22.56
NIFTYALPHAQUALITYVALUELOWVOLATILITY30,NIFTY Alpha Quality Value Low-Volatility 30,Strategy / Thematic / Other,2026-03-31,2026-03-30,18543.9,20.23
NIFTYALPHAQUALITYVALUELOWVOLATILITY30,NIFTY Alpha Quality Value Low-Volatility 30,Strategy / Thematic / Other,2026-04-30,2026-04-30,20025.55,21.61
NIFTYALPHAQUALITYVALUELOWVOLATILITY30,NIFTY Alpha Quality Value Low-Volatility 30,Strategy / Thematic / Other,2026-05-31,2026-05-29,19802.65,21.19
NIFTYALPHAQUALITYVALUELOWVOLATILITY30,NIFTY Alpha Quality Value Low-Volatility 30,Strategy / Thematic / Other,2026-06-30,2026-06-30,19921.05,16.61
NIFTYALPHAQUALITYVALUELOWVOLATILITY30,NIFTY Alpha Quality Value Low-Volatility 30,Strategy / Thematic / Other,2026-07-31,2026-07-31,20544.15,16.98
NIFTYALPHAQUALITYVALUELOWVOLATILITY30,NIFTY Alpha Quality Value Low-Volatility 30,Strategy / Thematic / Other,2026-08-31,2026-08-31,20212.2,16.72
NIFTYAUTO,NIFTY Auto,Sectoral,2021-04-30,2021-04-30,9640.85,737.27
NIFTYAUTO,NIFTY Auto,Sectoral,2021-05-31,2021-05-31,10491.85,211.6
NIFTYAUTO,NIFTY Auto,Sectoral,2021-06-30,2021-06-30,10600.35,94.51
NIFTYAUTO,NIFTY Auto,Sectoral,2021-07-31,2021-07-30,10048.5,60.37
NIFTYAUTO,NIFTY Auto,Sectoral,2021-08-31,2021-08-31,10034.45,55.19
NIFTYAUTO,NIFTY Auto,Sectoral,2021-09-30,2021-09-30,10598.45,58.33
NIFTYAUTO,NIFTY Auto,Sectoral,2021-10-31,2021-10-29,11297.45,61.83
NIFTYAUTO,NIFTY Auto,Sectoral,2021-11-30,2021-11-30,10603.55,58.86
NIFTYAUTO,NIFTY Auto,Sectoral,2021-12-31,2021-12-31,10936.9,60.71
NIFTYAUTO,NIFTY Auto,Sectoral,2022-01-31,2022-01-31,11703.5,69.55
NIFTYAUTO,NIFTY Auto,Sectoral,2022-02-28,2022-02-28,10820.55,74.77
NIFTYAUTO,NIFTY Auto,Sectoral,2022-03-31,2022-03-31,10552.1,77.31
NIFTYAUTO,NIFTY Auto,Sectoral,2022-04-30,2022-04-29,11078.1,81.31
NIFTYAUTO,NIFTY Auto,Sectoral,2022-05-31,2022-05-31,11586.6,53.78
NIFTYAUTO,NIFTY Auto,Sectoral,2022-06-30,2022-06-30,11701.15,54.22
NIFTYAUTO,NIFTY Auto,Sectoral,2022-07-31,2022-07-29,12543.2,58.07
NIFTYAUTO,NIFTY Auto,Sectoral,2022-08-31,2022-08-30,13217.35,48.09
NIFTYAUTO,NIFTY Auto,Sectoral,2022-09-30,2022-09-30,12699.3,46.75
NIFTYAUTO,NIFTY Auto,Sectoral,2022-10-31,2022-10-31,13381.65,49.82
NIFTYAUTO,NIFTY Auto,Sectoral,2022-11-30,2022-11-30,13231.85,39.7
NIFTYAUTO,NIFTY Auto,Sectoral,2022-12-31,2022-12-30,12611.7,38.3
NIFTYAUTO,NIFTY Auto,Sectoral,2023-01-31,2023-01-31,13323.9,34.36
NIFTYAUTO,NIFTY Auto,Sectoral,2023-02-28,2023-02-28,12731.8,31.81
NIFTYAUTO,NIFTY Auto,Sectoral,2023-03-31,2023-03-31,12243.8,30.99
NIFTYAUTO,NIFTY Auto,Sectoral,2023-04-30,2023-04-28,13189.25,33.25
NIFTYAUTO,NIFTY Auto,Sectoral,2023-05-31,2023-05-31,14199,28.83
NIFTYAUTO,NIFTY Auto,Sectoral,2023-06-30,2023-06-30,15147.65,30.87
NIFTYAUTO,NIFTY Auto,Sectoral,2023-07-31,2023-07-31,15708.05,26.92
NIFTYAUTO,NIFTY Auto,Sectoral,2023-08-31,2023-08-31,15670.25,24.78
NIFTYAUTO,NIFTY Auto,Sectoral,2023-09-30,2023-09-29,16184.4,25.61
NIFTYAUTO,NIFTY Auto,Sectoral,2023-10-31,2023-10-31,15916.2,24.48
NIFTYAUTO,NIFTY Auto,Sectoral,2023-11-30,2023-11-30,17551.85,24.68
NIFTYAUTO,NIFTY Auto,Sectoral,2023-12-31,2023-12-29,18618.2,26.33
NIFTYAUTO,NIFTY Auto,Sectoral,2024-01-31,2024-01-31,19227.15,26.85
NIFTYAUTO,NIFTY Auto,Sectoral,2024-02-29,2024-02-29,20412.4,26.1
NIFTYAUTO,NIFTY Auto,Sectoral,2024-03-31,2024-03-28,21419.1,25.14
NIFTYAUTO,NIFTY Auto,Sectoral,2024-04-30,2024-04-30,22479.9,25.94
NIFTYAUTO,NIFTY Auto,Sectoral,2024-05-31,2024-05-31,23419.6,22.68
NIFTYAUTO,NIFTY Auto,Sectoral,2024-06-30,2024-06-28,25200.6,24.45
NIFTYAUTO,NIFTY Auto,Sectoral,2024-07-31,2024-07-31,26685.25,25.83
NIFTYAUTO,NIFTY Auto,Sectoral,2024-08-31,2024-08-30,26172.8,25.73
NIFTYAUTO,NIFTY Auto,Sectoral,2024-09-30,2024-09-30,27027.2,26.47
NIFTYAUTO,NIFTY Auto,Sectoral,2024-10-31,2024-10-31,23514.7,23.11
NIFTYAUTO,NIFTY Auto,Sectoral,2024-11-30,2024-11-29,23368.55,22.73
NIFTYAUTO,NIFTY Auto,Sectoral,2024-12-31,2024-12-31,22834,22.29
NIFTYAUTO,NIFTY Auto,Sectoral,2025-01-31,2025-01-31,22867.6,22.16
NIFTYAUTO,NIFTY Auto,Sectoral,2025-02-28,2025-02-28,20498.6,19.7
NIFTYAUTO,NIFTY Auto,Sectoral,2025-03-31,2025-03-28,21295.5,20.82
NIFTYAUTO,NIFTY Auto,Sectoral,2025-04-30,2025-04-30,22308.4,21.82
NIFTYAUTO,NIFTY Auto,Sectoral,2025-05-31,2025-05-30,23325.6,24.25
NIFTYAUTO,NIFTY Auto,Sectoral,2025-06-30,2025-06-30,23872.55,24.91
NIFTYAUTO,NIFTY Auto,Sectoral,2025-07-31,2025-07-31,23655.85,24.73
NIFTYAUTO,NIFTY Auto,Sectoral,2025-08-31,2025-08-29,24960.85,25.62
NIFTYAUTO,NIFTY Auto,Sectoral,2025-09-30,2025-09-30,26542.35,27.52
NIFTYAUTO,NIFTY Auto,Sectoral,2025-10-31,2025-10-31,26809.85,27.71
NIFTYAUTO,NIFTY Auto,Sectoral,2025-11-30,2025-11-28,27774.6,30.16
NIFTYAUTO,NIFTY Auto,Sectoral,2025-12-31,2025-12-31,28189.6,30.61
NIFTYAUTO,NIFTY Auto,Sectoral,2026-01-31,2026-01-30,26750.35,28.91
NIFTYAUTO,NIFTY Auto,Sectoral,2026-02-28,2026-02-27,28158.85,33.29
NIFTYAUTO,NIFTY Auto,Sectoral,2026-03-31,2026-03-30,23769.6,28.1
NIFTYAUTO,NIFTY Auto,Sectoral,2026-04-30,2026-04-30,25917.6,30.73
NIFTYAUTO,NIFTY Auto,Sectoral,2026-05-31,2026-05-29,26338.45,30.43
NIFTYAUTO,NIFTY Auto,Sectoral,2026-06-30,2026-06-30,26479.8,30.55
NIFTYAUTO,NIFTY Auto,Sectoral,2026-07-31,2026-07-31,28744.15,32.52
NIFTYAUTO,NIFTY Auto,Sectoral,2026-08-31,2026-08-31,28841.5,33.51
NIFTYBANK,NIFTY Bank,Sectoral,2021-04-30,2021-04-30,32781.8,24.18
NIFTYBANK,NIFTY Bank,Sectoral,2021-05-31,2021-05-31,35526.65,24.41
NIFTYBANK,NIFTY Bank,Sectoral,2021-06-30,2021-06-30,34772.2,23.75
NIFTYBANK,NIFTY Bank,Sectoral,2021-07-31,2021-07-30,34584.35,22.57
NIFTYBANK,NIFTY Bank,Sectoral,2021-08-31,2021-08-31,36424.6,23.87
NIFTYBANK,NIFTY Bank,Sectoral,2021-09-30,2021-09-30,37425.1,24.32
NIFTYBANK,NIFTY Bank,Sectoral,2021-10-31,2021-10-29,39115.6,24.06
NIFTYBANK,NIFTY Bank,Sectoral,2021-11-30,2021-11-30,35695.3,22.05
NIFTYBANK,NIFTY Bank,Sectoral,2021-12-31,2021-12-31,35481.7,22.33
NIFTYBANK,NIFTY Bank,Sectoral,2022-01-31,2022-01-31,37975.35,22.48
NIFTYBANK,NIFTY Bank,Sectoral,2022-02-28,2022-02-28,36205.3,20.78
NIFTYBANK,NIFTY Bank,Sectoral,2022-03-31,2022-03-31,36373.6,20.51
NIFTYBANK,NIFTY Bank,Sectoral,2022-04-30,2022-04-29,36088.15,19.53
NIFTYBANK,NIFTY Bank,Sectoral,2022-05-31,2022-05-31,35487.4,17.79
NIFTYBANK,NIFTY Bank,Sectoral,2022-06-30,2022-06-30,33425.1,16.65
NIFTYBANK,NIFTY Bank,Sectoral,2022-07-31,2022-07-29,37491.4,17.39
NIFTYBANK,NIFTY Bank,Sectoral,2022-08-31,2022-08-30,39536.75,18.2
NIFTYBANK,NIFTY Bank,Sectoral,2022-09-30,2022-09-30,38631.95,17.97
NIFTYBANK,NIFTY Bank,Sectoral,2022-10-31,2022-10-31,41307.9,18.07
NIFTYBANK,NIFTY Bank,Sectoral,2022-11-30,2022-11-30,43231,18.06
NIFTYBANK,NIFTY Bank,Sectoral,2022-12-31,2022-12-30,42986.45,18.08
NIFTYBANK,NIFTY Bank,Sectoral,2023-01-31,2023-01-31,40655.05,16.21
NIFTYBANK,NIFTY Bank,Sectoral,2023-02-28,2023-02-28,40269.05,15.62
NIFTYBANK,NIFTY Bank,Sectoral,2023-03-31,2023-03-31,40608.65,15.56
NIFTYBANK,NIFTY Bank,Sectoral,2023-04-30,2023-04-28,43233.9,16.07
NIFTYBANK,NIFTY Bank,Sectoral,2023-05-31,2023-05-31,44128.15,16.46
NIFTYBANK,NIFTY Bank,Sectoral,2023-06-30,2023-06-30,44747.35,16.81
NIFTYBANK,NIFTY Bank,Sectoral,2023-07-31,2023-07-31,45651.1,17.37
NIFTYBANK,NIFTY Bank,Sectoral,2023-08-31,2023-08-31,43989.15,15.97
NIFTYBANK,NIFTY Bank,Sectoral,2023-09-30,2023-09-29,44584.55,16.39
NIFTYBANK,NIFTY Bank,Sectoral,2023-10-31,2023-10-31,42845.95,14.8
NIFTYBANK,NIFTY Bank,Sectoral,2023-11-30,2023-11-30,44481.75,15.25
NIFTYBANK,NIFTY Bank,Sectoral,2023-12-31,2023-12-29,48292.25,16.6
NIFTYBANK,NIFTY Bank,Sectoral,2024-01-31,2024-01-31,45996.8,15.15
NIFTYBANK,NIFTY Bank,Sectoral,2024-02-29,2024-02-29,46120.9,15.31
NIFTYBANK,NIFTY Bank,Sectoral,2024-03-31,2024-03-28,47124.6,15.84
NIFTYBANK,NIFTY Bank,Sectoral,2024-04-30,2024-04-30,49396.75,15.2
NIFTYBANK,NIFTY Bank,Sectoral,2024-05-31,2024-05-31,48983.95,14.97
NIFTYBANK,NIFTY Bank,Sectoral,2024-06-30,2024-06-28,52342.25,15.97
NIFTYBANK,NIFTY Bank,Sectoral,2024-07-31,2024-07-31,51553.4,15.01
NIFTYBANK,NIFTY Bank,Sectoral,2024-08-31,2024-08-30,51351,14.9
NIFTYBANK,NIFTY Bank,Sectoral,2024-09-30,2024-09-30,52978.1,14.84
NIFTYBANK,NIFTY Bank,Sectoral,2024-10-31,2024-10-31,51475.35,14.14
NIFTYBANK,NIFTY Bank,Sectoral,2024-11-30,2024-11-29,52055.6,14.18
NIFTYBANK,NIFTY Bank,Sectoral,2024-12-31,2024-12-31,50860.2,13.68
NIFTYBANK,NIFTY Bank,Sectoral,2025-01-31,2025-01-31,49587.2,13.15
NIFTYBANK,NIFTY Bank,Sectoral,2025-02-28,2025-02-28,48344.7,12.68
NIFTYBANK,NIFTY Bank,Sectoral,2025-03-31,2025-03-28,51564.85,13.18
NIFTYBANK,NIFTY Bank,Sectoral,2025-04-30,2025-04-30,55087.15,13.97
NIFTYBANK,NIFTY Bank,Sectoral,2025-05-31,2025-05-30,55749.7,14.63
NIFTYBANK,NIFTY Bank,Sectoral,2025-06-30,2025-06-30,57312.75,15.19
NIFTYBANK,NIFTY Bank,Sectoral,2025-07-31,2025-07-31,55961.95,15.2
NIFTYBANK,NIFTY Bank,Sectoral,2025-08-31,2025-08-29,53655.65,14.61
NIFTYBANK,NIFTY Bank,Sectoral,2025-09-30,2025-09-30,54635.85,15.09
NIFTYBANK,NIFTY Bank,Sectoral,2025-10-31,2025-10-31,57776.35,16.17
NIFTYBANK,NIFTY Bank,Sectoral,2025-11-30,2025-11-28,59752.7,16.7
NIFTYBANK,NIFTY Bank,Sectoral,2025-12-31,2025-12-31,59581.85,16.4
NIFTYBANK,NIFTY Bank,Sectoral,2026-01-31,2026-01-30,59610.45,16.22
NIFTYBANK,NIFTY Bank,Sectoral,2026-02-28,2026-02-27,60529,16.21
NIFTYBANK,NIFTY Bank,Sectoral,2026-03-31,2026-03-30,50275.35,13.38
NIFTYBANK,NIFTY Bank,Sectoral,2026-04-30,2026-04-30,54863.35,13.95
NIFTYBANK,NIFTY Bank,Sectoral,2026-05-31,2026-05-29,54239.2,13.69
NIFTYBANK,NIFTY Bank,Sectoral,2026-06-30,2026-06-30,57542.9,14.46
NIFTYBANK,NIFTY Bank,Sectoral,2026-07-31,2026-07-31,57264.85,13.61
NIFTYBANK,NIFTY Bank,Sectoral,2026-08-31,2026-08-31,58024.95,13.73
NIFTYCAPITALGOODS,NIFTY Capital Goods,Sectoral,2026-06-30,2026-06-30,17408.66,49.53
NIFTYCAPITALGOODS,NIFTY Capital Goods,Sectoral,2026-07-31,2026-07-31,16701.15,45.87
NIFTYCAPITALGOODS,NIFTY Capital Goods,Sectoral,2026-08-31,2026-08-31,17587.13,46.66
NIFTYCAPITALMARKETS,NIFTY Capital Markets,Strategy / Thematic / Other,2024-09-30,2024-09-30,3419.89,45.93
NIFTYCAPITALMARKETS,NIFTY Capital Markets,Strategy / Thematic / Other,2024-10-31,2024-10-31,3714.83,44.53
NIFTYCAPITALMARKETS,NIFTY Capital Markets,Strategy / Thematic / Other,2024-11-30,2024-11-29,3772.85,43.93
NIFTYCAPITALMARKETS,NIFTY Capital Markets,Strategy / Thematic / Other,2024-12-31,2024-12-31,4027.75,46.1
NIFTYCAPITALMARKETS,NIFTY Capital Markets,Strategy / Thematic / Other,2025-01-31,2025-01-31,3439.1,37.43
NIFTYCAPITALMARKETS,NIFTY Capital Markets,Strategy / Thematic / Other,2025-02-28,2025-02-28,3091.05,33.08
NIFTYCAPITALMARKETS,NIFTY Capital Markets,Strategy / Thematic / Other,2025-03-31,2025-03-28,3415.75,36.23
NIFTYCAPITALMARKETS,NIFTY Capital Markets,Strategy / Thematic / Other,2025-04-30,2025-04-30,3734.65,40.8
NIFTYCAPITALMARKETS,NIFTY Capital Markets,Strategy / Thematic / Other,2025-05-31,2025-05-30,4254.8,46.65
NIFTYCAPITALMARKETS,NIFTY Capital Markets,Strategy / Thematic / Other,2025-06-30,2025-06-30,4730.1,48.04
NIFTYCAPITALMARKETS,NIFTY Capital Markets,Strategy / Thematic / Other,2025-07-31,2025-07-31,4342.5,43.32
NIFTYCAPITALMARKETS,NIFTY Capital Markets,Strategy / Thematic / Other,2025-08-31,2025-08-29,4092.35,39.87
NIFTYCAPITALMARKETS,NIFTY Capital Markets,Strategy / Thematic / Other,2025-09-30,2025-09-30,4143.65,40.79
NIFTYCAPITALMARKETS,NIFTY Capital Markets,Strategy / Thematic / Other,2025-10-31,2025-10-31,4530.2,45.56
NIFTYCAPITALMARKETS,NIFTY Capital Markets,Strategy / Thematic / Other,2025-11-30,2025-11-28,4782.1,47.2
NIFTYCAPITALMARKETS,NIFTY Capital Markets,Strategy / Thematic / Other,2025-12-31,2025-12-31,4656.3,45.37
NIFTYCAPITALMARKETS,NIFTY Capital Markets,Strategy / Thematic / Other,2026-01-31,2026-01-30,4649.3,44.76
NIFTYCAPITALMARKETS,NIFTY Capital Markets,Strategy / Thematic / Other,2026-02-28,2026-02-27,4603.35,42.73
NIFTYCAPITALMARKETS,NIFTY Capital Markets,Strategy / Thematic / Other,2026-03-31,2026-03-30,4251.8,39.6
NIFTYCAPITALMARKETS,NIFTY Capital Markets,Strategy / Thematic / Other,2026-04-30,2026-04-30,5238.05,46.83
NIFTYCAPITALMARKETS,NIFTY Capital Markets,Strategy / Thematic / Other,2026-05-31,2026-05-29,5473.8,48.16
NIFTYCAPITALMARKETS,NIFTY Capital Markets,Strategy / Thematic / Other,2026-06-30,2026-06-30,5447.4,47.67
NIFTYCAPITALMARKETS,NIFTY Capital Markets,Strategy / Thematic / Other,2026-07-31,2026-07-31,5307.15,44.75
NIFTYCAPITALMARKETS,NIFTY Capital Markets,Strategy / Thematic / Other,2026-08-31,2026-08-31,5485.35,45.12
NIFTYCEMENT,NIFTY Cement,Sectoral,2026-02-28,2026-02-27,15992.6,30.63
NIFTYCEMENT,NIFTY Cement,Sectoral,2026-03-31,2026-03-30,13767.34,26.71
NIFTYCEMENT,NIFTY Cement,Sectoral,2026-04-30,2026-04-30,14831.55,28.64
NIFTYCEMENT,NIFTY Cement,Sectoral,2026-05-31,2026-05-29,15000.9,28.27
NIFTYCEMENT,NIFTY Cement,Sectoral,2026-06-30,2026-06-30,14859.4,28.18
NIFTYCEMENT,NIFTY Cement,Sectoral,2026-07-31,2026-07-31,15207.75,29.36
NIFTYCEMENT,NIFTY Cement,Sectoral,2026-08-31,2026-08-31,14678.9,27.12
NIFTYCHEMICALS,NIFTY Chemicals,Sectoral,2025-03-31,2025-03-28,27879.52,53.22
NIFTYCHEMICALS,NIFTY Chemicals,Sectoral,2025-04-30,2025-04-30,29181.21,55.21
NIFTYCHEMICALS,NIFTY Chemicals,Sectoral,2025-05-31,2025-05-30,30160.49,45.05
NIFTYCHEMICALS,NIFTY Chemicals,Sectoral,2025-06-30,2025-06-30,31895.46,47.69
NIFTYCHEMICALS,NIFTY Chemicals,Sectoral,2025-07-31,2025-07-31,31037.51,44.8
NIFTYCHEMICALS,NIFTY Chemicals,Sectoral,2025-08-31,2025-08-29,29463.65,40.6
NIFTYCHEMICALS,NIFTY Chemicals,Sectoral,2025-09-30,2025-09-30,28611.86,43.49
NIFTYCHEMICALS,NIFTY Chemicals,Sectoral,2025-10-31,2025-10-31,29182.31,43.42
NIFTYCHEMICALS,NIFTY Chemicals,Sectoral,2025-11-30,2025-11-28,28800.75,39.08
NIFTYCHEMICALS,NIFTY Chemicals,Sectoral,2025-12-31,2025-12-31,29049.9,39.51
NIFTYCHEMICALS,NIFTY Chemicals,Sectoral,2026-01-31,2026-01-30,27819.35,37.32
NIFTYCHEMICALS,NIFTY Chemicals,Sectoral,2026-02-28,2026-02-27,27764.85,39.17
NIFTYCHEMICALS,NIFTY Chemicals,Sectoral,2026-03-31,2026-03-30,24936,35.14
NIFTYCHEMICALS,NIFTY Chemicals,Sectoral,2026-04-30,2026-04-30,28480.5,39.82
NIFTYCHEMICALS,NIFTY Chemicals,Sectoral,2026-05-31,2026-05-29,29240.55,47.09
NIFTYCHEMICALS,NIFTY Chemicals,Sectoral,2026-06-30,2026-06-30,29615.5,47.46
NIFTYCHEMICALS,NIFTY Chemicals,Sectoral,2026-07-31,2026-07-31,30096.25,47.74
NIFTYCHEMICALS,NIFTY Chemicals,Sectoral,2026-08-31,2026-08-31,30028.8,44.72
NIFTYCOMMERCIALTRANSPORTSERVICES,NIFTY Commercial & Transport Services,Sectoral,2026-06-30,2026-06-30,13531.11,39.91
NIFTYCOMMERCIALTRANSPORTSERVICES,NIFTY Commercial & Transport Services,Sectoral,2026-07-31,2026-07-31,13478.12,42.56
NIFTYCOMMERCIALTRANSPORTSERVICES,NIFTY Commercial & Transport Services,Sectoral,2026-08-31,2026-08-31,13240.02,37.92
NIFTYCOMMODITIES,NIFTY Commodities,Strategy / Thematic / Other,2021-04-30,2021-04-30,4699.85,23.87
NIFTYCOMMODITIES,NIFTY Commodities,Strategy / Thematic / Other,2021-05-31,2021-05-31,5116.8,15.18
NIFTYCOMMODITIES,NIFTY Commodities,Strategy / Thematic / Other,2021-06-30,2021-06-30,5138.65,13.89
NIFTYCOMMODITIES,NIFTY Commodities,Strategy / Thematic / Other,2021-07-31,2021-07-30,5387.05,13.69
NIFTYCOMMODITIES,NIFTY Commodities,Strategy / Thematic / Other,2021-08-31,2021-08-31,5488.5,11.38
NIFTYCOMMODITIES,NIFTY Commodities,Strategy / Thematic / Other,2021-09-30,2021-09-30,5700.3,11.58
NIFTYCOMMODITIES,NIFTY Commodities,Strategy / Thematic / Other,2021-10-31,2021-10-29,5737.8,11.32
NIFTYCOMMODITIES,NIFTY Commodities,Strategy / Thematic / Other,2021-11-30,2021-11-30,5399.1,9.23
NIFTYCOMMODITIES,NIFTY Commodities,Strategy / Thematic / Other,2021-12-31,2021-12-31,5580.55,9.53
NIFTYCOMMODITIES,NIFTY Commodities,Strategy / Thematic / Other,2022-01-31,2022-01-31,5761.65,9.74
NIFTYCOMMODITIES,NIFTY Commodities,Strategy / Thematic / Other,2022-02-28,2022-02-28,5669.75,8.94
NIFTYCOMMODITIES,NIFTY Commodities,Strategy / Thematic / Other,2022-03-31,2022-03-31,5995.2,9.49
NIFTYCOMMODITIES,NIFTY Commodities,Strategy / Thematic / Other,2022-04-30,2022-04-29,6209.85,9.84
NIFTYCOMMODITIES,NIFTY Commodities,Strategy / Thematic / Other,2022-05-31,2022-05-31,5477.4,8.6
NIFTYCOMMODITIES,NIFTY Commodities,Strategy / Thematic / Other,2022-06-30,2022-06-30,5021.45,7.8
NIFTYCOMMODITIES,NIFTY Commodities,Strategy / Thematic / Other,2022-07-31,2022-07-29,5547.2,8.82
NIFTYCOMMODITIES,NIFTY Commodities,Strategy / Thematic / Other,2022-08-31,2022-08-30,5866,10.23
NIFTYCOMMODITIES,NIFTY Commodities,Strategy / Thematic / Other,2022-09-30,2022-09-30,5562.15,9.77
NIFTYCOMMODITIES,NIFTY Commodities,Strategy / Thematic / Other,2022-10-31,2022-10-31,5786.85,10.5
NIFTYCOMMODITIES,NIFTY Commodities,Strategy / Thematic / Other,2022-11-30,2022-11-30,6083.95,13.27
NIFTYCOMMODITIES,NIFTY Commodities,Strategy / Thematic / Other,2022-12-31,2022-12-30,5944.1,12.94
NIFTYCOMMODITIES,NIFTY Commodities,Strategy / Thematic / Other,2023-01-31,2023-01-31,5701.7,12.83
NIFTYCOMMODITIES,NIFTY Commodities,Strategy / Thematic / Other,2023-02-28,2023-02-28,5372.2,13.4
NIFTYCOMMODITIES,NIFTY Commodities,Strategy / Thematic / Other,2023-03-31,2023-03-31,5554.2,13.54
NIFTYCOMMODITIES,NIFTY Commodities,Strategy / Thematic / Other,2023-04-30,2023-04-28,5781.65,14.02
NIFTYCOMMODITIES,NIFTY Commodities,Strategy / Thematic / Other,2023-05-31,2023-05-31,5845.4,15.78
NIFTYCOMMODITIES,NIFTY Commodities,Strategy / Thematic / Other,2023-06-30,2023-06-30,6034.25,16.14
NIFTYCOMMODITIES,NIFTY Commodities,Strategy / Thematic / Other,2023-07-31,2023-07-31,6360.25,16.46
NIFTYCOMMODITIES,NIFTY Commodities,Strategy / Thematic / Other,2023-08-31,2023-08-31,6227.5,13.98
NIFTYCOMMODITIES,NIFTY Commodities,Strategy / Thematic / Other,2023-09-30,2023-09-29,6487.05,14.66
NIFTYCOMMODITIES,NIFTY Commodities,Strategy / Thematic / Other,2023-10-31,2023-10-31,6260.9,13.22
NIFTYCOMMODITIES,NIFTY Commodities,Strategy / Thematic / Other,2023-11-30,2023-11-30,6856.1,13.49
NIFTYCOMMODITIES,NIFTY Commodities,Strategy / Thematic / Other,2023-12-31,2023-12-29,7715.8,15.17
NIFTYCOMMODITIES,NIFTY Commodities,Strategy / Thematic / Other,2024-01-31,2024-01-31,7973.1,14.72
NIFTYCOMMODITIES,NIFTY Commodities,Strategy / Thematic / Other,2024-02-29,2024-02-29,8140.7,15.21
NIFTYCOMMODITIES,NIFTY Commodities,Strategy / Thematic / Other,2024-03-31,2024-03-28,8331.65,15.67
NIFTYCOMMODITIES,NIFTY Commodities,Strategy / Thematic / Other,2024-04-30,2024-04-30,8797.5,16.57
NIFTYCOMMODITIES,NIFTY Commodities,Strategy / Thematic / Other,2024-05-31,2024-05-31,8885.6,16.89
NIFTYCOMMODITIES,NIFTY Commodities,Strategy / Thematic / Other,2024-06-30,2024-06-28,9266.7,17.73
NIFTYCOMMODITIES,NIFTY Commodities,Strategy / Thematic / Other,2024-07-31,2024-07-31,9654.1,19.75
NIFTYCOMMODITIES,NIFTY Commodities,Strategy / Thematic / Other,2024-08-31,2024-08-30,9484.2,20.33
NIFTYCOMMODITIES,NIFTY Commodities,Strategy / Thematic / Other,2024-09-30,2024-09-30,9825.75,20.84
NIFTYCOMMODITIES,NIFTY Commodities,Strategy / Thematic / Other,2024-10-31,2024-10-31,8887.85,21.02
NIFTYCOMMODITIES,NIFTY Commodities,Strategy / Thematic / Other,2024-11-30,2024-11-29,8536.6,19.03
NIFTYCOMMODITIES,NIFTY Commodities,Strategy / Thematic / Other,2024-12-31,2024-12-31,8120.55,18.09
NIFTYCOMMODITIES,NIFTY Commodities,Strategy / Thematic / Other,2025-01-31,2025-01-31,8085.65,18.17
NIFTYCOMMODITIES,NIFTY Commodities,Strategy / Thematic / Other,2025-02-28,2025-02-28,7595.8,16.71
NIFTYCOMMODITIES,NIFTY Commodities,Strategy / Thematic / Other,2025-03-31,2025-03-28,8468.7,18.52
NIFTYCOMMODITIES,NIFTY Commodities,Strategy / Thematic / Other,2025-04-30,2025-04-30,8515.5,18.56
NIFTYCOMMODITIES,NIFTY Commodities,Strategy / Thematic / Other,2025-05-31,2025-05-30,8583.85,18.1
NIFTYCOMMODITIES,NIFTY Commodities,Strategy / Thematic / Other,2025-06-30,2025-06-30,8937.95,18.53
NIFTYCOMMODITIES,NIFTY Commodities,Strategy / Thematic / Other,2025-07-31,2025-07-31,8744.9,17.63
NIFTYCOMMODITIES,NIFTY Commodities,Strategy / Thematic / Other,2025-08-31,2025-08-29,8571.8,16.42
NIFTYCOMMODITIES,NIFTY Commodities,Strategy / Thematic / Other,2025-09-30,2025-09-30,8985.9,17.26
NIFTYCOMMODITIES,NIFTY Commodities,Strategy / Thematic / Other,2025-10-31,2025-10-31,9408.05,17.43
NIFTYCOMMODITIES,NIFTY Commodities,Strategy / Thematic / Other,2025-11-30,2025-11-28,9210.7,16.29
NIFTYCOMMODITIES,NIFTY Commodities,Strategy / Thematic / Other,2025-12-31,2025-12-31,9515.15,16.75
NIFTYCOMMODITIES,NIFTY Commodities,Strategy / Thematic / Other,2026-01-31,2026-01-30,9649.95,16.57
NIFTYCOMMODITIES,NIFTY Commodities,Strategy / Thematic / Other,2026-02-28,2026-02-27,9955.95,16.73
NIFTYCOMMODITIES,NIFTY Commodities,Strategy / Thematic / Other,2026-03-31,2026-03-30,9127.75,15.34
NIFTYCOMMODITIES,NIFTY Commodities,Strategy / Thematic / Other,2026-04-30,2026-04-30,10238.1,17.14
NIFTYCOMMODITIES,NIFTY Commodities,Strategy / Thematic / Other,2026-05-31,2026-05-29,10295,15.72
NIFTYCOMMODITIES,NIFTY Commodities,Strategy / Thematic / Other,2026-06-30,2026-06-30,9792.95,14.16
NIFTYCOMMODITIES,NIFTY Commodities,Strategy / Thematic / Other,2026-07-31,2026-07-31,9861.75,15.32
NIFTYCOMMODITIES,NIFTY Commodities,Strategy / Thematic / Other,2026-08-31,2026-08-31,9690.65,15.02
NIFTYCONGLOMERATE50,NIFTY Conglomerate 50,Strategy / Thematic / Other,2025-09-30,2025-09-30,14170.28,28.36
NIFTYCONGLOMERATE50,NIFTY Conglomerate 50,Strategy / Thematic / Other,2025-10-31,2025-10-31,14881.11,29.39
NIFTYCONGLOMERATE50,NIFTY Conglomerate 50,Strategy / Thematic / Other,2025-11-30,2025-11-28,14975.8,29.07
NIFTYCONGLOMERATE50,NIFTY Conglomerate 50,Strategy / Thematic / Other,2025-12-31,2025-12-31,15043.19,29.31
NIFTYCONGLOMERATE50,NIFTY Conglomerate 50,Strategy / Thematic / Other,2026-01-31,2026-01-30,14490.63,28.12
NIFTYCONGLOMERATE50,NIFTY Conglomerate 50,Strategy / Thematic / Other,2026-02-28,2026-02-27,14638.9,28.91
NIFTYCONGLOMERATE50,NIFTY Conglomerate 50,Strategy / Thematic / Other,2026-03-31,2026-03-30,12787.65,25.74
NIFTYCONGLOMERATE50,NIFTY Conglomerate 50,Strategy / Thematic / Other,2026-04-30,2026-04-30,14509.05,28.95
NIFTYCONGLOMERATE50,NIFTY Conglomerate 50,Strategy / Thematic / Other,2026-05-31,2026-05-29,14669.25,24.03
NIFTYCONGLOMERATE50,NIFTY Conglomerate 50,Strategy / Thematic / Other,2026-06-30,2026-06-30,14639.6,23.99
NIFTYCONGLOMERATE50,NIFTY Conglomerate 50,Strategy / Thematic / Other,2026-07-31,2026-07-31,15338.7,24.72
NIFTYCONGLOMERATE50,NIFTY Conglomerate 50,Strategy / Thematic / Other,2026-08-31,2026-08-31,15259,23.55
NIFTYCONSTRUCTION,NIFTY Construction,Sectoral,2026-06-30,2026-06-30,12875.09,20.83
NIFTYCONSTRUCTION,NIFTY Construction,Sectoral,2026-07-31,2026-07-31,12117.56,19.51
NIFTYCONSTRUCTION,NIFTY Construction,Sectoral,2026-08-31,2026-08-31,12051.33,19.8
NIFTYCONSUMERDURABLES,NIFTY Consumer Durables,Sectoral,2021-04-30,2021-04-30,20832.98,85.64
NIFTYCONSUMERDURABLES,NIFTY Consumer Durables,Sectoral,2021-05-31,2021-05-31,21958.99,75.65
NIFTYCONSUMERDURABLES,NIFTY Consumer Durables,Sectoral,2021-06-30,2021-06-30,22999.27,77.08
NIFTYCONSUMERDURABLES,NIFTY Consumer Durables,Sectoral,2021-07-31,2021-07-30,23855.96,76.89
NIFTYCONSUMERDURABLES,NIFTY Consumer Durables,Sectoral,2021-08-31,2021-08-31,24854.3,71.69
NIFTYCONSUMERDURABLES,NIFTY Consumer Durables,Sectoral,2021-09-30,2021-09-30,27087.2,77.88
NIFTYCONSUMERDURABLES,NIFTY Consumer Durables,Sectoral,2021-10-31,2021-10-29,28242.3,75.58
NIFTYCONSUMERDURABLES,NIFTY Consumer Durables,Sectoral,2021-11-30,2021-11-30,28282.1,71.74
NIFTYCONSUMERDURABLES,NIFTY Consumer Durables,Sectoral,2021-12-31,2021-12-31,29138.95,72.97
NIFTYCONSUMERDURABLES,NIFTY Consumer Durables,Sectoral,2022-01-31,2022-01-31,27498.1,69.29
NIFTYCONSUMERDURABLES,NIFTY Consumer Durables,Sectoral,2022-02-28,2022-02-28,27753.35,66.23
NIFTYCONSUMERDURABLES,NIFTY Consumer Durables,Sectoral,2022-03-31,2022-03-31,27141.25,63.3
NIFTYCONSUMERDURABLES,NIFTY Consumer Durables,Sectoral,2022-04-30,2022-04-29,27520.45,64.18
NIFTYCONSUMERDURABLES,NIFTY Consumer Durables,Sectoral,2022-05-31,2022-05-31,24779.15,59.87
NIFTYCONSUMERDURABLES,NIFTY Consumer Durables,Sectoral,2022-06-30,2022-06-30,22820.05,56.6
NIFTYCONSUMERDURABLES,NIFTY Consumer Durables,Sectoral,2022-07-31,2022-07-29,25823.45,62.41
NIFTYCONSUMERDURABLES,NIFTY Consumer Durables,Sectoral,2022-08-31,2022-08-30,27473.65,59.31
NIFTYCONSUMERDURABLES,NIFTY Consumer Durables,Sectoral,2022-09-30,2022-09-30,27181.9,58.07
NIFTYCONSUMERDURABLES,NIFTY Consumer Durables,Sectoral,2022-10-31,2022-10-31,27024,58.82
NIFTYCONSUMERDURABLES,NIFTY Consumer Durables,Sectoral,2022-11-30,2022-11-30,26512.5,59.41
NIFTYCONSUMERDURABLES,NIFTY Consumer Durables,Sectoral,2022-12-31,2022-12-30,25296.7,56.48
NIFTYCONSUMERDURABLES,NIFTY Consumer Durables,Sectoral,2023-01-31,2023-01-31,24149.8,54.51
NIFTYCONSUMERDURABLES,NIFTY Consumer Durables,Sectoral,2023-02-28,2023-02-28,23978.7,57.17
NIFTYCONSUMERDURABLES,NIFTY Consumer Durables,Sectoral,2023-03-31,2023-03-31,24035.1,56.93
NIFTYCONSUMERDURABLES,NIFTY Consumer Durables,Sectoral,2023-04-30,2023-04-28,24276.35,57.5
NIFTYCONSUMERDURABLES,NIFTY Consumer Durables,Sectoral,2023-05-31,2023-05-31,26083.75,60.1
NIFTYCONSUMERDURABLES,NIFTY Consumer Durables,Sectoral,2023-06-30,2023-06-30,27130.05,60.64
NIFTYCONSUMERDURABLES,NIFTY Consumer Durables,Sectoral,2023-07-31,2023-07-31,27408.25,60.49
NIFTYCONSUMERDURABLES,NIFTY Consumer Durables,Sectoral,2023-08-31,2023-08-31,28701.9,63.05
NIFTYCONSUMERDURABLES,NIFTY Consumer Durables,Sectoral,2023-09-30,2023-09-29,28948.9,63.3
NIFTYCONSUMERDURABLES,NIFTY Consumer Durables,Sectoral,2023-10-31,2023-10-31,28061.5,60.03
NIFTYCONSUMERDURABLES,NIFTY Consumer Durables,Sectoral,2023-11-30,2023-11-30,29439.6,65.23
NIFTYCONSUMERDURABLES,NIFTY Consumer Durables,Sectoral,2023-12-31,2023-12-29,31132.35,68.63
NIFTYCONSUMERDURABLES,NIFTY Consumer Durables,Sectoral,2024-01-31,2024-01-31,31471.65,69.34
NIFTYCONSUMERDURABLES,NIFTY Consumer Durables,Sectoral,2024-02-29,2024-02-29,32046.9,71.31
NIFTYCONSUMERDURABLES,NIFTY Consumer Durables,Sectoral,2024-03-31,2024-03-28,32337.5,71.36
NIFTYCONSUMERDURABLES,NIFTY Consumer Durables,Sectoral,2024-04-30,2024-04-30,34630.1,76.41
NIFTYCONSUMERDURABLES,NIFTY Consumer Durables,Sectoral,2024-05-31,2024-05-31,35130.2,77.33
NIFTYCONSUMERDURABLES,NIFTY Consumer Durables,Sectoral,2024-06-30,2024-06-28,38357.9,88.57
NIFTYCONSUMERDURABLES,NIFTY Consumer Durables,Sectoral,2024-07-31,2024-07-31,39762.25,89.63
NIFTYCONSUMERDURABLES,NIFTY Consumer Durables,Sectoral,2024-08-31,2024-08-30,41312.85,87.46
NIFTYCONSUMERDURABLES,NIFTY Consumer Durables,Sectoral,2024-09-30,2024-09-30,43688.85,92.6
NIFTYCONSUMERDURABLES,NIFTY Consumer Durables,Sectoral,2024-10-31,2024-10-31,39218,79.78
NIFTYCONSUMERDURABLES,NIFTY Consumer Durables,Sectoral,2024-11-30,2024-11-29,40172.9,83.62
NIFTYCONSUMERDURABLES,NIFTY Consumer Durables,Sectoral,2024-12-31,2024-12-31,41805.8,87.48
NIFTYCONSUMERDURABLES,NIFTY Consumer Durables,Sectoral,2025-01-31,2025-01-31,37591.1,75.27
NIFTYCONSUMERDURABLES,NIFTY Consumer Durables,Sectoral,2025-02-28,2025-02-28,34458.85,68.64
NIFTYCONSUMERDURABLES,NIFTY Consumer Durables,Sectoral,2025-03-31,2025-03-28,35652.2,71.88
NIFTYCONSUMERDURABLES,NIFTY Consumer Durables,Sectoral,2025-04-30,2025-04-30,37097.95,74.39
NIFTYCONSUMERDURABLES,NIFTY Consumer Durables,Sectoral,2025-05-31,2025-05-30,37359,69.62
NIFTYCONSUMERDURABLES,NIFTY Consumer Durables,Sectoral,2025-06-30,2025-06-30,38441.7,69.36
NIFTYCONSUMERDURABLES,NIFTY Consumer Durables,Sectoral,2025-07-31,2025-07-31,38263.8,67.99
NIFTYCONSUMERDURABLES,NIFTY Consumer Durables,Sectoral,2025-08-31,2025-08-29,38590.95,69.54
NIFTYCONSUMERDURABLES,NIFTY Consumer Durables,Sectoral,2025-09-30,2025-09-30,37114.5,67.54
NIFTYCONSUMERDURABLES,NIFTY Consumer Durables,Sectoral,2025-10-31,2025-10-31,38615.1,67.35
NIFTYCONSUMERDURABLES,NIFTY Consumer Durables,Sectoral,2025-11-30,2025-11-28,37881.6,65.26
NIFTYCONSUMERDURABLES,NIFTY Consumer Durables,Sectoral,2025-12-31,2025-12-31,36756,61.25
NIFTYCONSUMERDURABLES,NIFTY Consumer Durables,Sectoral,2026-01-31,2026-01-30,34387.55,57.22
NIFTYCONSUMERDURABLES,NIFTY Consumer Durables,Sectoral,2026-02-28,2026-02-27,37585.9,59.81
NIFTYCONSUMERDURABLES,NIFTY Consumer Durables,Sectoral,2026-03-31,2026-03-30,33023.3,53.19
NIFTYCONSUMERDURABLES,NIFTY Consumer Durables,Sectoral,2026-04-30,2026-04-30,37273,59.18
NIFTYCONSUMERDURABLES,NIFTY Consumer Durables,Sectoral,2026-05-31,2026-05-29,34943.55,62.03
NIFTYCONSUMERDURABLES,NIFTY Consumer Durables,Sectoral,2026-06-30,2026-06-30,36442.85,65.56
NIFTYCONSUMERDURABLES,NIFTY Consumer Durables,Sectoral,2026-07-31,2026-07-31,40072.15,72.41
NIFTYCONSUMERDURABLES,NIFTY Consumer Durables,Sectoral,2026-08-31,2026-08-31,40430.95,65.84
NIFTYCONSUMERSERVICES,NIFTY Consumer Services,Sectoral,2026-06-30,2026-06-30,3464.63,119.17
NIFTYCONSUMERSERVICES,NIFTY Consumer Services,Sectoral,2026-07-31,2026-07-31,3565.75,120.09
NIFTYCONSUMERSERVICES,NIFTY Consumer Services,Sectoral,2026-08-31,2026-08-31,3699,116.96
NIFTYCOREHOUSING,NIFTY Core Housing,Strategy / Thematic / Other,2023-05-31,2023-05-31,11183.24,28.99
NIFTYCOREHOUSING,NIFTY Core Housing,Strategy / Thematic / Other,2023-06-30,2023-06-30,11683.44,30.05
NIFTYCOREHOUSING,NIFTY Core Housing,Strategy / Thematic / Other,2023-07-31,2023-07-31,12094.62,33.88
NIFTYCOREHOUSING,NIFTY Core Housing,Strategy / Thematic / Other,2023-08-31,2023-08-31,12150.58,33.76
NIFTYCOREHOUSING,NIFTY Core Housing,Strategy / Thematic / Other,2023-09-30,2023-09-29,12374.91,34.62
NIFTYCOREHOUSING,NIFTY Core Housing,Strategy / Thematic / Other,2023-10-31,2023-10-31,12108.85,32.25
NIFTYCOREHOUSING,NIFTY Core Housing,Strategy / Thematic / Other,2023-11-30,2023-11-30,13056.61,32.26
NIFTYCOREHOUSING,NIFTY Core Housing,Strategy / Thematic / Other,2023-12-31,2023-12-29,14311.64,35.69
NIFTYCOREHOUSING,NIFTY Core Housing,Strategy / Thematic / Other,2024-01-31,2024-01-31,14310.63,34.59
NIFTYCOREHOUSING,NIFTY Core Housing,Strategy / Thematic / Other,2024-02-29,2024-02-29,14480.06,34.95
NIFTYCOREHOUSING,NIFTY Core Housing,Strategy / Thematic / Other,2024-03-31,2024-03-28,14428.62,35.05
NIFTYCOREHOUSING,NIFTY Core Housing,Strategy / Thematic / Other,2024-04-30,2024-04-30,15256.45,36.85
NIFTYCOREHOUSING,NIFTY Core Housing,Strategy / Thematic / Other,2024-05-31,2024-05-31,15646.41,36.79
NIFTYCOREHOUSING,NIFTY Core Housing,Strategy / Thematic / Other,2024-06-30,2024-06-28,17074.9,40.02
NIFTYCOREHOUSING,NIFTY Core Housing,Strategy / Thematic / Other,2024-07-31,2024-07-31,17405.52,41.04
NIFTYCOREHOUSING,NIFTY Core Housing,Strategy / Thematic / Other,2024-08-31,2024-08-30,17150.58,40.06
NIFTYCOREHOUSING,NIFTY Core Housing,Strategy / Thematic / Other,2024-09-30,2024-09-30,17853.22,42.24
NIFTYCOREHOUSING,NIFTY Core Housing,Strategy / Thematic / Other,2024-10-31,2024-10-31,16402.59,38.45
NIFTYCOREHOUSING,NIFTY Core Housing,Strategy / Thematic / Other,2024-11-30,2024-11-29,16328.7,44.93
NIFTYCOREHOUSING,NIFTY Core Housing,Strategy / Thematic / Other,2024-12-31,2024-12-31,16387.4,45.39
NIFTYCOREHOUSING,NIFTY Core Housing,Strategy / Thematic / Other,2025-01-31,2025-01-31,15243.7,40.46
NIFTYCOREHOUSING,NIFTY Core Housing,Strategy / Thematic / Other,2025-02-28,2025-02-28,13773.75,37.51
NIFTYCOREHOUSING,NIFTY Core Housing,Strategy / Thematic / Other,2025-03-31,2025-03-28,14971.4,36.84
NIFTYCOREHOUSING,NIFTY Core Housing,Strategy / Thematic / Other,2025-04-30,2025-04-30,15430.35,37.79
NIFTYCOREHOUSING,NIFTY Core Housing,Strategy / Thematic / Other,2025-05-31,2025-05-30,15371.2,37.11
NIFTYCOREHOUSING,NIFTY Core Housing,Strategy / Thematic / Other,2025-06-30,2025-06-30,16253.2,39.32
NIFTYCOREHOUSING,NIFTY Core Housing,Strategy / Thematic / Other,2025-07-31,2025-07-31,16063.5,38
NIFTYCOREHOUSING,NIFTY Core Housing,Strategy / Thematic / Other,2025-08-31,2025-08-29,16025.95,37.36
NIFTYCOREHOUSING,NIFTY Core Housing,Strategy / Thematic / Other,2025-09-30,2025-09-30,15661.95,37.22
NIFTYCOREHOUSING,NIFTY Core Housing,Strategy / Thematic / Other,2025-10-31,2025-10-31,16118.7,37.14
NIFTYCOREHOUSING,NIFTY Core Housing,Strategy / Thematic / Other,2025-11-30,2025-11-28,15779.8,34.9
NIFTYCOREHOUSING,NIFTY Core Housing,Strategy / Thematic / Other,2025-12-31,2025-12-31,15504.35,34.36
NIFTYCOREHOUSING,NIFTY Core Housing,Strategy / Thematic / Other,2026-01-31,2026-01-30,14664.65,32.35
NIFTYCOREHOUSING,NIFTY Core Housing,Strategy / Thematic / Other,2026-02-28,2026-02-27,15084.2,33.44
NIFTYCOREHOUSING,NIFTY Core Housing,Strategy / Thematic / Other,2026-03-31,2026-03-30,12986.1,28.8
NIFTYCOREHOUSING,NIFTY Core Housing,Strategy / Thematic / Other,2026-04-30,2026-04-30,14747.25,32.21
NIFTYCOREHOUSING,NIFTY Core Housing,Strategy / Thematic / Other,2026-05-31,2026-05-29,15037.85,32.75
NIFTYCOREHOUSING,NIFTY Core Housing,Strategy / Thematic / Other,2026-06-30,2026-06-30,15261.25,33.08
NIFTYCOREHOUSING,NIFTY Core Housing,Strategy / Thematic / Other,2026-07-31,2026-07-31,15859.55,33.93
NIFTYCOREHOUSING,NIFTY Core Housing,Strategy / Thematic / Other,2026-08-31,2026-08-31,15834.05,32.75
NIFTYCPSE,NIFTY Cpse,Strategy / Thematic / Other,2021-04-30,2021-04-30,1813.75,10.31
NIFTYCPSE,NIFTY Cpse,Strategy / Thematic / Other,2021-05-31,2021-05-31,1957.4,11.12
NIFTYCPSE,NIFTY Cpse,Strategy / Thematic / Other,2021-06-30,2021-06-30,2052.65,8.41
NIFTYCPSE,NIFTY Cpse,Strategy / Thematic / Other,2021-07-31,2021-07-30,2043,8.38
NIFTYCPSE,NIFTY Cpse,Strategy / Thematic / Other,2021-08-31,2021-08-31,2041.25,7.02
NIFTYCPSE,NIFTY Cpse,Strategy / Thematic / Other,2021-09-30,2021-09-30,2362.55,8.14
NIFTYCPSE,NIFTY Cpse,Strategy / Thematic / Other,2021-10-31,2021-10-29,2286.3,7.88
NIFTYCPSE,NIFTY Cpse,Strategy / Thematic / Other,2021-11-30,2021-11-30,2254.55,6.74
NIFTYCPSE,NIFTY Cpse,Strategy / Thematic / Other,2021-12-31,2021-12-31,2263.45,6.65
NIFTYCPSE,NIFTY Cpse,Strategy / Thematic / Other,2022-01-31,2022-01-31,2495.3,7.33
NIFTYCPSE,NIFTY Cpse,Strategy / Thematic / Other,2022-02-28,2022-02-28,2415.8,6.51
NIFTYCPSE,NIFTY Cpse,Strategy / Thematic / Other,2022-03-31,2022-03-31,2501.15,6.88
NIFTYCPSE,NIFTY Cpse,Strategy / Thematic / Other,2022-04-30,2022-04-29,2644.15,7.27
NIFTYCPSE,NIFTY Cpse,Strategy / Thematic / Other,2022-05-31,2022-05-31,2606.7,6.92
NIFTYCPSE,NIFTY Cpse,Strategy / Thematic / Other,2022-06-30,2022-06-30,2461.9,6.37
NIFTYCPSE,NIFTY Cpse,Strategy / Thematic / Other,2022-07-31,2022-07-29,2531.8,6.53
NIFTYCPSE,NIFTY Cpse,Strategy / Thematic / Other,2022-08-31,2022-08-30,2731.65,6.76
NIFTYCPSE,NIFTY Cpse,Strategy / Thematic / Other,2022-09-30,2022-09-30,2563.15,6.33
NIFTYCPSE,NIFTY Cpse,Strategy / Thematic / Other,2022-10-31,2022-10-31,2799.65,6.92
NIFTYCPSE,NIFTY Cpse,Strategy / Thematic / Other,2022-11-30,2022-11-30,2860.1,7.3
NIFTYCPSE,NIFTY Cpse,Strategy / Thematic / Other,2022-12-31,2022-12-30,2798.05,7.19
NIFTYCPSE,NIFTY Cpse,Strategy / Thematic / Other,2023-01-31,2023-01-31,2812.15,7.21
NIFTYCPSE,NIFTY Cpse,Strategy / Thematic / Other,2023-02-28,2023-02-28,2880.5,6.97
NIFTYCPSE,NIFTY Cpse,Strategy / Thematic / Other,2023-03-31,2023-03-31,2916.95,7.04
NIFTYCPSE,NIFTY Cpse,Strategy / Thematic / Other,2023-04-30,2023-04-28,3053.8,7.37
NIFTYCPSE,NIFTY Cpse,Strategy / Thematic / Other,2023-05-31,2023-05-31,3093.65,7.93
NIFTYCPSE,NIFTY Cpse,Strategy / Thematic / Other,2023-06-30,2023-06-30,3257.95,8.26
NIFTYCPSE,NIFTY Cpse,Strategy / Thematic / Other,2023-07-31,2023-07-31,3512.9,8.89
NIFTYCPSE,NIFTY Cpse,Strategy / Thematic / Other,2023-08-31,2023-08-31,3492,8.36
NIFTYCPSE,NIFTY Cpse,Strategy / Thematic / Other,2023-09-30,2023-09-29,3909.9,9.41
NIFTYCPSE,NIFTY Cpse,Strategy / Thematic / Other,2023-10-31,2023-10-31,3882.45,9.21
NIFTYCPSE,NIFTY Cpse,Strategy / Thematic / Other,2023-11-30,2023-11-30,4242.5,9.28
NIFTYCPSE,NIFTY Cpse,Strategy / Thematic / Other,2023-12-31,2023-12-29,4860.45,10.64
NIFTYCPSE,NIFTY Cpse,Strategy / Thematic / Other,2024-01-31,2024-01-31,5410.4,11.81
NIFTYCPSE,NIFTY Cpse,Strategy / Thematic / Other,2024-02-29,2024-02-29,5776.15,12.44
NIFTYCPSE,NIFTY Cpse,Strategy / Thematic / Other,2024-03-31,2024-03-28,5759.35,12.56
NIFTYCPSE,NIFTY Cpse,Strategy / Thematic / Other,2024-04-30,2024-04-30,6253.95,13.64
NIFTYCPSE,NIFTY Cpse,Strategy / Thematic / Other,2024-05-31,2024-05-31,6587.9,13.32
NIFTYCPSE,NIFTY Cpse,Strategy / Thematic / Other,2024-06-30,2024-06-28,6806.75,13.83
NIFTYCPSE,NIFTY Cpse,Strategy / Thematic / Other,2024-07-31,2024-07-31,7511.9,15.14
NIFTYCPSE,NIFTY Cpse,Strategy / Thematic / Other,2024-08-31,2024-08-30,7401.3,15.15
NIFTYCPSE,NIFTY Cpse,Strategy / Thematic / Other,2024-09-30,2024-09-30,7258.05,14.71
NIFTYCPSE,NIFTY Cpse,Strategy / Thematic / Other,2024-10-31,2024-10-31,6599.15,13.34
NIFTYCPSE,NIFTY Cpse,Strategy / Thematic / Other,2024-11-30,2024-11-29,6526.15,13.55
NIFTYCPSE,NIFTY Cpse,Strategy / Thematic / Other,2024-12-31,2024-12-31,6088.1,12.7
NIFTYCPSE,NIFTY Cpse,Strategy / Thematic / Other,2025-01-31,2025-01-31,6126.7,12.84
NIFTYCPSE,NIFTY Cpse,Strategy / Thematic / Other,2025-02-28,2025-02-28,5387.3,11.42
NIFTYCPSE,NIFTY Cpse,Strategy / Thematic / Other,2025-03-31,2025-03-28,6139.8,13.02
NIFTYCPSE,NIFTY Cpse,Strategy / Thematic / Other,2025-04-30,2025-04-30,6260.05,13.28
NIFTYCPSE,NIFTY Cpse,Strategy / Thematic / Other,2025-05-31,2025-05-30,6450.6,13.66
NIFTYCPSE,NIFTY Cpse,Strategy / Thematic / Other,2025-06-30,2025-06-30,6637,13.95
NIFTYCPSE,NIFTY Cpse,Strategy / Thematic / Other,2025-07-31,2025-07-31,6383,13.32
NIFTYCPSE,NIFTY Cpse,Strategy / Thematic / Other,2025-08-31,2025-08-29,6142,12.92
NIFTYCPSE,NIFTY Cpse,Strategy / Thematic / Other,2025-09-30,2025-09-30,6459.35,13.57
NIFTYCPSE,NIFTY Cpse,Strategy / Thematic / Other,2025-10-31,2025-10-31,6615.65,14.14
NIFTYCPSE,NIFTY Cpse,Strategy / Thematic / Other,2025-11-30,2025-11-28,6361.85,13.32
NIFTYCPSE,NIFTY Cpse,Strategy / Thematic / Other,2025-12-31,2025-12-31,6365.25,13.27
NIFTYCPSE,NIFTY Cpse,Strategy / Thematic / Other,2026-01-31,2026-01-30,6813.35,14.18
NIFTYCPSE,NIFTY Cpse,Strategy / Thematic / Other,2026-02-28,2026-02-27,7086.6,14.53
NIFTYCPSE,NIFTY Cpse,Strategy / Thematic / Other,2026-03-31,2026-03-30,6900.85,14.23
NIFTYCPSE,NIFTY Cpse,Strategy / Thematic / Other,2026-04-30,2026-04-30,7456.25,15.23
NIFTYCPSE,NIFTY Cpse,Strategy / Thematic / Other,2026-05-31,2026-05-29,7008.85,13.74
NIFTYCPSE,NIFTY Cpse,Strategy / Thematic / Other,2026-06-30,2026-06-30,6697.2,12.76
NIFTYCPSE,NIFTY Cpse,Strategy / Thematic / Other,2026-07-31,2026-07-31,6530.05,12.36
NIFTYCPSE,NIFTY Cpse,Strategy / Thematic / Other,2026-08-31,2026-08-31,6375.15,12.28
NIFTYDIVIDENDOPPORTUNITIES50,NIFTY Dividend Opportunities 50,Strategy / Thematic / Other,2021-04-30,2021-04-30,3033.9,20.55
NIFTYDIVIDENDOPPORTUNITIES50,NIFTY Dividend Opportunities 50,Strategy / Thematic / Other,2021-05-31,2021-05-31,3229.6,18.8
NIFTYDIVIDENDOPPORTUNITIES50,NIFTY Dividend Opportunities 50,Strategy / Thematic / Other,2021-06-30,2021-06-30,3345.8,17.97
NIFTYDIVIDENDOPPORTUNITIES50,NIFTY Dividend Opportunities 50,Strategy / Thematic / Other,2021-07-31,2021-07-30,3402.85,17.84
NIFTYDIVIDENDOPPORTUNITIES50,NIFTY Dividend Opportunities 50,Strategy / Thematic / Other,2021-08-31,2021-08-31,3635.5,16.53
NIFTYDIVIDENDOPPORTUNITIES50,NIFTY Dividend Opportunities 50,Strategy / Thematic / Other,2021-09-30,2021-09-30,3747.1,16.89
NIFTYDIVIDENDOPPORTUNITIES50,NIFTY Dividend Opportunities 50,Strategy / Thematic / Other,2021-10-31,2021-10-29,3645.8,15.71
NIFTYDIVIDENDOPPORTUNITIES50,NIFTY Dividend Opportunities 50,Strategy / Thematic / Other,2021-11-30,2021-11-30,3574.85,14.04
NIFTYDIVIDENDOPPORTUNITIES50,NIFTY Dividend Opportunities 50,Strategy / Thematic / Other,2021-12-31,2021-12-31,3718.3,14.55
NIFTYDIVIDENDOPPORTUNITIES50,NIFTY Dividend Opportunities 50,Strategy / Thematic / Other,2022-01-31,2022-01-31,3690.5,14.38
NIFTYDIVIDENDOPPORTUNITIES50,NIFTY Dividend Opportunities 50,Strategy / Thematic / Other,2022-02-28,2022-02-28,3557,13.1
NIFTYDIVIDENDOPPORTUNITIES50,NIFTY Dividend Opportunities 50,Strategy / Thematic / Other,2022-03-31,2022-03-31,3705.9,12.68
NIFTYDIVIDENDOPPORTUNITIES50,NIFTY Dividend Opportunities 50,Strategy / Thematic / Other,2022-04-30,2022-04-29,3639.75,12.35
NIFTYDIVIDENDOPPORTUNITIES50,NIFTY Dividend Opportunities 50,Strategy / Thematic / Other,2022-05-31,2022-05-31,3539.65,11.98
NIFTYDIVIDENDOPPORTUNITIES50,NIFTY Dividend Opportunities 50,Strategy / Thematic / Other,2022-06-30,2022-06-30,3339.65,11.3
NIFTYDIVIDENDOPPORTUNITIES50,NIFTY Dividend Opportunities 50,Strategy / Thematic / Other,2022-07-31,2022-07-29,3621.65,12.26
NIFTYDIVIDENDOPPORTUNITIES50,NIFTY Dividend Opportunities 50,Strategy / Thematic / Other,2022-08-31,2022-08-30,3698.3,13.28
NIFTYDIVIDENDOPPORTUNITIES50,NIFTY Dividend Opportunities 50,Strategy / Thematic / Other,2022-09-30,2022-09-30,3567.65,12.79
NIFTYDIVIDENDOPPORTUNITIES50,NIFTY Dividend Opportunities 50,Strategy / Thematic / Other,2022-10-31,2022-10-31,3749.25,13.37
NIFTYDIVIDENDOPPORTUNITIES50,NIFTY Dividend Opportunities 50,Strategy / Thematic / Other,2022-11-30,2022-11-30,3907.65,15.47
NIFTYDIVIDENDOPPORTUNITIES50,NIFTY Dividend Opportunities 50,Strategy / Thematic / Other,2022-12-31,2022-12-30,3788.15,15.02
NIFTYDIVIDENDOPPORTUNITIES50,NIFTY Dividend Opportunities 50,Strategy / Thematic / Other,2023-01-31,2023-01-31,3881.8,15.52
NIFTYDIVIDENDOPPORTUNITIES50,NIFTY Dividend Opportunities 50,Strategy / Thematic / Other,2023-02-28,2023-02-28,3843.45,16.09
NIFTYDIVIDENDOPPORTUNITIES50,NIFTY Dividend Opportunities 50,Strategy / Thematic / Other,2023-03-31,2023-03-31,3874.6,14.84
NIFTYDIVIDENDOPPORTUNITIES50,NIFTY Dividend Opportunities 50,Strategy / Thematic / Other,2023-04-30,2023-04-28,3953.65,15.05
NIFTYDIVIDENDOPPORTUNITIES50,NIFTY Dividend Opportunities 50,Strategy / Thematic / Other,2023-05-31,2023-05-31,4104.5,16.12
NIFTYDIVIDENDOPPORTUNITIES50,NIFTY Dividend Opportunities 50,Strategy / Thematic / Other,2023-06-30,2023-06-30,4270,16.81
NIFTYDIVIDENDOPPORTUNITIES50,NIFTY Dividend Opportunities 50,Strategy / Thematic / Other,2023-07-31,2023-07-31,4445.9,16.87
NIFTYDIVIDENDOPPORTUNITIES50,NIFTY Dividend Opportunities 50,Strategy / Thematic / Other,2023-08-31,2023-08-31,4393.05,15.11
NIFTYDIVIDENDOPPORTUNITIES50,NIFTY Dividend Opportunities 50,Strategy / Thematic / Other,2023-09-30,2023-09-29,4602.05,15.9
NIFTYDIVIDENDOPPORTUNITIES50,NIFTY Dividend Opportunities 50,Strategy / Thematic / Other,2023-10-31,2023-10-31,4511.05,14.86
NIFTYDIVIDENDOPPORTUNITIES50,NIFTY Dividend Opportunities 50,Strategy / Thematic / Other,2023-11-30,2023-11-30,4902.7,15.39
NIFTYDIVIDENDOPPORTUNITIES50,NIFTY Dividend Opportunities 50,Strategy / Thematic / Other,2023-12-31,2023-12-29,5384.4,17.1
NIFTYDIVIDENDOPPORTUNITIES50,NIFTY Dividend Opportunities 50,Strategy / Thematic / Other,2024-01-31,2024-01-31,5654.7,17.13
NIFTYDIVIDENDOPPORTUNITIES50,NIFTY Dividend Opportunities 50,Strategy / Thematic / Other,2024-02-29,2024-02-29,5766.05,17.26
NIFTYDIVIDENDOPPORTUNITIES50,NIFTY Dividend Opportunities 50,Strategy / Thematic / Other,2024-03-31,2024-03-28,5719.85,16.69
NIFTYDIVIDENDOPPORTUNITIES50,NIFTY Dividend Opportunities 50,Strategy / Thematic / Other,2024-04-30,2024-04-30,5909.35,17.12
NIFTYDIVIDENDOPPORTUNITIES50,NIFTY Dividend Opportunities 50,Strategy / Thematic / Other,2024-05-31,2024-05-31,5944.45,16.76
NIFTYDIVIDENDOPPORTUNITIES50,NIFTY Dividend Opportunities 50,Strategy / Thematic / Other,2024-06-30,2024-06-28,6246.05,17.72
NIFTYDIVIDENDOPPORTUNITIES50,NIFTY Dividend Opportunities 50,Strategy / Thematic / Other,2024-07-31,2024-07-31,6828.3,19.43
NIFTYDIVIDENDOPPORTUNITIES50,NIFTY Dividend Opportunities 50,Strategy / Thematic / Other,2024-08-31,2024-08-30,6899.35,19.71
NIFTYDIVIDENDOPPORTUNITIES50,NIFTY Dividend Opportunities 50,Strategy / Thematic / Other,2024-09-30,2024-09-30,6931.8,19.69
NIFTYDIVIDENDOPPORTUNITIES50,NIFTY Dividend Opportunities 50,Strategy / Thematic / Other,2024-10-31,2024-10-31,6434.05,18.54
NIFTYDIVIDENDOPPORTUNITIES50,NIFTY Dividend Opportunities 50,Strategy / Thematic / Other,2024-11-30,2024-11-29,6465.65,17.9
NIFTYDIVIDENDOPPORTUNITIES50,NIFTY Dividend Opportunities 50,Strategy / Thematic / Other,2024-12-31,2024-12-31,6280.75,17.32
NIFTYDIVIDENDOPPORTUNITIES50,NIFTY Dividend Opportunities 50,Strategy / Thematic / Other,2025-01-31,2025-01-31,6148.15,16.78
NIFTYDIVIDENDOPPORTUNITIES50,NIFTY Dividend Opportunities 50,Strategy / Thematic / Other,2025-02-28,2025-02-28,5496.2,14.59
NIFTYDIVIDENDOPPORTUNITIES50,NIFTY Dividend Opportunities 50,Strategy / Thematic / Other,2025-03-31,2025-03-28,5844.6,14.7
NIFTYDIVIDENDOPPORTUNITIES50,NIFTY Dividend Opportunities 50,Strategy / Thematic / Other,2025-04-30,2025-04-30,5880.15,14.77
NIFTYDIVIDENDOPPORTUNITIES50,NIFTY Dividend Opportunities 50,Strategy / Thematic / Other,2025-05-31,2025-05-30,5996,14.84
NIFTYDIVIDENDOPPORTUNITIES50,NIFTY Dividend Opportunities 50,Strategy / Thematic / Other,2025-06-30,2025-06-30,6132.55,15.22
NIFTYDIVIDENDOPPORTUNITIES50,NIFTY Dividend Opportunities 50,Strategy / Thematic / Other,2025-07-31,2025-07-31,5869,14.51
NIFTYDIVIDENDOPPORTUNITIES50,NIFTY Dividend Opportunities 50,Strategy / Thematic / Other,2025-08-31,2025-08-29,5814.3,14.01
NIFTYDIVIDENDOPPORTUNITIES50,NIFTY Dividend Opportunities 50,Strategy / Thematic / Other,2025-09-30,2025-09-30,5915.5,14.34
NIFTYDIVIDENDOPPORTUNITIES50,NIFTY Dividend Opportunities 50,Strategy / Thematic / Other,2025-10-31,2025-10-31,6161.35,14.7
NIFTYDIVIDENDOPPORTUNITIES50,NIFTY Dividend Opportunities 50,Strategy / Thematic / Other,2025-11-30,2025-11-28,6250.3,14.74
NIFTYDIVIDENDOPPORTUNITIES50,NIFTY Dividend Opportunities 50,Strategy / Thematic / Other,2025-12-31,2025-12-31,6385.25,15.01
NIFTYDIVIDENDOPPORTUNITIES50,NIFTY Dividend Opportunities 50,Strategy / Thematic / Other,2026-01-31,2026-01-30,6406.65,14.99
NIFTYDIVIDENDOPPORTUNITIES50,NIFTY Dividend Opportunities 50,Strategy / Thematic / Other,2026-02-28,2026-02-27,6316.4,14.51
NIFTYDIVIDENDOPPORTUNITIES50,NIFTY Dividend Opportunities 50,Strategy / Thematic / Other,2026-03-31,2026-03-30,5644.3,13.51
NIFTYDIVIDENDOPPORTUNITIES50,NIFTY Dividend Opportunities 50,Strategy / Thematic / Other,2026-04-30,2026-04-30,6056.4,14.41
NIFTYDIVIDENDOPPORTUNITIES50,NIFTY Dividend Opportunities 50,Strategy / Thematic / Other,2026-05-31,2026-05-29,5880.9,13.59
NIFTYDIVIDENDOPPORTUNITIES50,NIFTY Dividend Opportunities 50,Strategy / Thematic / Other,2026-06-30,2026-06-30,5701.1,12.75
NIFTYDIVIDENDOPPORTUNITIES50,NIFTY Dividend Opportunities 50,Strategy / Thematic / Other,2026-07-31,2026-07-31,5939.1,13.47
NIFTYDIVIDENDOPPORTUNITIES50,NIFTY Dividend Opportunities 50,Strategy / Thematic / Other,2026-08-31,2026-08-31,5862.35,13.31
NIFTYENERGY,NIFTY Energy,Sectoral,2021-04-30,2021-04-30,18031.1,15.55
NIFTYENERGY,NIFTY Energy,Sectoral,2021-05-31,2021-05-31,19908.95,12.04
NIFTYENERGY,NIFTY Energy,Sectoral,2021-06-30,2021-06-30,19822.4,10.79
NIFTYENERGY,NIFTY Energy,Sectoral,2021-07-31,2021-07-30,18934.15,10.27
NIFTYENERGY,NIFTY Energy,Sectoral,2021-08-31,2021-08-31,20289.7,9.81
NIFTYENERGY,NIFTY Energy,Sectoral,2021-09-30,2021-09-30,22858.55,12.07
NIFTYENERGY,NIFTY Energy,Sectoral,2021-10-31,2021-10-29,23236.1,12.13
NIFTYENERGY,NIFTY Energy,Sectoral,2021-11-30,2021-11-30,22823.45,10.8
NIFTYENERGY,NIFTY Energy,Sectoral,2021-12-31,2021-12-31,22631.95,10.9
NIFTYENERGY,NIFTY Energy,Sectoral,2022-01-31,2022-01-31,24983.95,11.88
NIFTYENERGY,NIFTY Energy,Sectoral,2022-02-28,2022-02-28,24212.1,10.66
NIFTYENERGY,NIFTY Energy,Sectoral,2022-03-31,2022-03-31,25822,11.44
NIFTYENERGY,NIFTY Energy,Sectoral,2022-04-30,2022-04-29,28594.15,12.67
NIFTYENERGY,NIFTY Energy,Sectoral,2022-05-31,2022-05-31,25641.1,11.75
NIFTYENERGY,NIFTY Energy,Sectoral,2022-06-30,2022-06-30,25108.5,11.38
NIFTYENERGY,NIFTY Energy,Sectoral,2022-07-31,2022-07-29,26018.4,11.61
NIFTYENERGY,NIFTY Energy,Sectoral,2022-08-31,2022-08-30,28104.5,13.75
NIFTYENERGY,NIFTY Energy,Sectoral,2022-09-30,2022-09-30,25581.3,12.81
NIFTYENERGY,NIFTY Energy,Sectoral,2022-10-31,2022-10-31,26672.65,13.36
NIFTYENERGY,NIFTY Energy,Sectoral,2022-11-30,2022-11-30,27354,15.73
NIFTYENERGY,NIFTY Energy,Sectoral,2022-12-31,2022-12-30,25869.85,14.64
NIFTYENERGY,NIFTY Energy,Sectoral,2023-01-31,2023-01-31,23713.5,14.04
NIFTYENERGY,NIFTY Energy,Sectoral,2023-02-28,2023-02-28,21682.25,12.99
NIFTYENERGY,NIFTY Energy,Sectoral,2023-03-31,2023-03-31,22814.45,12.05
NIFTYENERGY,NIFTY Energy,Sectoral,2023-04-30,2023-04-28,23734.55,12.43
NIFTYENERGY,NIFTY Energy,Sectoral,2023-05-31,2023-05-31,23875.55,12.43
NIFTYENERGY,NIFTY Energy,Sectoral,2023-06-30,2023-06-30,24696.5,12.82
NIFTYENERGY,NIFTY Energy,Sectoral,2023-07-31,2023-07-31,26853.65,12.23
NIFTYENERGY,NIFTY Energy,Sectoral,2023-08-31,2023-08-31,25722.95,10.53
NIFTYENERGY,NIFTY Energy,Sectoral,2023-09-30,2023-09-29,27321.75,11.26
NIFTYENERGY,NIFTY Energy,Sectoral,2023-10-31,2023-10-31,26785.05,10.27
NIFTYENERGY,NIFTY Energy,Sectoral,2023-11-30,2023-11-30,29294.9,10.12
NIFTYENERGY,NIFTY Energy,Sectoral,2023-12-31,2023-12-29,33468.05,11.82
NIFTYENERGY,NIFTY Energy,Sectoral,2024-01-31,2024-01-31,36748,12.51
NIFTYENERGY,NIFTY Energy,Sectoral,2024-02-29,2024-02-29,38838,13.13
NIFTYENERGY,NIFTY Energy,Sectoral,2024-03-31,2024-03-28,39020.6,13.27
NIFTYENERGY,NIFTY Energy,Sectoral,2024-04-30,2024-04-30,40366.7,13.73
NIFTYENERGY,NIFTY Energy,Sectoral,2024-05-31,2024-05-31,40255.5,13.48
NIFTYENERGY,NIFTY Energy,Sectoral,2024-06-30,2024-06-28,41789.2,14.12
NIFTYENERGY,NIFTY Energy,Sectoral,2024-07-31,2024-07-31,44086.8,15.49
NIFTYENERGY,NIFTY Energy,Sectoral,2024-08-31,2024-08-30,43757.4,16.16
NIFTYENERGY,NIFTY Energy,Sectoral,2024-09-30,2024-09-30,44016.7,16.02
NIFTYENERGY,NIFTY Energy,Sectoral,2024-10-31,2024-10-31,39301.95,15.56
NIFTYENERGY,NIFTY Energy,Sectoral,2024-11-30,2024-11-29,37481.95,15.15
NIFTYENERGY,NIFTY Energy,Sectoral,2024-12-31,2024-12-31,35188.25,16.07
NIFTYENERGY,NIFTY Energy,Sectoral,2025-01-31,2025-01-31,33895.6,15.56
NIFTYENERGY,NIFTY Energy,Sectoral,2025-02-28,2025-02-28,30018.15,13.84
NIFTYENERGY,NIFTY Energy,Sectoral,2025-03-31,2025-03-28,33571.6,15.7
NIFTYENERGY,NIFTY Energy,Sectoral,2025-04-30,2025-04-30,34241.6,15.98
NIFTYENERGY,NIFTY Energy,Sectoral,2025-05-31,2025-05-30,35879.05,16.74
NIFTYENERGY,NIFTY Energy,Sectoral,2025-06-30,2025-06-30,36568.65,16.27
NIFTYENERGY,NIFTY Energy,Sectoral,2025-07-31,2025-07-31,35116.15,15.51
NIFTYENERGY,NIFTY Energy,Sectoral,2025-08-31,2025-08-29,33638.65,14.7
NIFTYENERGY,NIFTY Energy,Sectoral,2025-09-30,2025-09-30,34999.65,15.32
NIFTYENERGY,NIFTY Energy,Sectoral,2025-10-31,2025-10-31,36275.95,15.74
NIFTYENERGY,NIFTY Energy,Sectoral,2025-11-30,2025-11-28,35548.3,15.12
NIFTYENERGY,NIFTY Energy,Sectoral,2025-12-31,2025-12-31,35325.65,15.13
NIFTYENERGY,NIFTY Energy,Sectoral,2026-01-31,2026-01-30,35138.05,14.87
NIFTYENERGY,NIFTY Energy,Sectoral,2026-02-28,2026-02-27,37045.2,15.55
NIFTYENERGY,NIFTY Energy,Sectoral,2026-03-31,2026-03-30,34849.7,14.45
NIFTYENERGY,NIFTY Energy,Sectoral,2026-04-30,2026-04-30,40771.9,16.8
NIFTYENERGY,NIFTY Energy,Sectoral,2026-05-31,2026-05-29,40878,15.54
NIFTYENERGY,NIFTY Energy,Sectoral,2026-06-30,2026-06-30,39740.5,14.49
NIFTYENERGY,NIFTY Energy,Sectoral,2026-07-31,2026-07-31,38729.55,14.92
NIFTYENERGY,NIFTY Energy,Sectoral,2026-08-31,2026-08-31,37949.25,14.72
NIFTYEVNEWAGEAUTOMOTIVE,NIFTY Ev & New Age Automotive,Strategy / Thematic / Other,2024-05-31,2024-05-31,2953.12,33.04
NIFTYEVNEWAGEAUTOMOTIVE,NIFTY Ev & New Age Automotive,Strategy / Thematic / Other,2024-06-30,2024-06-28,3278.27,35.16
NIFTYEVNEWAGEAUTOMOTIVE,NIFTY Ev & New Age Automotive,Strategy / Thematic / Other,2024-07-31,2024-07-31,3382.71,36
NIFTYEVNEWAGEAUTOMOTIVE,NIFTY Ev & New Age Automotive,Strategy / Thematic / Other,2024-08-31,2024-08-30,3388.33,35.8
NIFTYEVNEWAGEAUTOMOTIVE,NIFTY Ev & New Age Automotive,Strategy / Thematic / Other,2024-09-30,2024-09-30,3490.39,37.31
NIFTYEVNEWAGEAUTOMOTIVE,NIFTY Ev & New Age Automotive,Strategy / Thematic / Other,2024-10-31,2024-10-31,3118.73,33.67
NIFTYEVNEWAGEAUTOMOTIVE,NIFTY Ev & New Age Automotive,Strategy / Thematic / Other,2024-11-30,2024-11-29,3051.57,32.81
NIFTYEVNEWAGEAUTOMOTIVE,NIFTY Ev & New Age Automotive,Strategy / Thematic / Other,2024-12-31,2024-12-31,2970.25,31.23
NIFTYEVNEWAGEAUTOMOTIVE,NIFTY Ev & New Age Automotive,Strategy / Thematic / Other,2025-01-31,2025-01-31,2863.6,29.84
NIFTYEVNEWAGEAUTOMOTIVE,NIFTY Ev & New Age Automotive,Strategy / Thematic / Other,2025-02-28,2025-02-28,2551.75,26.83
NIFTYEVNEWAGEAUTOMOTIVE,NIFTY Ev & New Age Automotive,Strategy / Thematic / Other,2025-03-31,2025-03-28,2665.65,28.31
NIFTYEVNEWAGEAUTOMOTIVE,NIFTY Ev & New Age Automotive,Strategy / Thematic / Other,2025-04-30,2025-04-30,2722.9,28.81
NIFTYEVNEWAGEAUTOMOTIVE,NIFTY Ev & New Age Automotive,Strategy / Thematic / Other,2025-05-31,2025-05-30,2912.8,31.41
NIFTYEVNEWAGEAUTOMOTIVE,NIFTY Ev & New Age Automotive,Strategy / Thematic / Other,2025-06-30,2025-06-30,2942.55,31.53
NIFTYEVNEWAGEAUTOMOTIVE,NIFTY Ev & New Age Automotive,Strategy / Thematic / Other,2025-07-31,2025-07-31,2897.2,30.55
NIFTYEVNEWAGEAUTOMOTIVE,NIFTY Ev & New Age Automotive,Strategy / Thematic / Other,2025-08-31,2025-08-29,2977,31.19
NIFTYEVNEWAGEAUTOMOTIVE,NIFTY Ev & New Age Automotive,Strategy / Thematic / Other,2025-09-30,2025-09-30,3062.1,32.17
NIFTYEVNEWAGEAUTOMOTIVE,NIFTY Ev & New Age Automotive,Strategy / Thematic / Other,2025-10-31,2025-10-31,3102.45,32.4
NIFTYEVNEWAGEAUTOMOTIVE,NIFTY Ev & New Age Automotive,Strategy / Thematic / Other,2025-11-30,2025-11-28,3125.6,34.7
NIFTYEVNEWAGEAUTOMOTIVE,NIFTY Ev & New Age Automotive,Strategy / Thematic / Other,2025-12-31,2025-12-31,3150.1,36.74
NIFTYEVNEWAGEAUTOMOTIVE,NIFTY Ev & New Age Automotive,Strategy / Thematic / Other,2026-01-31,2026-01-30,2954.35,34.5
NIFTYEVNEWAGEAUTOMOTIVE,NIFTY Ev & New Age Automotive,Strategy / Thematic / Other,2026-02-28,2026-02-27,3086.8,38.44
NIFTYEVNEWAGEAUTOMOTIVE,NIFTY Ev & New Age Automotive,Strategy / Thematic / Other,2026-03-31,2026-03-30,2631.45,33.43
NIFTYEVNEWAGEAUTOMOTIVE,NIFTY Ev & New Age Automotive,Strategy / Thematic / Other,2026-04-30,2026-04-30,2995.85,38.01
NIFTYEVNEWAGEAUTOMOTIVE,NIFTY Ev & New Age Automotive,Strategy / Thematic / Other,2026-05-31,2026-05-29,3064,41.63
NIFTYEVNEWAGEAUTOMOTIVE,NIFTY Ev & New Age Automotive,Strategy / Thematic / Other,2026-06-30,2026-06-30,3103.35,40.77
NIFTYEVNEWAGEAUTOMOTIVE,NIFTY Ev & New Age Automotive,Strategy / Thematic / Other,2026-07-31,2026-07-31,3258.55,43.03
NIFTYEVNEWAGEAUTOMOTIVE,NIFTY Ev & New Age Automotive,Strategy / Thematic / Other,2026-08-31,2026-08-31,3332.75,43.89
NIFTYFINANCIALSERVICES,NIFTY Financial Services,Sectoral,2021-04-30,2021-04-30,15560.1,24.45
NIFTYFINANCIALSERVICES,NIFTY Financial Services,Sectoral,2021-05-31,2021-05-31,16663.65,24.51
NIFTYFINANCIALSERVICES,NIFTY Financial Services,Sectoral,2021-06-30,2021-06-30,16444.1,23.78
NIFTYFINANCIALSERVICES,NIFTY Financial Services,Sectoral,2021-07-31,2021-07-30,16468.65,23.39
NIFTYFINANCIALSERVICES,NIFTY Financial Services,Sectoral,2021-08-31,2021-08-31,18070.7,25.14
NIFTYFINANCIALSERVICES,NIFTY Financial Services,Sectoral,2021-09-30,2021-09-30,18303.8,25.58
NIFTYFINANCIALSERVICES,NIFTY Financial Services,Sectoral,2021-10-31,2021-10-29,18792.85,25.43
NIFTYFINANCIALSERVICES,NIFTY Financial Services,Sectoral,2021-11-30,2021-11-30,17534.75,23.08
NIFTYFINANCIALSERVICES,NIFTY Financial Services,Sectoral,2021-12-31,2021-12-31,17330.85,22.85
NIFTYFINANCIALSERVICES,NIFTY Financial Services,Sectoral,2022-01-31,2022-01-31,17836.25,22.58
NIFTYFINANCIALSERVICES,NIFTY Financial Services,Sectoral,2022-02-28,2022-02-28,16936.3,20.83
NIFTYFINANCIALSERVICES,NIFTY Financial Services,Sectoral,2022-03-31,2022-03-31,17147.15,21.2
NIFTYFINANCIALSERVICES,NIFTY Financial Services,Sectoral,2022-04-30,2022-04-29,16636.55,19.85
NIFTYFINANCIALSERVICES,NIFTY Financial Services,Sectoral,2022-05-31,2022-05-31,16475.7,18.75
NIFTYFINANCIALSERVICES,NIFTY Financial Services,Sectoral,2022-06-30,2022-06-30,15474.4,17.63
NIFTYFINANCIALSERVICES,NIFTY Financial Services,Sectoral,2022-07-31,2022-07-29,17437.8,18.9
NIFTYFINANCIALSERVICES,NIFTY Financial Services,Sectoral,2022-08-31,2022-08-30,18235.05,19.6
NIFTYFINANCIALSERVICES,NIFTY Financial Services,Sectoral,2022-09-30,2022-09-30,17506.65,18.86
NIFTYFINANCIALSERVICES,NIFTY Financial Services,Sectoral,2022-10-31,2022-10-31,18538.3,19.1
NIFTYFINANCIALSERVICES,NIFTY Financial Services,Sectoral,2022-11-30,2022-11-30,19358.85,19.45
NIFTYFINANCIALSERVICES,NIFTY Financial Services,Sectoral,2022-12-31,2022-12-30,18981.2,19.08
NIFTYFINANCIALSERVICES,NIFTY Financial Services,Sectoral,2023-01-31,2023-01-31,18095,17.44
NIFTYFINANCIALSERVICES,NIFTY Financial Services,Sectoral,2023-02-28,2023-02-28,17989.65,16.95
NIFTYFINANCIALSERVICES,NIFTY Financial Services,Sectoral,2023-03-31,2023-03-31,18058.7,17.03
NIFTYFINANCIALSERVICES,NIFTY Financial Services,Sectoral,2023-04-30,2023-04-28,19162.55,17.68
NIFTYFINANCIALSERVICES,NIFTY Financial Services,Sectoral,2023-05-31,2023-05-31,19445.75,18.09
NIFTYFINANCIALSERVICES,NIFTY Financial Services,Sectoral,2023-06-30,2023-06-30,20057.7,18.72
NIFTYFINANCIALSERVICES,NIFTY Financial Services,Sectoral,2023-07-31,2023-07-31,20342.05,19.46
NIFTYFINANCIALSERVICES,NIFTY Financial Services,Sectoral,2023-08-31,2023-08-31,19597.65,18.07
NIFTYFINANCIALSERVICES,NIFTY Financial Services,Sectoral,2023-09-30,2023-09-29,19811.1,18.46
NIFTYFINANCIALSERVICES,NIFTY Financial Services,Sectoral,2023-10-31,2023-10-31,19204.6,16.84
NIFTYFINANCIALSERVICES,NIFTY Financial Services,Sectoral,2023-11-30,2023-11-30,20054.65,17.36
NIFTYFINANCIALSERVICES,NIFTY Financial Services,Sectoral,2023-12-31,2023-12-29,21487.45,18.63
NIFTYFINANCIALSERVICES,NIFTY Financial Services,Sectoral,2024-01-31,2024-01-31,20497.5,17.05
NIFTYFINANCIALSERVICES,NIFTY Financial Services,Sectoral,2024-02-29,2024-02-29,20407.9,17.02
NIFTYFINANCIALSERVICES,NIFTY Financial Services,Sectoral,2024-03-31,2024-03-28,20989.1,17.56
NIFTYFINANCIALSERVICES,NIFTY Financial Services,Sectoral,2024-04-30,2024-04-30,21841.15,16.59
NIFTYFINANCIALSERVICES,NIFTY Financial Services,Sectoral,2024-05-31,2024-05-31,21718.3,16.24
NIFTYFINANCIALSERVICES,NIFTY Financial Services,Sectoral,2024-06-30,2024-06-28,23420.3,17.49
NIFTYFINANCIALSERVICES,NIFTY Financial Services,Sectoral,2024-07-31,2024-07-31,23412.2,16.74
NIFTYFINANCIALSERVICES,NIFTY Financial Services,Sectoral,2024-08-31,2024-08-30,23637.9,16.84
NIFTYFINANCIALSERVICES,NIFTY Financial Services,Sectoral,2024-09-30,2024-09-30,24480.3,17.46
NIFTYFINANCIALSERVICES,NIFTY Financial Services,Sectoral,2024-10-31,2024-10-31,23886.55,16.7
NIFTYFINANCIALSERVICES,NIFTY Financial Services,Sectoral,2024-11-30,2024-11-29,24010.15,16.64
NIFTYFINANCIALSERVICES,NIFTY Financial Services,Sectoral,2024-12-31,2024-12-31,23512.8,16.3
NIFTYFINANCIALSERVICES,NIFTY Financial Services,Sectoral,2025-01-31,2025-01-31,23220.55,15.77
NIFTYFINANCIALSERVICES,NIFTY Financial Services,Sectoral,2025-02-28,2025-02-28,23028.95,15.32
NIFTYFINANCIALSERVICES,NIFTY Financial Services,Sectoral,2025-03-31,2025-03-28,25074.9,16.8
NIFTYFINANCIALSERVICES,NIFTY Financial Services,Sectoral,2025-04-30,2025-04-30,26113.55,17.26
NIFTYFINANCIALSERVICES,NIFTY Financial Services,Sectoral,2025-05-31,2025-05-30,26499.25,17.51
NIFTYFINANCIALSERVICES,NIFTY Financial Services,Sectoral,2025-06-30,2025-06-30,27174.45,18
NIFTYFINANCIALSERVICES,NIFTY Financial Services,Sectoral,2025-07-31,2025-07-31,26649.95,17.59
NIFTYFINANCIALSERVICES,NIFTY Financial Services,Sectoral,2025-08-31,2025-08-29,25567.7,16.73
NIFTYFINANCIALSERVICES,NIFTY Financial Services,Sectoral,2025-09-30,2025-09-30,26022.1,17.14
NIFTYFINANCIALSERVICES,NIFTY Financial Services,Sectoral,2025-10-31,2025-10-31,27138.85,17.86
NIFTYFINANCIALSERVICES,NIFTY Financial Services,Sectoral,2025-11-30,2025-11-28,27890.25,18.2
NIFTYFINANCIALSERVICES,NIFTY Financial Services,Sectoral,2025-12-31,2025-12-31,27613.3,17.88
NIFTYFINANCIALSERVICES,NIFTY Financial Services,Sectoral,2026-01-31,2026-01-30,27330.85,17.63
NIFTYFINANCIALSERVICES,NIFTY Financial Services,Sectoral,2026-02-28,2026-02-27,27869.75,17.8
NIFTYFINANCIALSERVICES,NIFTY Financial Services,Sectoral,2026-03-31,2026-03-30,23521.8,15.35
NIFTYFINANCIALSERVICES,NIFTY Financial Services,Sectoral,2026-04-30,2026-04-30,25657.35,16.71
NIFTYFINANCIALSERVICES,NIFTY Financial Services,Sectoral,2026-05-31,2026-05-29,25354,16.32
NIFTYFINANCIALSERVICES,NIFTY Financial Services,Sectoral,2026-06-30,2026-06-30,26554.55,16.97
NIFTYFINANCIALSERVICES,NIFTY Financial Services,Sectoral,2026-07-31,2026-07-31,26594.05,16.53
NIFTYFINANCIALSERVICES,NIFTY Financial Services,Sectoral,2026-08-31,2026-08-31,26293.65,16.13
NIFTYFINANCIALSERVICES2550,NIFTY Financial Services 25/50,Sectoral,2021-04-30,2021-04-30,15403.75,21.98
NIFTYFINANCIALSERVICES2550,NIFTY Financial Services 25/50,Sectoral,2021-05-31,2021-05-31,16450.25,21.74
NIFTYFINANCIALSERVICES2550,NIFTY Financial Services 25/50,Sectoral,2021-06-30,2021-06-30,16521.2,20.79
NIFTYFINANCIALSERVICES2550,NIFTY Financial Services 25/50,Sectoral,2021-07-31,2021-07-30,16636.85,21.14
NIFTYFINANCIALSERVICES2550,NIFTY Financial Services 25/50,Sectoral,2021-08-31,2021-08-31,18170.6,22.68
NIFTYFINANCIALSERVICES2550,NIFTY Financial Services 25/50,Sectoral,2021-09-30,2021-09-30,18328.6,22.69
NIFTYFINANCIALSERVICES2550,NIFTY Financial Services 25/50,Sectoral,2021-10-31,2021-10-29,18614.85,22.56
NIFTYFINANCIALSERVICES2550,NIFTY Financial Services 25/50,Sectoral,2021-11-30,2021-11-30,17455.2,20.37
NIFTYFINANCIALSERVICES2550,NIFTY Financial Services 25/50,Sectoral,2021-12-31,2021-12-31,17260.2,20.31
NIFTYFINANCIALSERVICES2550,NIFTY Financial Services 25/50,Sectoral,2022-01-31,2022-01-31,17597.55,20.14
NIFTYFINANCIALSERVICES2550,NIFTY Financial Services 25/50,Sectoral,2022-02-28,2022-02-28,16530.35,18.15
NIFTYFINANCIALSERVICES2550,NIFTY Financial Services 25/50,Sectoral,2022-03-31,2022-03-31,16860.2,19.1
NIFTYFINANCIALSERVICES2550,NIFTY Financial Services 25/50,Sectoral,2022-04-30,2022-04-29,16475.6,18.19
NIFTYFINANCIALSERVICES2550,NIFTY Financial Services 25/50,Sectoral,2022-05-31,2022-05-31,16219.25,17.02
NIFTYFINANCIALSERVICES2550,NIFTY Financial Services 25/50,Sectoral,2022-06-30,2022-06-30,15210.45,15.79
NIFTYFINANCIALSERVICES2550,NIFTY Financial Services 25/50,Sectoral,2022-07-31,2022-07-29,17172.75,17.21
NIFTYFINANCIALSERVICES2550,NIFTY Financial Services 25/50,Sectoral,2022-08-31,2022-08-30,17955,17.5
NIFTYFINANCIALSERVICES2550,NIFTY Financial Services 25/50,Sectoral,2022-09-30,2022-09-30,17041.1,16.5
NIFTYFINANCIALSERVICES2550,NIFTY Financial Services 25/50,Sectoral,2022-10-31,2022-10-31,17794.9,16.65
NIFTYFINANCIALSERVICES2550,NIFTY Financial Services 25/50,Sectoral,2022-11-30,2022-11-30,18605.7,17.1
NIFTYFINANCIALSERVICES2550,NIFTY Financial Services 25/50,Sectoral,2022-12-31,2022-12-30,18292.5,16.93
NIFTYFINANCIALSERVICES2550,NIFTY Financial Services 25/50,Sectoral,2023-01-31,2023-01-31,17477.5,15.7
NIFTYFINANCIALSERVICES2550,NIFTY Financial Services 25/50,Sectoral,2023-02-28,2023-02-28,17248.65,15.19
NIFTYFINANCIALSERVICES2550,NIFTY Financial Services 25/50,Sectoral,2023-03-31,2023-03-31,17281.05,15.35
NIFTYFINANCIALSERVICES2550,NIFTY Financial Services 25/50,Sectoral,2023-04-30,2023-04-28,18373.3,16.08
NIFTYFINANCIALSERVICES2550,NIFTY Financial Services 25/50,Sectoral,2023-05-31,2023-05-31,19079.1,16.33
NIFTYFINANCIALSERVICES2550,NIFTY Financial Services 25/50,Sectoral,2023-06-30,2023-06-30,20135.25,17.45
NIFTYFINANCIALSERVICES2550,NIFTY Financial Services 25/50,Sectoral,2023-07-31,2023-07-31,20659.35,17.32
NIFTYFINANCIALSERVICES2550,NIFTY Financial Services 25/50,Sectoral,2023-08-31,2023-08-31,20111.45,16.24
NIFTYFINANCIALSERVICES2550,NIFTY Financial Services 25/50,Sectoral,2023-09-30,2023-09-29,20552.2,17.15
NIFTYFINANCIALSERVICES2550,NIFTY Financial Services 25/50,Sectoral,2023-10-31,2023-10-31,20040.25,15.96
NIFTYFINANCIALSERVICES2550,NIFTY Financial Services 25/50,Sectoral,2023-11-30,2023-11-30,21276.5,16.48
NIFTYFINANCIALSERVICES2550,NIFTY Financial Services 25/50,Sectoral,2023-12-31,2023-12-29,22565.95,17.81
NIFTYFINANCIALSERVICES2550,NIFTY Financial Services 25/50,Sectoral,2024-01-31,2024-01-31,22287.05,17.04
NIFTYFINANCIALSERVICES2550,NIFTY Financial Services 25/50,Sectoral,2024-02-29,2024-02-29,22226.95,16.84
NIFTYFINANCIALSERVICES2550,NIFTY Financial Services 25/50,Sectoral,2024-03-31,2024-03-28,22713.5,17.48
NIFTYFINANCIALSERVICES2550,NIFTY Financial Services 25/50,Sectoral,2024-04-30,2024-04-30,23629.45,16.65
NIFTYFINANCIALSERVICES2550,NIFTY Financial Services 25/50,Sectoral,2024-05-31,2024-05-31,23395.7,16.13
NIFTYFINANCIALSERVICES2550,NIFTY Financial Services 25/50,Sectoral,2024-06-30,2024-06-28,25247.55,17.47
NIFTYFINANCIALSERVICES2550,NIFTY Financial Services 25/50,Sectoral,2024-07-31,2024-07-31,25942.25,17.32
NIFTYFINANCIALSERVICES2550,NIFTY Financial Services 25/50,Sectoral,2024-08-31,2024-08-30,26392,17.52
NIFTYFINANCIALSERVICES2550,NIFTY Financial Services 25/50,Sectoral,2024-09-30,2024-09-30,27113.2,17.86
NIFTYFINANCIALSERVICES2550,NIFTY Financial Services 25/50,Sectoral,2024-10-31,2024-10-31,25963.85,16.92
NIFTYFINANCIALSERVICES2550,NIFTY Financial Services 25/50,Sectoral,2024-11-30,2024-11-29,25768.45,16.65
NIFTYFINANCIALSERVICES2550,NIFTY Financial Services 25/50,Sectoral,2024-12-31,2024-12-31,25105.85,16.01
NIFTYFINANCIALSERVICES2550,NIFTY Financial Services 25/50,Sectoral,2025-01-31,2025-01-31,24970.15,15.57
NIFTYFINANCIALSERVICES2550,NIFTY Financial Services 25/50,Sectoral,2025-02-28,2025-02-28,24485.75,14.81
NIFTYFINANCIALSERVICES2550,NIFTY Financial Services 25/50,Sectoral,2025-03-31,2025-03-28,26766.75,16.76
NIFTYFINANCIALSERVICES2550,NIFTY Financial Services 25/50,Sectoral,2025-04-30,2025-04-30,27822,17.23
NIFTYFINANCIALSERVICES2550,NIFTY Financial Services 25/50,Sectoral,2025-05-31,2025-05-30,28453.2,17.51
NIFTYFINANCIALSERVICES2550,NIFTY Financial Services 25/50,Sectoral,2025-06-30,2025-06-30,29419.4,17.98
NIFTYFINANCIALSERVICES2550,NIFTY Financial Services 25/50,Sectoral,2025-07-31,2025-07-31,28592.5,17.3
NIFTYFINANCIALSERVICES2550,NIFTY Financial Services 25/50,Sectoral,2025-08-31,2025-08-29,27476.35,16.39
NIFTYFINANCIALSERVICES2550,NIFTY Financial Services 25/50,Sectoral,2025-09-30,2025-09-30,28102.05,16.83
NIFTYFINANCIALSERVICES2550,NIFTY Financial Services 25/50,Sectoral,2025-10-31,2025-10-31,29475.6,17.62
NIFTYFINANCIALSERVICES2550,NIFTY Financial Services 25/50,Sectoral,2025-11-30,2025-11-28,30424.75,17.93
NIFTYFINANCIALSERVICES2550,NIFTY Financial Services 25/50,Sectoral,2025-12-31,2025-12-31,30177.95,17.78
NIFTYFINANCIALSERVICES2550,NIFTY Financial Services 25/50,Sectoral,2026-01-31,2026-01-30,29773.1,17.51
NIFTYFINANCIALSERVICES2550,NIFTY Financial Services 25/50,Sectoral,2026-02-28,2026-02-27,30229.85,17.57
NIFTYFINANCIALSERVICES2550,NIFTY Financial Services 25/50,Sectoral,2026-03-31,2026-03-30,25705.6,15.12
NIFTYFINANCIALSERVICES2550,NIFTY Financial Services 25/50,Sectoral,2026-04-30,2026-04-30,27958.55,16.44
NIFTYFINANCIALSERVICES2550,NIFTY Financial Services 25/50,Sectoral,2026-05-31,2026-05-29,27671.1,16.07
NIFTYFINANCIALSERVICES2550,NIFTY Financial Services 25/50,Sectoral,2026-06-30,2026-06-30,28840.15,16.55
NIFTYFINANCIALSERVICES2550,NIFTY Financial Services 25/50,Sectoral,2026-07-31,2026-07-31,29055.85,16.26
NIFTYFINANCIALSERVICES2550,NIFTY Financial Services 25/50,Sectoral,2026-08-31,2026-08-31,28487.9,15.75
NIFTYFINANCIALSERVICESEXBANK,NIFTY Financial Services Ex-Bank,Sectoral,2022-02-28,2022-02-28,16274.7,21.52
NIFTYFINANCIALSERVICESEXBANK,NIFTY Financial Services Ex-Bank,Sectoral,2022-03-31,2022-03-31,16765.08,22.62
NIFTYFINANCIALSERVICESEXBANK,NIFTY Financial Services Ex-Bank,Sectoral,2022-04-30,2022-04-29,16091.99,21.47
NIFTYFINANCIALSERVICESEXBANK,NIFTY Financial Services Ex-Bank,Sectoral,2022-05-31,2022-05-31,15500.46,19.3
NIFTYFINANCIALSERVICESEXBANK,NIFTY Financial Services Ex-Bank,Sectoral,2022-06-30,2022-06-30,14240.06,17.8
NIFTYFINANCIALSERVICESEXBANK,NIFTY Financial Services Ex-Bank,Sectoral,2022-07-31,2022-07-29,16533.69,20.29
NIFTYFINANCIALSERVICESEXBANK,NIFTY Financial Services Ex-Bank,Sectoral,2022-08-31,2022-08-30,17192.21,19.88
NIFTYFINANCIALSERVICESEXBANK,NIFTY Financial Services Ex-Bank,Sectoral,2022-09-30,2022-09-30,16459,19.5
NIFTYFINANCIALSERVICESEXBANK,NIFTY Financial Services Ex-Bank,Sectoral,2022-10-31,2022-10-31,16784.45,19.39
NIFTYFINANCIALSERVICESEXBANK,NIFTY Financial Services Ex-Bank,Sectoral,2022-11-30,2022-11-30,17173.44,19.26
NIFTYFINANCIALSERVICESEXBANK,NIFTY Financial Services Ex-Bank,Sectoral,2022-12-31,2022-12-30,16863.11,18.96
NIFTYFINANCIALSERVICESEXBANK,NIFTY Financial Services Ex-Bank,Sectoral,2023-01-31,2023-01-31,16201.04,17.9
NIFTYFINANCIALSERVICESEXBANK,NIFTY Financial Services Ex-Bank,Sectoral,2023-02-28,2023-02-28,15947.77,16.97
NIFTYFINANCIALSERVICESEXBANK,NIFTY Financial Services Ex-Bank,Sectoral,2023-03-31,2023-03-31,15640.51,16.96
NIFTYFINANCIALSERVICESEXBANK,NIFTY Financial Services Ex-Bank,Sectoral,2023-04-30,2023-04-28,16747.61,18.16
NIFTYFINANCIALSERVICESEXBANK,NIFTY Financial Services Ex-Bank,Sectoral,2023-05-31,2023-05-31,17715.87,18.35
NIFTYFINANCIALSERVICESEXBANK,NIFTY Financial Services Ex-Bank,Sectoral,2023-06-30,2023-06-30,19095.24,19.75
NIFTYFINANCIALSERVICESEXBANK,NIFTY Financial Services Ex-Bank,Sectoral,2023-07-31,2023-07-31,19532.84,20.14
NIFTYFINANCIALSERVICESEXBANK,NIFTY Financial Services Ex-Bank,Sectoral,2023-08-31,2023-08-31,19526.09,19.16
NIFTYFINANCIALSERVICESEXBANK,NIFTY Financial Services Ex-Bank,Sectoral,2023-09-30,2023-09-29,20504.12,20.19
NIFTYFINANCIALSERVICESEXBANK,NIFTY Financial Services Ex-Bank,Sectoral,2023-10-31,2023-10-31,20247.86,19.3
NIFTYFINANCIALSERVICESEXBANK,NIFTY Financial Services Ex-Bank,Sectoral,2023-11-30,2023-11-30,21716.78,19.7
NIFTYFINANCIALSERVICESEXBANK,NIFTY Financial Services Ex-Bank,Sectoral,2023-12-31,2023-12-29,22195.55,20.34
NIFTYFINANCIALSERVICESEXBANK,NIFTY Financial Services Ex-Bank,Sectoral,2024-01-31,2024-01-31,22672.28,21.74
NIFTYFINANCIALSERVICESEXBANK,NIFTY Financial Services Ex-Bank,Sectoral,2024-02-29,2024-02-29,22569.56,21.3
NIFTYFINANCIALSERVICESEXBANK,NIFTY Financial Services Ex-Bank,Sectoral,2024-03-31,2024-03-28,22881.91,23.13
NIFTYFINANCIALSERVICESEXBANK,NIFTY Financial Services Ex-Bank,Sectoral,2024-04-30,2024-04-30,23651.09,23.11
NIFTYFINANCIALSERVICESEXBANK,NIFTY Financial Services Ex-Bank,Sectoral,2024-05-31,2024-05-31,22844.66,21.6
NIFTYFINANCIALSERVICESEXBANK,NIFTY Financial Services Ex-Bank,Sectoral,2024-06-30,2024-06-28,24555.4,23.25
NIFTYFINANCIALSERVICESEXBANK,NIFTY Financial Services Ex-Bank,Sectoral,2024-07-31,2024-07-31,25663.74,23.79
NIFTYFINANCIALSERVICESEXBANK,NIFTY Financial Services Ex-Bank,Sectoral,2024-08-31,2024-08-30,26833.44,24.75
NIFTYFINANCIALSERVICESEXBANK,NIFTY Financial Services Ex-Bank,Sectoral,2024-09-30,2024-09-30,27891.56,25.03
NIFTYFINANCIALSERVICESEXBANK,NIFTY Financial Services Ex-Bank,Sectoral,2024-10-31,2024-10-31,25961.23,22.67
NIFTYFINANCIALSERVICESEXBANK,NIFTY Financial Services Ex-Bank,Sectoral,2024-11-30,2024-11-29,25339.31,21.83
NIFTYFINANCIALSERVICESEXBANK,NIFTY Financial Services Ex-Bank,Sectoral,2024-12-31,2024-12-31,25137.05,21.72
NIFTYFINANCIALSERVICESEXBANK,NIFTY Financial Services Ex-Bank,Sectoral,2025-01-31,2025-01-31,25201.6,20.79
NIFTYFINANCIALSERVICESEXBANK,NIFTY Financial Services Ex-Bank,Sectoral,2025-02-28,2025-02-28,24291.95,19.53
NIFTYFINANCIALSERVICESEXBANK,NIFTY Financial Services Ex-Bank,Sectoral,2025-03-31,2025-03-28,26459.6,22.34
NIFTYFINANCIALSERVICESEXBANK,NIFTY Financial Services Ex-Bank,Sectoral,2025-04-30,2025-04-30,27234.8,22.98
NIFTYFINANCIALSERVICESEXBANK,NIFTY Financial Services Ex-Bank,Sectoral,2025-05-31,2025-05-30,29176.05,24.15
NIFTYFINANCIALSERVICESEXBANK,NIFTY Financial Services Ex-Bank,Sectoral,2025-06-30,2025-06-30,30909.9,25.37
NIFTYFINANCIALSERVICESEXBANK,NIFTY Financial Services Ex-Bank,Sectoral,2025-07-31,2025-07-31,29159.6,23.21
NIFTYFINANCIALSERVICESEXBANK,NIFTY Financial Services Ex-Bank,Sectoral,2025-08-31,2025-08-29,28267.6,21.98
NIFTYFINANCIALSERVICESEXBANK,NIFTY Financial Services Ex-Bank,Sectoral,2025-09-30,2025-09-30,29397,22.79
NIFTYFINANCIALSERVICESEXBANK,NIFTY Financial Services Ex-Bank,Sectoral,2025-10-31,2025-10-31,31192.65,24.07
NIFTYFINANCIALSERVICESEXBANK,NIFTY Financial Services Ex-Bank,Sectoral,2025-11-30,2025-11-28,32186,24.43
NIFTYFINANCIALSERVICESEXBANK,NIFTY Financial Services Ex-Bank,Sectoral,2025-12-31,2025-12-31,31961.3,24.36
NIFTYFINANCIALSERVICESEXBANK,NIFTY Financial Services Ex-Bank,Sectoral,2026-01-31,2026-01-30,30928.45,23.66
NIFTYFINANCIALSERVICESEXBANK,NIFTY Financial Services Ex-Bank,Sectoral,2026-02-28,2026-02-27,31390.65,23.56
NIFTYFINANCIALSERVICESEXBANK,NIFTY Financial Services Ex-Bank,Sectoral,2026-03-31,2026-03-30,27011.2,19.85
NIFTYFINANCIALSERVICESEXBANK,NIFTY Financial Services Ex-Bank,Sectoral,2026-04-30,2026-04-30,30858.35,22.89
NIFTYFINANCIALSERVICESEXBANK,NIFTY Financial Services Ex-Bank,Sectoral,2026-05-31,2026-05-29,31163.4,22.26
NIFTYFINANCIALSERVICESEXBANK,NIFTY Financial Services Ex-Bank,Sectoral,2026-06-30,2026-06-30,31692.55,22.64
NIFTYFINANCIALSERVICESEXBANK,NIFTY Financial Services Ex-Bank,Sectoral,2026-07-31,2026-07-31,32793.45,23
NIFTYFINANCIALSERVICESEXBANK,NIFTY Financial Services Ex-Bank,Sectoral,2026-08-31,2026-08-31,32550.15,21.73
NIFTYFMCG,NIFTY FMCG,Sectoral,2021-04-30,2021-04-30,33623.45,41.26
NIFTYFMCG,NIFTY FMCG,Sectoral,2021-05-31,2021-05-31,35243.1,41.6
NIFTYFMCG,NIFTY FMCG,Sectoral,2021-06-30,2021-06-30,36093.2,42.08
NIFTYFMCG,NIFTY FMCG,Sectoral,2021-07-31,2021-07-30,36051.9,40.03
NIFTYFMCG,NIFTY FMCG,Sectoral,2021-08-31,2021-08-31,39529.7,44.02
NIFTYFMCG,NIFTY FMCG,Sectoral,2021-09-30,2021-09-30,40426.55,44.07
NIFTYFMCG,NIFTY FMCG,Sectoral,2021-10-31,2021-10-29,38222.1,40.73
NIFTYFMCG,NIFTY FMCG,Sectoral,2021-11-30,2021-11-30,37386.95,39.77
NIFTYFMCG,NIFTY FMCG,Sectoral,2021-12-31,2021-12-31,37579.95,39.77
NIFTYFMCG,NIFTY FMCG,Sectoral,2022-01-31,2022-01-31,36467.25,38.3
NIFTYFMCG,NIFTY FMCG,Sectoral,2022-02-28,2022-02-28,35515.4,36.64
NIFTYFMCG,NIFTY FMCG,Sectoral,2022-03-31,2022-03-31,36287.75,37.78
NIFTYFMCG,NIFTY FMCG,Sectoral,2022-04-30,2022-04-29,38204.15,39.66
NIFTYFMCG,NIFTY FMCG,Sectoral,2022-05-31,2022-05-31,38713.45,39.02
NIFTYFMCG,NIFTY FMCG,Sectoral,2022-06-30,2022-06-30,37664.55,38.23
NIFTYFMCG,NIFTY FMCG,Sectoral,2022-07-31,2022-07-29,42487.4,42.64
NIFTYFMCG,NIFTY FMCG,Sectoral,2022-08-31,2022-08-30,43821.15,42.02
NIFTYFMCG,NIFTY FMCG,Sectoral,2022-09-30,2022-09-30,44405.65,42.89
NIFTYFMCG,NIFTY FMCG,Sectoral,2022-10-31,2022-10-31,44296.3,40.83
NIFTYFMCG,NIFTY FMCG,Sectoral,2022-11-30,2022-11-30,45536.55,41.92
NIFTYFMCG,NIFTY FMCG,Sectoral,2022-12-31,2022-12-30,44171.45,40.52
NIFTYFMCG,NIFTY FMCG,Sectoral,2023-01-31,2023-01-31,44456.9,40.74
NIFTYFMCG,NIFTY FMCG,Sectoral,2023-02-28,2023-02-28,44940.45,39.29
NIFTYFMCG,NIFTY FMCG,Sectoral,2023-03-31,2023-03-31,45904.9,41.31
NIFTYFMCG,NIFTY FMCG,Sectoral,2023-04-30,2023-04-28,47814.1,42.86
NIFTYFMCG,NIFTY FMCG,Sectoral,2023-05-31,2023-05-31,51042.75,43.99
NIFTYFMCG,NIFTY FMCG,Sectoral,2023-06-30,2023-06-30,52194.75,45.29
NIFTYFMCG,NIFTY FMCG,Sectoral,2023-07-31,2023-07-31,52636.85,45.06
NIFTYFMCG,NIFTY FMCG,Sectoral,2023-08-31,2023-08-31,51092.65,42.6
NIFTYFMCG,NIFTY FMCG,Sectoral,2023-09-30,2023-09-29,51602.65,42.64
NIFTYFMCG,NIFTY FMCG,Sectoral,2023-10-31,2023-10-31,51262.6,41.87
NIFTYFMCG,NIFTY FMCG,Sectoral,2023-11-30,2023-11-30,53013.8,43.17
NIFTYFMCG,NIFTY FMCG,Sectoral,2023-12-31,2023-12-29,56987.2,45.81
NIFTYFMCG,NIFTY FMCG,Sectoral,2024-01-31,2024-01-31,55071.4,43.76
NIFTYFMCG,NIFTY FMCG,Sectoral,2024-02-29,2024-02-29,54015.6,43.14
NIFTYFMCG,NIFTY FMCG,Sectoral,2024-03-31,2024-03-28,53949.2,42.27
NIFTYFMCG,NIFTY FMCG,Sectoral,2024-04-30,2024-04-30,54240.6,42.49
NIFTYFMCG,NIFTY FMCG,Sectoral,2024-05-31,2024-05-31,54107.35,43.73
NIFTYFMCG,NIFTY FMCG,Sectoral,2024-06-30,2024-06-28,56756.85,44.94
NIFTYFMCG,NIFTY FMCG,Sectoral,2024-07-31,2024-07-31,62082.2,49.04
NIFTYFMCG,NIFTY FMCG,Sectoral,2024-08-31,2024-08-30,63059.75,49.55
NIFTYFMCG,NIFTY FMCG,Sectoral,2024-09-30,2024-09-30,65540.35,52.36
NIFTYFMCG,NIFTY FMCG,Sectoral,2024-10-31,2024-10-31,59203,46.99
NIFTYFMCG,NIFTY FMCG,Sectoral,2024-11-30,2024-11-29,57943.7,46.14
NIFTYFMCG,NIFTY FMCG,Sectoral,2024-12-31,2024-12-31,56799.65,46.36
NIFTYFMCG,NIFTY FMCG,Sectoral,2025-01-31,2025-01-31,56691.95,45.98
NIFTYFMCG,NIFTY FMCG,Sectoral,2025-02-28,2025-02-28,50689,41.31
NIFTYFMCG,NIFTY FMCG,Sectoral,2025-03-31,2025-03-28,53589.8,42.81
NIFTYFMCG,NIFTY FMCG,Sectoral,2025-04-30,2025-04-30,56445.35,44.93
NIFTYFMCG,NIFTY FMCG,Sectoral,2025-05-31,2025-05-30,55283,43.7
NIFTYFMCG,NIFTY FMCG,Sectoral,2025-06-30,2025-06-30,54883.9,41.43
NIFTYFMCG,NIFTY FMCG,Sectoral,2025-07-31,2025-07-31,55812.15,42.13
NIFTYFMCG,NIFTY FMCG,Sectoral,2025-08-31,2025-08-29,56141.85,42.08
NIFTYFMCG,NIFTY FMCG,Sectoral,2025-09-30,2025-09-30,54710.7,40.45
NIFTYFMCG,NIFTY FMCG,Sectoral,2025-10-31,2025-10-31,56208.5,41.32
NIFTYFMCG,NIFTY FMCG,Sectoral,2025-11-30,2025-11-28,55595.8,40.71
NIFTYFMCG,NIFTY FMCG,Sectoral,2025-12-31,2025-12-31,55475.65,40.74
NIFTYFMCG,NIFTY FMCG,Sectoral,2026-01-31,2026-01-30,51215.2,37.4
NIFTYFMCG,NIFTY FMCG,Sectoral,2026-02-28,2026-02-27,51142.2,36.89
NIFTYFMCG,NIFTY FMCG,Sectoral,2026-03-31,2026-03-30,45538.65,32.56
NIFTYFMCG,NIFTY FMCG,Sectoral,2026-04-30,2026-04-30,51072.1,36.33
NIFTYFMCG,NIFTY FMCG,Sectoral,2026-05-31,2026-05-29,49383.35,34.04
NIFTYFMCG,NIFTY FMCG,Sectoral,2026-06-30,2026-06-30,48794.2,33.57
NIFTYFMCG,NIFTY FMCG,Sectoral,2026-07-31,2026-07-31,49121.2,33.52
NIFTYFMCG,NIFTY FMCG,Sectoral,2026-08-31,2026-08-31,46025.55,31.93
NIFTYGROWTHSECTORS15,NIFTY Growth Sectors 15,Strategy / Thematic / Other,2021-04-30,2021-04-30,7138.3,37.65
NIFTYGROWTHSECTORS15,NIFTY Growth Sectors 15,Strategy / Thematic / Other,2021-05-31,2021-05-31,7546.25,38.96
NIFTYGROWTHSECTORS15,NIFTY Growth Sectors 15,Strategy / Thematic / Other,2021-06-30,2021-06-30,7620.3,34.85
NIFTYGROWTHSECTORS15,NIFTY Growth Sectors 15,Strategy / Thematic / Other,2021-07-31,2021-07-30,7464.5,32.89
NIFTYGROWTHSECTORS15,NIFTY Growth Sectors 15,Strategy / Thematic / Other,2021-08-31,2021-08-31,7831.3,33.63
NIFTYGROWTHSECTORS15,NIFTY Growth Sectors 15,Strategy / Thematic / Other,2021-09-30,2021-09-30,7976.65,36.56
NIFTYGROWTHSECTORS15,NIFTY Growth Sectors 15,Strategy / Thematic / Other,2021-10-31,2021-10-29,7713.85,35.05
NIFTYGROWTHSECTORS15,NIFTY Growth Sectors 15,Strategy / Thematic / Other,2021-11-30,2021-11-30,7593,33.48
NIFTYGROWTHSECTORS15,NIFTY Growth Sectors 15,Strategy / Thematic / Other,2021-12-31,2021-12-31,7685.55,33.99
NIFTYGROWTHSECTORS15,NIFTY Growth Sectors 15,Strategy / Thematic / Other,2022-01-31,2022-01-31,7614.35,34.17
NIFTYGROWTHSECTORS15,NIFTY Growth Sectors 15,Strategy / Thematic / Other,2022-02-28,2022-02-28,7375.9,31
NIFTYGROWTHSECTORS15,NIFTY Growth Sectors 15,Strategy / Thematic / Other,2022-03-31,2022-03-31,7496.5,33.38
NIFTYGROWTHSECTORS15,NIFTY Growth Sectors 15,Strategy / Thematic / Other,2022-04-30,2022-04-29,7794.25,34.68
NIFTYGROWTHSECTORS15,NIFTY Growth Sectors 15,Strategy / Thematic / Other,2022-05-31,2022-05-31,7830.1,34.26
NIFTYGROWTHSECTORS15,NIFTY Growth Sectors 15,Strategy / Thematic / Other,2022-06-30,2022-06-30,7760.05,35.32
NIFTYGROWTHSECTORS15,NIFTY Growth Sectors 15,Strategy / Thematic / Other,2022-07-31,2022-07-29,8503.3,38.27
NIFTYGROWTHSECTORS15,NIFTY Growth Sectors 15,Strategy / Thematic / Other,2022-08-31,2022-08-30,8798.7,35.63
NIFTYGROWTHSECTORS15,NIFTY Growth Sectors 15,Strategy / Thematic / Other,2022-09-30,2022-09-30,8862.3,34.63
NIFTYGROWTHSECTORS15,NIFTY Growth Sectors 15,Strategy / Thematic / Other,2022-10-31,2022-10-31,9100.85,35.07
NIFTYGROWTHSECTORS15,NIFTY Growth Sectors 15,Strategy / Thematic / Other,2022-11-30,2022-11-30,9047.55,33.48
NIFTYGROWTHSECTORS15,NIFTY Growth Sectors 15,Strategy / Thematic / Other,2022-12-31,2022-12-30,8642.3,32.16
NIFTYGROWTHSECTORS15,NIFTY Growth Sectors 15,Strategy / Thematic / Other,2023-01-31,2023-01-31,8835.35,31.86
NIFTYGROWTHSECTORS15,NIFTY Growth Sectors 15,Strategy / Thematic / Other,2023-02-28,2023-02-28,8552.95,30.22
NIFTYGROWTHSECTORS15,NIFTY Growth Sectors 15,Strategy / Thematic / Other,2023-03-31,2023-03-31,8604.25,32.55
NIFTYGROWTHSECTORS15,NIFTY Growth Sectors 15,Strategy / Thematic / Other,2023-04-30,2023-04-28,8813,33
NIFTYGROWTHSECTORS15,NIFTY Growth Sectors 15,Strategy / Thematic / Other,2023-05-31,2023-05-31,9337,32.43
NIFTYGROWTHSECTORS15,NIFTY Growth Sectors 15,Strategy / Thematic / Other,2023-06-30,2023-06-30,9611.8,33.46
NIFTYGROWTHSECTORS15,NIFTY Growth Sectors 15,Strategy / Thematic / Other,2023-07-31,2023-07-31,9709.7,33.17
NIFTYGROWTHSECTORS15,NIFTY Growth Sectors 15,Strategy / Thematic / Other,2023-08-31,2023-08-31,9655.35,32.25
NIFTYGROWTHSECTORS15,NIFTY Growth Sectors 15,Strategy / Thematic / Other,2023-09-30,2023-09-29,9869.55,31.27
NIFTYGROWTHSECTORS15,NIFTY Growth Sectors 15,Strategy / Thematic / Other,2023-10-31,2023-10-31,9644.75,29.82
NIFTYGROWTHSECTORS15,NIFTY Growth Sectors 15,Strategy / Thematic / Other,2023-11-30,2023-11-30,10169.1,31.19
NIFTYGROWTHSECTORS15,NIFTY Growth Sectors 15,Strategy / Thematic / Other,2023-12-31,2023-12-29,10787.7,33.04
NIFTYGROWTHSECTORS15,NIFTY Growth Sectors 15,Strategy / Thematic / Other,2024-01-31,2024-01-31,10911.5,33.31
NIFTYGROWTHSECTORS15,NIFTY Growth Sectors 15,Strategy / Thematic / Other,2024-02-29,2024-02-29,11154.7,33.75
NIFTYGROWTHSECTORS15,NIFTY Growth Sectors 15,Strategy / Thematic / Other,2024-03-31,2024-03-28,10941.75,32.25
NIFTYGROWTHSECTORS15,NIFTY Growth Sectors 15,Strategy / Thematic / Other,2024-04-30,2024-04-30,10674.9,30.73
NIFTYGROWTHSECTORS15,NIFTY Growth Sectors 15,Strategy / Thematic / Other,2024-05-31,2024-05-31,10535.55,30.01
NIFTYGROWTHSECTORS15,NIFTY Growth Sectors 15,Strategy / Thematic / Other,2024-06-30,2024-06-28,11093.4,31.58
NIFTYGROWTHSECTORS15,NIFTY Growth Sectors 15,Strategy / Thematic / Other,2024-07-31,2024-07-31,12355.9,34.77
NIFTYGROWTHSECTORS15,NIFTY Growth Sectors 15,Strategy / Thematic / Other,2024-08-31,2024-08-30,12690.9,35.17
NIFTYGROWTHSECTORS15,NIFTY Growth Sectors 15,Strategy / Thematic / Other,2024-09-30,2024-09-30,12814.55,31.55
NIFTYGROWTHSECTORS15,NIFTY Growth Sectors 15,Strategy / Thematic / Other,2024-10-31,2024-10-31,11678.5,28.47
NIFTYGROWTHSECTORS15,NIFTY Growth Sectors 15,Strategy / Thematic / Other,2024-11-30,2024-11-29,11901.1,28.89
NIFTYGROWTHSECTORS15,NIFTY Growth Sectors 15,Strategy / Thematic / Other,2024-12-31,2024-12-31,11845.6,28.79
NIFTYGROWTHSECTORS15,NIFTY Growth Sectors 15,Strategy / Thematic / Other,2025-01-31,2025-01-31,11830.25,28.24
NIFTYGROWTHSECTORS15,NIFTY Growth Sectors 15,Strategy / Thematic / Other,2025-02-28,2025-02-28,10563.8,25.1
NIFTYGROWTHSECTORS15,NIFTY Growth Sectors 15,Strategy / Thematic / Other,2025-03-31,2025-03-28,10690.9,33.54
NIFTYGROWTHSECTORS15,NIFTY Growth Sectors 15,Strategy / Thematic / Other,2025-04-30,2025-04-30,11159.6,34.87
NIFTYGROWTHSECTORS15,NIFTY Growth Sectors 15,Strategy / Thematic / Other,2025-05-31,2025-05-30,11200,34.28
NIFTYGROWTHSECTORS15,NIFTY Growth Sectors 15,Strategy / Thematic / Other,2025-06-30,2025-06-30,11530.85,34.43
NIFTYGROWTHSECTORS15,NIFTY Growth Sectors 15,Strategy / Thematic / Other,2025-07-31,2025-07-31,11474.85,33.74
NIFTYGROWTHSECTORS15,NIFTY Growth Sectors 15,Strategy / Thematic / Other,2025-08-31,2025-08-29,11634.85,33.51
NIFTYGROWTHSECTORS15,NIFTY Growth Sectors 15,Strategy / Thematic / Other,2025-09-30,2025-09-30,11574.5,30.8
NIFTYGROWTHSECTORS15,NIFTY Growth Sectors 15,Strategy / Thematic / Other,2025-10-31,2025-10-31,12013.45,31.61
NIFTYGROWTHSECTORS15,NIFTY Growth Sectors 15,Strategy / Thematic / Other,2025-11-30,2025-11-28,12428.5,32.23
NIFTYGROWTHSECTORS15,NIFTY Growth Sectors 15,Strategy / Thematic / Other,2025-12-31,2025-12-31,12483.55,32.33
NIFTYGROWTHSECTORS15,NIFTY Growth Sectors 15,Strategy / Thematic / Other,2026-01-31,2026-01-30,11972.6,31.42
NIFTYGROWTHSECTORS15,NIFTY Growth Sectors 15,Strategy / Thematic / Other,2026-02-28,2026-02-27,11458.05,29.47
NIFTYGROWTHSECTORS15,NIFTY Growth Sectors 15,Strategy / Thematic / Other,2026-03-31,2026-03-30,10408.35,28.21
NIFTYGROWTHSECTORS15,NIFTY Growth Sectors 15,Strategy / Thematic / Other,2026-04-30,2026-04-30,10948,29.07
NIFTYGROWTHSECTORS15,NIFTY Growth Sectors 15,Strategy / Thematic / Other,2026-05-31,2026-05-29,10733.25,27.91
NIFTYGROWTHSECTORS15,NIFTY Growth Sectors 15,Strategy / Thematic / Other,2026-06-30,2026-06-30,10565.2,26.63
NIFTYGROWTHSECTORS15,NIFTY Growth Sectors 15,Strategy / Thematic / Other,2026-07-31,2026-07-31,11655.75,28.96
NIFTYGROWTHSECTORS15,NIFTY Growth Sectors 15,Strategy / Thematic / Other,2026-08-31,2026-08-31,11638.05,28.27
NIFTYHEALTHCARE,NIFTY Healthcare,Sectoral,2021-04-30,2021-04-30,8069.03,38.29
NIFTYHEALTHCARE,NIFTY Healthcare,Sectoral,2021-05-31,2021-05-31,8415.23,38.48
NIFTYHEALTHCARE,NIFTY Healthcare,Sectoral,2021-06-30,2021-06-30,8791.88,39.85
NIFTYHEALTHCARE,NIFTY Healthcare,Sectoral,2021-07-31,2021-07-30,8923.04,40.88
NIFTYHEALTHCARE,NIFTY Healthcare,Sectoral,2021-08-31,2021-08-31,9163.25,33.72
NIFTYHEALTHCARE,NIFTY Healthcare,Sectoral,2021-09-30,2021-09-30,8978.4,32.38
NIFTYHEALTHCARE,NIFTY Healthcare,Sectoral,2021-10-31,2021-10-29,8612.75,31.02
NIFTYHEALTHCARE,NIFTY Healthcare,Sectoral,2021-11-30,2021-11-30,8792.05,34.04
NIFTYHEALTHCARE,NIFTY Healthcare,Sectoral,2021-12-31,2021-12-31,8968.7,34.73
NIFTYHEALTHCARE,NIFTY Healthcare,Sectoral,2022-01-31,2022-01-31,8233.55,32.07
NIFTYHEALTHCARE,NIFTY Healthcare,Sectoral,2022-02-28,2022-02-28,8103.15,32.49
NIFTYHEALTHCARE,NIFTY Healthcare,Sectoral,2022-03-31,2022-03-31,8471.6,33.65
NIFTYHEALTHCARE,NIFTY Healthcare,Sectoral,2022-04-30,2022-04-29,8411.8,33.42
NIFTYHEALTHCARE,NIFTY Healthcare,Sectoral,2022-05-31,2022-05-31,7807.45,33.69
NIFTYHEALTHCARE,NIFTY Healthcare,Sectoral,2022-06-30,2022-06-30,7511,36.51
NIFTYHEALTHCARE,NIFTY Healthcare,Sectoral,2022-07-31,2022-07-29,8017.55,38.88
NIFTYHEALTHCARE,NIFTY Healthcare,Sectoral,2022-08-31,2022-08-30,8014.1,38.85
NIFTYHEALTHCARE,NIFTY Healthcare,Sectoral,2022-09-30,2022-09-30,8212.3,39.51
NIFTYHEALTHCARE,NIFTY Healthcare,Sectoral,2022-10-31,2022-10-31,8401.85,40.27
NIFTYHEALTHCARE,NIFTY Healthcare,Sectoral,2022-11-30,2022-11-30,8379.6,37.1
NIFTYHEALTHCARE,NIFTY Healthcare,Sectoral,2022-12-31,2022-12-30,8001.4,35.4
NIFTYHEALTHCARE,NIFTY Healthcare,Sectoral,2023-01-31,2023-01-31,7841.9,33.5
NIFTYHEALTHCARE,NIFTY Healthcare,Sectoral,2023-02-28,2023-02-28,7498.5,33.73
NIFTYHEALTHCARE,NIFTY Healthcare,Sectoral,2023-03-31,2023-03-31,7621.55,35.26
NIFTYHEALTHCARE,NIFTY Healthcare,Sectoral,2023-04-30,2023-04-28,8013.55,37.08
NIFTYHEALTHCARE,NIFTY Healthcare,Sectoral,2023-05-31,2023-05-31,8210.6,32.05
NIFTYHEALTHCARE,NIFTY Healthcare,Sectoral,2023-06-30,2023-06-30,8936.45,34.66
NIFTYHEALTHCARE,NIFTY Healthcare,Sectoral,2023-07-31,2023-07-31,9563.3,36.65
NIFTYHEALTHCARE,NIFTY Healthcare,Sectoral,2023-08-31,2023-08-31,9478.65,35.83
NIFTYHEALTHCARE,NIFTY Healthcare,Sectoral,2023-09-30,2023-09-29,9719.05,36.75
NIFTYHEALTHCARE,NIFTY Healthcare,Sectoral,2023-10-31,2023-10-31,9255.65,34.2
NIFTYHEALTHCARE,NIFTY Healthcare,Sectoral,2023-11-30,2023-11-30,10289.45,37.57
NIFTYHEALTHCARE,NIFTY Healthcare,Sectoral,2023-12-31,2023-12-29,10637.8,38.86
NIFTYHEALTHCARE,NIFTY Healthcare,Sectoral,2024-01-31,2024-01-31,11421.85,41.62
NIFTYHEALTHCARE,NIFTY Healthcare,Sectoral,2024-02-29,2024-02-29,11950.95,41.15
NIFTYHEALTHCARE,NIFTY Healthcare,Sectoral,2024-03-31,2024-03-28,12059.3,41.53
NIFTYHEALTHCARE,NIFTY Healthcare,Sectoral,2024-04-30,2024-04-30,11974.5,41.28
NIFTYHEALTHCARE,NIFTY Healthcare,Sectoral,2024-05-31,2024-05-31,11795.1,38.58
NIFTYHEALTHCARE,NIFTY Healthcare,Sectoral,2024-06-30,2024-06-28,12576.25,40.81
NIFTYHEALTHCARE,NIFTY Healthcare,Sectoral,2024-07-31,2024-07-31,13750.75,44.37
NIFTYHEALTHCARE,NIFTY Healthcare,Sectoral,2024-08-31,2024-08-30,14506.85,43.38
NIFTYHEALTHCARE,NIFTY Healthcare,Sectoral,2024-09-30,2024-09-30,14752.2,44.01
NIFTYHEALTHCARE,NIFTY Healthcare,Sectoral,2024-10-31,2024-10-31,14428.3,42.43
NIFTYHEALTHCARE,NIFTY Healthcare,Sectoral,2024-11-30,2024-11-29,14127.05,40.07
NIFTYHEALTHCARE,NIFTY Healthcare,Sectoral,2024-12-31,2024-12-31,14951.7,42.41
NIFTYHEALTHCARE,NIFTY Healthcare,Sectoral,2025-01-31,2025-01-31,13788.1,38.35
NIFTYHEALTHCARE,NIFTY Healthcare,Sectoral,2025-02-28,2025-02-28,12685.5,34.21
NIFTYHEALTHCARE,NIFTY Healthcare,Sectoral,2025-03-31,2025-03-28,13681.3,37.62
NIFTYHEALTHCARE,NIFTY Healthcare,Sectoral,2025-04-30,2025-04-30,14053.6,38.47
NIFTYHEALTHCARE,NIFTY Healthcare,Sectoral,2025-05-31,2025-05-30,13890.4,36.14
NIFTYHEALTHCARE,NIFTY Healthcare,Sectoral,2025-06-30,2025-06-30,14463.8,37.47
NIFTYHEALTHCARE,NIFTY Healthcare,Sectoral,2025-07-31,2025-07-31,14880.25,38.17
NIFTYHEALTHCARE,NIFTY Healthcare,Sectoral,2025-08-31,2025-08-29,14350.3,37.22
NIFTYHEALTHCARE,NIFTY Healthcare,Sectoral,2025-09-30,2025-09-30,14139.05,37.17
NIFTYHEALTHCARE,NIFTY Healthcare,Sectoral,2025-10-31,2025-10-31,14693.3,38.37
NIFTYHEALTHCARE,NIFTY Healthcare,Sectoral,2025-11-30,2025-11-28,15031.25,37.72
NIFTYHEALTHCARE,NIFTY Healthcare,Sectoral,2025-12-31,2025-12-31,14639.9,36.72
NIFTYHEALTHCARE,NIFTY Healthcare,Sectoral,2026-01-31,2026-01-30,13893.85,35.99
NIFTYHEALTHCARE,NIFTY Healthcare,Sectoral,2026-02-28,2026-02-27,14871.1,37.77
NIFTYHEALTHCARE,NIFTY Healthcare,Sectoral,2026-03-31,2026-03-30,14201.05,36.07
NIFTYHEALTHCARE,NIFTY Healthcare,Sectoral,2026-04-30,2026-04-30,14918.4,37.89
NIFTYHEALTHCARE,NIFTY Healthcare,Sectoral,2026-05-31,2026-05-29,15392.75,40.28
NIFTYHEALTHCARE,NIFTY Healthcare,Sectoral,2026-06-30,2026-06-30,16139.75,41.81
NIFTYHEALTHCARE,NIFTY Healthcare,Sectoral,2026-07-31,2026-07-31,16755.5,45.6
NIFTYHEALTHCARE,NIFTY Healthcare,Sectoral,2026-08-31,2026-08-31,16941.5,44.39
NIFTYHIGHBETA50,NIFTY High Beta 50,Strategy / Thematic / Other,2021-04-30,2021-04-30,1798.91,106.76
NIFTYHIGHBETA50,NIFTY High Beta 50,Strategy / Thematic / Other,2021-05-31,2021-05-31,1943.43,39.32
NIFTYHIGHBETA50,NIFTY High Beta 50,Strategy / Thematic / Other,2021-06-30,2021-06-30,1972.5,41.59
NIFTYHIGHBETA50,NIFTY High Beta 50,Strategy / Thematic / Other,2021-07-31,2021-07-30,2006.66,37.04
NIFTYHIGHBETA50,NIFTY High Beta 50,Strategy / Thematic / Other,2021-08-31,2021-08-31,1970.49,21.76
NIFTYHIGHBETA50,NIFTY High Beta 50,Strategy / Thematic / Other,2021-09-30,2021-09-30,2127.24,20.7
NIFTYHIGHBETA50,NIFTY High Beta 50,Strategy / Thematic / Other,2021-10-31,2021-10-29,2199.92,20.9
NIFTYHIGHBETA50,NIFTY High Beta 50,Strategy / Thematic / Other,2021-11-30,2021-11-30,2043.53,17.28
NIFTYHIGHBETA50,NIFTY High Beta 50,Strategy / Thematic / Other,2021-12-31,2021-12-31,2067.57,17.28
NIFTYHIGHBETA50,NIFTY High Beta 50,Strategy / Thematic / Other,2022-01-31,2022-01-31,2145.35,17.99
NIFTYHIGHBETA50,NIFTY High Beta 50,Strategy / Thematic / Other,2022-02-28,2022-02-28,2017.9,15.87
NIFTYHIGHBETA50,NIFTY High Beta 50,Strategy / Thematic / Other,2022-03-31,2022-03-31,2119.16,24.68
NIFTYHIGHBETA50,NIFTY High Beta 50,Strategy / Thematic / Other,2022-04-30,2022-04-29,2100.03,24.32
NIFTYHIGHBETA50,NIFTY High Beta 50,Strategy / Thematic / Other,2022-05-31,2022-05-31,1910.26,18.01
NIFTYHIGHBETA50,NIFTY High Beta 50,Strategy / Thematic / Other,2022-06-30,2022-06-30,1701.84,15.6
NIFTYHIGHBETA50,NIFTY High Beta 50,Strategy / Thematic / Other,2022-07-31,2022-07-29,1975.25,17.04
NIFTYHIGHBETA50,NIFTY High Beta 50,Strategy / Thematic / Other,2022-08-31,2022-08-30,2142.54,17.95
NIFTYHIGHBETA50,NIFTY High Beta 50,Strategy / Thematic / Other,2022-09-30,2022-09-30,2052.92,17.21
NIFTYHIGHBETA50,NIFTY High Beta 50,Strategy / Thematic / Other,2022-10-31,2022-10-31,2177.28,17.51
NIFTYHIGHBETA50,NIFTY High Beta 50,Strategy / Thematic / Other,2022-11-30,2022-11-30,2283.77,20.64
NIFTYHIGHBETA50,NIFTY High Beta 50,Strategy / Thematic / Other,2022-12-31,2022-12-30,2283.16,24.02
NIFTYHIGHBETA50,NIFTY High Beta 50,Strategy / Thematic / Other,2023-01-31,2023-01-31,2179.46,23.31
NIFTYHIGHBETA50,NIFTY High Beta 50,Strategy / Thematic / Other,2023-02-28,2023-02-28,2052.67,20.85
NIFTYHIGHBETA50,NIFTY High Beta 50,Strategy / Thematic / Other,2023-03-31,2023-03-31,2058.14,15.09
NIFTYHIGHBETA50,NIFTY High Beta 50,Strategy / Thematic / Other,2023-04-30,2023-04-28,2250.22,16.39
NIFTYHIGHBETA50,NIFTY High Beta 50,Strategy / Thematic / Other,2023-05-31,2023-05-31,2333.55,17.46
NIFTYHIGHBETA50,NIFTY High Beta 50,Strategy / Thematic / Other,2023-06-30,2023-06-30,2488.06,15.91
NIFTYHIGHBETA50,NIFTY High Beta 50,Strategy / Thematic / Other,2023-07-31,2023-07-31,2706.58,17.77
NIFTYHIGHBETA50,NIFTY High Beta 50,Strategy / Thematic / Other,2023-08-31,2023-08-31,2787.75,18.18
NIFTYHIGHBETA50,NIFTY High Beta 50,Strategy / Thematic / Other,2023-09-30,2023-09-29,2913.22,18.32
NIFTYHIGHBETA50,NIFTY High Beta 50,Strategy / Thematic / Other,2023-10-31,2023-10-31,2796.45,16.57
NIFTYHIGHBETA50,NIFTY High Beta 50,Strategy / Thematic / Other,2023-11-30,2023-11-30,3029.13,17.76
NIFTYHIGHBETA50,NIFTY High Beta 50,Strategy / Thematic / Other,2023-12-31,2023-12-29,3401.85,17.58
NIFTYHIGHBETA50,NIFTY High Beta 50,Strategy / Thematic / Other,2024-01-31,2024-01-31,3628.29,17.68
NIFTYHIGHBETA50,NIFTY High Beta 50,Strategy / Thematic / Other,2024-02-29,2024-02-29,3653.96,16.96
NIFTYHIGHBETA50,NIFTY High Beta 50,Strategy / Thematic / Other,2024-03-31,2024-03-28,3642.36,21.97
NIFTYHIGHBETA50,NIFTY High Beta 50,Strategy / Thematic / Other,2024-04-30,2024-04-30,4008.88,24
NIFTYHIGHBETA50,NIFTY High Beta 50,Strategy / Thematic / Other,2024-05-31,2024-05-31,4016.03,21.4
NIFTYHIGHBETA50,NIFTY High Beta 50,Strategy / Thematic / Other,2024-06-30,2024-06-28,4184.62,22.38
NIFTYHIGHBETA50,NIFTY High Beta 50,Strategy / Thematic / Other,2024-07-31,2024-07-31,4350.42,22.69
NIFTYHIGHBETA50,NIFTY High Beta 50,Strategy / Thematic / Other,2024-08-31,2024-08-30,4163.88,21.12
NIFTYHIGHBETA50,NIFTY High Beta 50,Strategy / Thematic / Other,2024-09-30,2024-09-30,4145.47,23.6
NIFTYHIGHBETA50,NIFTY High Beta 50,Strategy / Thematic / Other,2024-10-31,2024-10-31,3737.52,20.94
NIFTYHIGHBETA50,NIFTY High Beta 50,Strategy / Thematic / Other,2024-11-30,2024-11-29,3725.55,19.53
NIFTYHIGHBETA50,NIFTY High Beta 50,Strategy / Thematic / Other,2024-12-31,2024-12-31,3547.35,20.9
NIFTYHIGHBETA50,NIFTY High Beta 50,Strategy / Thematic / Other,2025-01-31,2025-01-31,3421.3,19.04
NIFTYHIGHBETA50,NIFTY High Beta 50,Strategy / Thematic / Other,2025-02-28,2025-02-28,2986.05,15.14
NIFTYHIGHBETA50,NIFTY High Beta 50,Strategy / Thematic / Other,2025-03-31,2025-03-28,3310.6,15.84
NIFTYHIGHBETA50,NIFTY High Beta 50,Strategy / Thematic / Other,2025-04-30,2025-04-30,3432.6,15.53
NIFTYHIGHBETA50,NIFTY High Beta 50,Strategy / Thematic / Other,2025-05-31,2025-05-30,3717.8,16.66
NIFTYHIGHBETA50,NIFTY High Beta 50,Strategy / Thematic / Other,2025-06-30,2025-06-30,3869.3,16.94
NIFTYHIGHBETA50,NIFTY High Beta 50,Strategy / Thematic / Other,2025-07-31,2025-07-31,3650.1,15.98
NIFTYHIGHBETA50,NIFTY High Beta 50,Strategy / Thematic / Other,2025-08-31,2025-08-29,3457.7,14.97
NIFTYHIGHBETA50,NIFTY High Beta 50,Strategy / Thematic / Other,2025-09-30,2025-09-30,3702.7,19.94
NIFTYHIGHBETA50,NIFTY High Beta 50,Strategy / Thematic / Other,2025-10-31,2025-10-31,3951.6,21.75
NIFTYHIGHBETA50,NIFTY High Beta 50,Strategy / Thematic / Other,2025-11-30,2025-11-28,3961.7,22.95
NIFTYHIGHBETA50,NIFTY High Beta 50,Strategy / Thematic / Other,2025-12-31,2025-12-31,3954.95,25.01
NIFTYHIGHBETA50,NIFTY High Beta 50,Strategy / Thematic / Other,2026-01-31,2026-01-30,3774.7,23.09
NIFTYHIGHBETA50,NIFTY High Beta 50,Strategy / Thematic / Other,2026-02-28,2026-02-27,3781.6,22.79
NIFTYHIGHBETA50,NIFTY High Beta 50,Strategy / Thematic / Other,2026-03-31,2026-03-30,3317.65,25.77
NIFTYHIGHBETA50,NIFTY High Beta 50,Strategy / Thematic / Other,2026-04-30,2026-04-30,4074.8,31.8
NIFTYHIGHBETA50,NIFTY High Beta 50,Strategy / Thematic / Other,2026-05-31,2026-05-29,4254.35,25.41
NIFTYHIGHBETA50,NIFTY High Beta 50,Strategy / Thematic / Other,2026-06-30,2026-06-30,4296,20.26
NIFTYHIGHBETA50,NIFTY High Beta 50,Strategy / Thematic / Other,2026-07-31,2026-07-31,4440.75,21.62
NIFTYHIGHBETA50,NIFTY High Beta 50,Strategy / Thematic / Other,2026-08-31,2026-08-31,4489.8,21.49
NIFTYHOSPITALS,NIFTY Hospitals,Sectoral,2026-06-30,2026-06-30,4593.13,70.68
NIFTYHOSPITALS,NIFTY Hospitals,Sectoral,2026-07-31,2026-07-31,4653,71.61
NIFTYHOSPITALS,NIFTY Hospitals,Sectoral,2026-08-31,2026-08-31,4502.89,70.49
NIFTYHOUSING,NIFTY Housing,Strategy / Thematic / Other,2022-03-31,2022-03-31,7589.17,16.5
NIFTYHOUSING,NIFTY Housing,Strategy / Thematic / Other,2022-04-30,2022-04-29,7861.5,16.98
NIFTYHOUSING,NIFTY Housing,Strategy / Thematic / Other,2022-05-31,2022-05-31,7162.46,14.84
NIFTYHOUSING,NIFTY Housing,Strategy / Thematic / Other,2022-06-30,2022-06-30,6684.97,13.84
NIFTYHOUSING,NIFTY Housing,Strategy / Thematic / Other,2022-07-31,2022-07-29,7682.54,16.13
NIFTYHOUSING,NIFTY Housing,Strategy / Thematic / Other,2022-08-31,2022-08-30,8164.88,17.2
NIFTYHOUSING,NIFTY Housing,Strategy / Thematic / Other,2022-09-30,2022-09-30,7834.3,16.61
NIFTYHOUSING,NIFTY Housing,Strategy / Thematic / Other,2022-10-31,2022-10-31,8120.49,17.7
NIFTYHOUSING,NIFTY Housing,Strategy / Thematic / Other,2022-11-30,2022-11-30,8420.19,20.26
NIFTYHOUSING,NIFTY Housing,Strategy / Thematic / Other,2022-12-31,2022-12-30,8267.56,19.84
NIFTYHOUSING,NIFTY Housing,Strategy / Thematic / Other,2023-01-31,2023-01-31,7676.54,18.49
NIFTYHOUSING,NIFTY Housing,Strategy / Thematic / Other,2023-02-28,2023-02-28,7284.41,19.08
NIFTYHOUSING,NIFTY Housing,Strategy / Thematic / Other,2023-03-31,2023-03-31,7442.83,19.15
NIFTYHOUSING,NIFTY Housing,Strategy / Thematic / Other,2023-04-30,2023-04-28,7814.32,19.95
NIFTYHOUSING,NIFTY Housing,Strategy / Thematic / Other,2023-05-31,2023-05-31,7902.65,22.29
NIFTYHOUSING,NIFTY Housing,Strategy / Thematic / Other,2023-06-30,2023-06-30,8274.97,23.24
NIFTYHOUSING,NIFTY Housing,Strategy / Thematic / Other,2023-07-31,2023-07-31,8693.51,25.83
NIFTYHOUSING,NIFTY Housing,Strategy / Thematic / Other,2023-08-31,2023-08-31,8590,24.89
NIFTYHOUSING,NIFTY Housing,Strategy / Thematic / Other,2023-09-30,2023-09-29,8905.69,25.75
NIFTYHOUSING,NIFTY Housing,Strategy / Thematic / Other,2023-10-31,2023-10-31,8538.8,23.03
NIFTYHOUSING,NIFTY Housing,Strategy / Thematic / Other,2023-11-30,2023-11-30,9146.24,25.06
NIFTYHOUSING,NIFTY Housing,Strategy / Thematic / Other,2023-12-31,2023-12-29,10257.04,27.51
NIFTYHOUSING,NIFTY Housing,Strategy / Thematic / Other,2024-01-31,2024-01-31,10147.44,25.34
NIFTYHOUSING,NIFTY Housing,Strategy / Thematic / Other,2024-02-29,2024-02-29,10272.52,25.62
NIFTYHOUSING,NIFTY Housing,Strategy / Thematic / Other,2024-03-31,2024-03-28,10513.9,26.16
NIFTYHOUSING,NIFTY Housing,Strategy / Thematic / Other,2024-04-30,2024-04-30,11036.41,26.34
NIFTYHOUSING,NIFTY Housing,Strategy / Thematic / Other,2024-05-31,2024-05-31,11197.83,26.48
NIFTYHOUSING,NIFTY Housing,Strategy / Thematic / Other,2024-06-30,2024-06-28,11762.09,27.95
NIFTYHOUSING,NIFTY Housing,Strategy / Thematic / Other,2024-07-31,2024-07-31,12030.62,28.13
NIFTYHOUSING,NIFTY Housing,Strategy / Thematic / Other,2024-08-31,2024-08-30,11778.92,27.76
NIFTYHOUSING,NIFTY Housing,Strategy / Thematic / Other,2024-09-30,2024-09-30,12250.96,28.4
NIFTYHOUSING,NIFTY Housing,Strategy / Thematic / Other,2024-10-31,2024-10-31,11491.55,26.6
NIFTYHOUSING,NIFTY Housing,Strategy / Thematic / Other,2024-11-30,2024-11-29,11302.85,25.15
NIFTYHOUSING,NIFTY Housing,Strategy / Thematic / Other,2024-12-31,2024-12-31,11036.9,25.06
NIFTYHOUSING,NIFTY Housing,Strategy / Thematic / Other,2025-01-31,2025-01-31,10560.55,23.83
NIFTYHOUSING,NIFTY Housing,Strategy / Thematic / Other,2025-02-28,2025-02-28,9910,22.46
NIFTYHOUSING,NIFTY Housing,Strategy / Thematic / Other,2025-03-31,2025-03-28,10899,25.49
NIFTYHOUSING,NIFTY Housing,Strategy / Thematic / Other,2025-04-30,2025-04-30,11040.8,25.64
NIFTYHOUSING,NIFTY Housing,Strategy / Thematic / Other,2025-05-31,2025-05-30,11216.2,25.61
NIFTYHOUSING,NIFTY Housing,Strategy / Thematic / Other,2025-06-30,2025-06-30,11553.9,26.55
NIFTYHOUSING,NIFTY Housing,Strategy / Thematic / Other,2025-07-31,2025-07-31,11407.5,25.7
NIFTYHOUSING,NIFTY Housing,Strategy / Thematic / Other,2025-08-31,2025-08-29,11194.65,24.95
NIFTYHOUSING,NIFTY Housing,Strategy / Thematic / Other,2025-09-30,2025-09-30,11431,25.27
NIFTYHOUSING,NIFTY Housing,Strategy / Thematic / Other,2025-10-31,2025-10-31,11927.05,26.15
NIFTYHOUSING,NIFTY Housing,Strategy / Thematic / Other,2025-11-30,2025-11-28,11795.15,25.17
NIFTYHOUSING,NIFTY Housing,Strategy / Thematic / Other,2025-12-31,2025-12-31,11769.85,25.34
NIFTYHOUSING,NIFTY Housing,Strategy / Thematic / Other,2026-01-31,2026-01-30,11564.65,24.6
NIFTYHOUSING,NIFTY Housing,Strategy / Thematic / Other,2026-02-28,2026-02-27,12025.55,25.18
NIFTYHOUSING,NIFTY Housing,Strategy / Thematic / Other,2026-03-31,2026-03-30,10501.6,21.7
NIFTYHOUSING,NIFTY Housing,Strategy / Thematic / Other,2026-04-30,2026-04-30,11888.95,24.24
NIFTYHOUSING,NIFTY Housing,Strategy / Thematic / Other,2026-05-31,2026-05-29,11975.3,22.26
NIFTYHOUSING,NIFTY Housing,Strategy / Thematic / Other,2026-06-30,2026-06-30,11963.8,22.03
NIFTYHOUSING,NIFTY Housing,Strategy / Thematic / Other,2026-07-31,2026-07-31,11999.75,21.29
NIFTYHOUSING,NIFTY Housing,Strategy / Thematic / Other,2026-08-31,2026-08-31,11872.8,20.79
NIFTYHOUSINGFINANCE,NIFTY Housing Finance,Sectoral,2026-06-30,2026-06-30,774.32,35.32
NIFTYHOUSINGFINANCE,NIFTY Housing Finance,Sectoral,2026-07-31,2026-07-31,747.5,33.15
NIFTYHOUSINGFINANCE,NIFTY Housing Finance,Sectoral,2026-08-31,2026-08-31,738.99,32.01
NIFTYINDIACONSUMPTION,NIFTY India Consumption,Strategy / Thematic / Other,2021-04-30,2021-04-30,5836.95,151.53
NIFTYINDIACONSUMPTION,NIFTY India Consumption,Strategy / Thematic / Other,2021-05-31,2021-05-31,6202.85,101.87
NIFTYINDIACONSUMPTION,NIFTY India Consumption,Strategy / Thematic / Other,2021-06-30,2021-06-30,6330.2,82.52
NIFTYINDIACONSUMPTION,NIFTY India Consumption,Strategy / Thematic / Other,2021-07-31,2021-07-30,6372.35,76.46
NIFTYINDIACONSUMPTION,NIFTY India Consumption,Strategy / Thematic / Other,2021-08-31,2021-08-31,6905.8,59.95
NIFTYINDIACONSUMPTION,NIFTY India Consumption,Strategy / Thematic / Other,2021-09-30,2021-09-30,7195.15,62.52
NIFTYINDIACONSUMPTION,NIFTY India Consumption,Strategy / Thematic / Other,2021-10-31,2021-10-29,7042.85,60.1
NIFTYINDIACONSUMPTION,NIFTY India Consumption,Strategy / Thematic / Other,2021-11-30,2021-11-30,7006.4,47.85
NIFTYINDIACONSUMPTION,NIFTY India Consumption,Strategy / Thematic / Other,2021-12-31,2021-12-31,7051.55,47.98
NIFTYINDIACONSUMPTION,NIFTY India Consumption,Strategy / Thematic / Other,2022-01-31,2022-01-31,6929.2,47.84
NIFTYINDIACONSUMPTION,NIFTY India Consumption,Strategy / Thematic / Other,2022-02-28,2022-02-28,6780.6,38.11
NIFTYINDIACONSUMPTION,NIFTY India Consumption,Strategy / Thematic / Other,2022-03-31,2022-03-31,6829.35,38.42
NIFTYINDIACONSUMPTION,NIFTY India Consumption,Strategy / Thematic / Other,2022-04-30,2022-04-29,7088.9,39.88
NIFTYINDIACONSUMPTION,NIFTY India Consumption,Strategy / Thematic / Other,2022-05-31,2022-05-31,6918.5,37.1
NIFTYINDIACONSUMPTION,NIFTY India Consumption,Strategy / Thematic / Other,2022-06-30,2022-06-30,6692.8,35.65
NIFTYINDIACONSUMPTION,NIFTY India Consumption,Strategy / Thematic / Other,2022-07-31,2022-07-29,7514.85,39.2
NIFTYINDIACONSUMPTION,NIFTY India Consumption,Strategy / Thematic / Other,2022-08-31,2022-08-30,7952.75,38.21
NIFTYINDIACONSUMPTION,NIFTY India Consumption,Strategy / Thematic / Other,2022-09-30,2022-09-30,7872.7,39.4
NIFTYINDIACONSUMPTION,NIFTY India Consumption,Strategy / Thematic / Other,2022-10-31,2022-10-31,7965.05,39.16
NIFTYINDIACONSUMPTION,NIFTY India Consumption,Strategy / Thematic / Other,2022-11-30,2022-11-30,7916.5,41.1
NIFTYINDIACONSUMPTION,NIFTY India Consumption,Strategy / Thematic / Other,2022-12-31,2022-12-30,7554.35,39.27
NIFTYINDIACONSUMPTION,NIFTY India Consumption,Strategy / Thematic / Other,2023-01-31,2023-01-31,7349.5,37.66
NIFTYINDIACONSUMPTION,NIFTY India Consumption,Strategy / Thematic / Other,2023-02-28,2023-02-28,7116.35,37.43
NIFTYINDIACONSUMPTION,NIFTY India Consumption,Strategy / Thematic / Other,2023-03-31,2023-03-31,7161.5,37.16
NIFTYINDIACONSUMPTION,NIFTY India Consumption,Strategy / Thematic / Other,2023-04-30,2023-04-28,7502.05,38.79
NIFTYINDIACONSUMPTION,NIFTY India Consumption,Strategy / Thematic / Other,2023-05-31,2023-05-31,7969.75,40.4
NIFTYINDIACONSUMPTION,NIFTY India Consumption,Strategy / Thematic / Other,2023-06-30,2023-06-30,8318.75,42.25
NIFTYINDIACONSUMPTION,NIFTY India Consumption,Strategy / Thematic / Other,2023-07-31,2023-07-31,8402.2,42.04
NIFTYINDIACONSUMPTION,NIFTY India Consumption,Strategy / Thematic / Other,2023-08-31,2023-08-31,8298.45,40.19
NIFTYINDIACONSUMPTION,NIFTY India Consumption,Strategy / Thematic / Other,2023-09-30,2023-09-29,8459.9,40.94
NIFTYINDIACONSUMPTION,NIFTY India Consumption,Strategy / Thematic / Other,2023-10-31,2023-10-31,8331.8,39.33
NIFTYINDIACONSUMPTION,NIFTY India Consumption,Strategy / Thematic / Other,2023-11-30,2023-11-30,8987.1,42.53
NIFTYINDIACONSUMPTION,NIFTY India Consumption,Strategy / Thematic / Other,2023-12-31,2023-12-29,9577.95,45.21
NIFTYINDIACONSUMPTION,NIFTY India Consumption,Strategy / Thematic / Other,2024-01-31,2024-01-31,9627.95,44.92
NIFTYINDIACONSUMPTION,NIFTY India Consumption,Strategy / Thematic / Other,2024-02-29,2024-02-29,9806.15,44.86
NIFTYINDIACONSUMPTION,NIFTY India Consumption,Strategy / Thematic / Other,2024-03-31,2024-03-28,10128.4,47.06
NIFTYINDIACONSUMPTION,NIFTY India Consumption,Strategy / Thematic / Other,2024-04-30,2024-04-30,10405.35,47.74
NIFTYINDIACONSUMPTION,NIFTY India Consumption,Strategy / Thematic / Other,2024-05-31,2024-05-31,10470.9,48.12
NIFTYINDIACONSUMPTION,NIFTY India Consumption,Strategy / Thematic / Other,2024-06-30,2024-06-28,11131.6,50.49
NIFTYINDIACONSUMPTION,NIFTY India Consumption,Strategy / Thematic / Other,2024-07-31,2024-07-31,11806.05,53.78
NIFTYINDIACONSUMPTION,NIFTY India Consumption,Strategy / Thematic / Other,2024-08-31,2024-08-30,12077.7,52.87
NIFTYINDIACONSUMPTION,NIFTY India Consumption,Strategy / Thematic / Other,2024-09-30,2024-09-30,12826.85,52.38
NIFTYINDIACONSUMPTION,NIFTY India Consumption,Strategy / Thematic / Other,2024-10-31,2024-10-31,11480.8,47.06
NIFTYINDIACONSUMPTION,NIFTY India Consumption,Strategy / Thematic / Other,2024-11-30,2024-11-29,11447.4,46.63
NIFTYINDIACONSUMPTION,NIFTY India Consumption,Strategy / Thematic / Other,2024-12-31,2024-12-31,11362.6,46.77
NIFTYINDIACONSUMPTION,NIFTY India Consumption,Strategy / Thematic / Other,2025-01-31,2025-01-31,11115.6,45.5
NIFTYINDIACONSUMPTION,NIFTY India Consumption,Strategy / Thematic / Other,2025-02-28,2025-02-28,10160.7,38.63
NIFTYINDIACONSUMPTION,NIFTY India Consumption,Strategy / Thematic / Other,2025-03-31,2025-03-28,10720.4,40.8
NIFTYINDIACONSUMPTION,NIFTY India Consumption,Strategy / Thematic / Other,2025-04-30,2025-04-30,11316.55,43.01
NIFTYINDIACONSUMPTION,NIFTY India Consumption,Strategy / Thematic / Other,2025-05-31,2025-05-30,11383.15,40.64
NIFTYINDIACONSUMPTION,NIFTY India Consumption,Strategy / Thematic / Other,2025-06-30,2025-06-30,11842.85,41.51
NIFTYINDIACONSUMPTION,NIFTY India Consumption,Strategy / Thematic / Other,2025-07-31,2025-07-31,11739.1,41.24
NIFTYINDIACONSUMPTION,NIFTY India Consumption,Strategy / Thematic / Other,2025-08-31,2025-08-29,12059.35,41.18
NIFTYINDIACONSUMPTION,NIFTY India Consumption,Strategy / Thematic / Other,2025-09-30,2025-09-30,12063.25,41.01
NIFTYINDIACONSUMPTION,NIFTY India Consumption,Strategy / Thematic / Other,2025-10-31,2025-10-31,12415.55,42.04
NIFTYINDIACONSUMPTION,NIFTY India Consumption,Strategy / Thematic / Other,2025-11-30,2025-11-28,12472.15,41.07
NIFTYINDIACONSUMPTION,NIFTY India Consumption,Strategy / Thematic / Other,2025-12-31,2025-12-31,12289.45,40.78
NIFTYINDIACONSUMPTION,NIFTY India Consumption,Strategy / Thematic / Other,2026-01-31,2026-01-30,11469,38.38
NIFTYINDIACONSUMPTION,NIFTY India Consumption,Strategy / Thematic / Other,2026-02-28,2026-02-27,11537.1,38.57
NIFTYINDIACONSUMPTION,NIFTY India Consumption,Strategy / Thematic / Other,2026-03-31,2026-03-30,10334.35,34.47
NIFTYINDIACONSUMPTION,NIFTY India Consumption,Strategy / Thematic / Other,2026-04-30,2026-04-30,11417.3,37.95
NIFTYINDIACONSUMPTION,NIFTY India Consumption,Strategy / Thematic / Other,2026-05-31,2026-05-29,11261,36.23
NIFTYINDIACONSUMPTION,NIFTY India Consumption,Strategy / Thematic / Other,2026-06-30,2026-06-30,11514.9,38.39
NIFTYINDIACONSUMPTION,NIFTY India Consumption,Strategy / Thematic / Other,2026-07-31,2026-07-31,12081.85,40.3
NIFTYINDIACONSUMPTION,NIFTY India Consumption,Strategy / Thematic / Other,2026-08-31,2026-08-31,11802.7,38.43
NIFTYINDIACORPORATEGROUPINDEXADITYABIRLAGROUP,NIFTY India Corporate Group Index - Aditya Birla Group,Strategy / Thematic / Other,2024-04-30,2024-04-30,7641.88,
NIFTYINDIACORPORATEGROUPINDEXADITYABIRLAGROUP,NIFTY India Corporate Group Index - Aditya Birla Group,Strategy / Thematic / Other,2024-05-31,2024-05-31,7774.27,
NIFTYINDIACORPORATEGROUPINDEXADITYABIRLAGROUP,NIFTY India Corporate Group Index - Aditya Birla Group,Strategy / Thematic / Other,2024-06-30,2024-06-28,8768.54,
NIFTYINDIACORPORATEGROUPINDEXADITYABIRLAGROUP,NIFTY India Corporate Group Index - Aditya Birla Group,Strategy / Thematic / Other,2024-07-31,2024-07-31,8760.98,
NIFTYINDIACORPORATEGROUPINDEXADITYABIRLAGROUP,NIFTY India Corporate Group Index - Aditya Birla Group,Strategy / Thematic / Other,2024-08-31,2024-08-30,8540.95,717.58
NIFTYINDIACORPORATEGROUPINDEXADITYABIRLAGROUP,NIFTY India Corporate Group Index - Aditya Birla Group,Strategy / Thematic / Other,2024-09-30,2024-09-30,8599.56,549.39
NIFTYINDIACORPORATEGROUPINDEXADITYABIRLAGROUP,NIFTY India Corporate Group Index - Aditya Birla Group,Strategy / Thematic / Other,2024-10-31,2024-10-31,7945.39,631.39
NIFTYINDIACORPORATEGROUPINDEXADITYABIRLAGROUP,NIFTY India Corporate Group Index - Aditya Birla Group,Strategy / Thematic / Other,2024-11-30,2024-11-29,7881.55,211.15
NIFTYINDIACORPORATEGROUPINDEXADITYABIRLAGROUP,NIFTY India Corporate Group Index - Aditya Birla Group,Strategy / Thematic / Other,2024-12-31,2024-12-31,7594.39,203.46
NIFTYINDIACORPORATEGROUPINDEXADITYABIRLAGROUP,NIFTY India Corporate Group Index - Aditya Birla Group,Strategy / Thematic / Other,2025-01-31,2025-01-31,7611.11,226.69
NIFTYINDIACORPORATEGROUPINDEXADITYABIRLAGROUP,NIFTY India Corporate Group Index - Aditya Birla Group,Strategy / Thematic / Other,2025-02-28,2025-02-28,6962.58,161.94
NIFTYINDIACORPORATEGROUPINDEXADITYABIRLAGROUP,NIFTY India Corporate Group Index - Aditya Birla Group,Strategy / Thematic / Other,2025-03-31,2025-03-28,7671.7,181.84
NIFTYINDIACORPORATEGROUPINDEXADITYABIRLAGROUP,NIFTY India Corporate Group Index - Aditya Birla Group,Strategy / Thematic / Other,2025-04-30,2025-04-30,7726.65,179.97
NIFTYINDIACORPORATEGROUPINDEXADITYABIRLAGROUP,NIFTY India Corporate Group Index - Aditya Birla Group,Strategy / Thematic / Other,2025-05-31,2025-05-30,7603.79,193.07
NIFTYINDIACORPORATEGROUPINDEXADITYABIRLAGROUP,NIFTY India Corporate Group Index - Aditya Birla Group,Strategy / Thematic / Other,2025-06-30,2025-06-30,8319.92,130.61
NIFTYINDIACORPORATEGROUPINDEXADITYABIRLAGROUP,NIFTY India Corporate Group Index - Aditya Birla Group,Strategy / Thematic / Other,2025-07-31,2025-07-31,8142.15,119.46
NIFTYINDIACORPORATEGROUPINDEXADITYABIRLAGROUP,NIFTY India Corporate Group Index - Aditya Birla Group,Strategy / Thematic / Other,2025-08-31,2025-08-29,8298.24,104.39
NIFTYINDIACORPORATEGROUPINDEXADITYABIRLAGROUP,NIFTY India Corporate Group Index - Aditya Birla Group,Strategy / Thematic / Other,2025-09-30,2025-09-30,8477.07,112.52
NIFTYINDIACORPORATEGROUPINDEXADITYABIRLAGROUP,NIFTY India Corporate Group Index - Aditya Birla Group,Strategy / Thematic / Other,2025-10-31,2025-10-31,8796.24,110.07
NIFTYINDIACORPORATEGROUPINDEXADITYABIRLAGROUP,NIFTY India Corporate Group Index - Aditya Birla Group,Strategy / Thematic / Other,2025-11-30,2025-11-28,8704.08,83.66
NIFTYINDIACORPORATEGROUPINDEXADITYABIRLAGROUP,NIFTY India Corporate Group Index - Aditya Birla Group,Strategy / Thematic / Other,2025-12-31,2025-12-31,9048.1,86.98
NIFTYINDIACORPORATEGROUPINDEXADITYABIRLAGROUP,NIFTY India Corporate Group Index - Aditya Birla Group,Strategy / Thematic / Other,2026-01-31,2026-01-30,9335.54,79.84
NIFTYINDIACORPORATEGROUPINDEXADITYABIRLAGROUP,NIFTY India Corporate Group Index - Aditya Birla Group,Strategy / Thematic / Other,2026-02-28,2026-02-27,9220.94,86.59
NIFTYINDIACORPORATEGROUPINDEXADITYABIRLAGROUP,NIFTY India Corporate Group Index - Aditya Birla Group,Strategy / Thematic / Other,2026-03-31,2026-03-30,8115.07,76.21
NIFTYINDIACORPORATEGROUPINDEXADITYABIRLAGROUP,NIFTY India Corporate Group Index - Aditya Birla Group,Strategy / Thematic / Other,2026-04-30,2026-04-30,9173.45,82.56
NIFTYINDIACORPORATEGROUPINDEXADITYABIRLAGROUP,NIFTY India Corporate Group Index - Aditya Birla Group,Strategy / Thematic / Other,2026-05-31,2026-05-29,9893.44,16.12
NIFTYINDIACORPORATEGROUPINDEXADITYABIRLAGROUP,NIFTY India Corporate Group Index - Aditya Birla Group,Strategy / Thematic / Other,2026-06-30,2026-06-30,9615.29,15.66
NIFTYINDIACORPORATEGROUPINDEXADITYABIRLAGROUP,NIFTY India Corporate Group Index - Aditya Birla Group,Strategy / Thematic / Other,2026-07-31,2026-07-31,9757.99,15.64
NIFTYINDIACORPORATEGROUPINDEXADITYABIRLAGROUP,NIFTY India Corporate Group Index - Aditya Birla Group,Strategy / Thematic / Other,2026-08-31,2026-08-31,9998.93,14.55
NIFTYINDIACORPORATEGROUPINDEXMAHINDRAGROUP,NIFTY India Corporate Group Index - Mahindra Group,Strategy / Thematic / Other,2024-04-30,2024-04-30,25819.58,26.59
NIFTYINDIACORPORATEGROUPINDEXMAHINDRAGROUP,NIFTY India Corporate Group Index - Mahindra Group,Strategy / Thematic / Other,2024-05-31,2024-05-31,28076.03,28.7
NIFTYINDIACORPORATEGROUPINDEXMAHINDRAGROUP,NIFTY India Corporate Group Index - Mahindra Group,Strategy / Thematic / Other,2024-06-30,2024-06-28,32097.23,32.81
NIFTYINDIACORPORATEGROUPINDEXMAHINDRAGROUP,NIFTY India Corporate Group Index - Mahindra Group,Strategy / Thematic / Other,2024-07-31,2024-07-31,33321.89,33.25
NIFTYINDIACORPORATEGROUPINDEXMAHINDRAGROUP,NIFTY India Corporate Group Index - Mahindra Group,Strategy / Thematic / Other,2024-08-31,2024-08-30,33052.43,33.24
NIFTYINDIACORPORATEGROUPINDEXMAHINDRAGROUP,NIFTY India Corporate Group Index - Mahindra Group,Strategy / Thematic / Other,2024-09-30,2024-09-30,34713.96,35.39
NIFTYINDIACORPORATEGROUPINDEXMAHINDRAGROUP,NIFTY India Corporate Group Index - Mahindra Group,Strategy / Thematic / Other,2024-10-31,2024-10-31,31698.55,30.76
NIFTYINDIACORPORATEGROUPINDEXMAHINDRAGROUP,NIFTY India Corporate Group Index - Mahindra Group,Strategy / Thematic / Other,2024-11-30,2024-11-29,33986.78,31.45
NIFTYINDIACORPORATEGROUPINDEXMAHINDRAGROUP,NIFTY India Corporate Group Index - Mahindra Group,Strategy / Thematic / Other,2024-12-31,2024-12-31,34127.69,31.58
NIFTYINDIACORPORATEGROUPINDEXMAHINDRAGROUP,NIFTY India Corporate Group Index - Mahindra Group,Strategy / Thematic / Other,2025-01-31,2025-01-31,33937.81,30.15
NIFTYINDIACORPORATEGROUPINDEXMAHINDRAGROUP,NIFTY India Corporate Group Index - Mahindra Group,Strategy / Thematic / Other,2025-02-28,2025-02-28,29648.26,25.56
NIFTYINDIACORPORATEGROUPINDEXMAHINDRAGROUP,NIFTY India Corporate Group Index - Mahindra Group,Strategy / Thematic / Other,2025-03-31,2025-03-28,29990.06,25.86
NIFTYINDIACORPORATEGROUPINDEXMAHINDRAGROUP,NIFTY India Corporate Group Index - Mahindra Group,Strategy / Thematic / Other,2025-04-30,2025-04-30,32294.12,27.45
NIFTYINDIACORPORATEGROUPINDEXMAHINDRAGROUP,NIFTY India Corporate Group Index - Mahindra Group,Strategy / Thematic / Other,2025-05-31,2025-05-30,33180.59,27.86
NIFTYINDIACORPORATEGROUPINDEXMAHINDRAGROUP,NIFTY India Corporate Group Index - Mahindra Group,Strategy / Thematic / Other,2025-06-30,2025-06-30,35348.97,29.67
NIFTYINDIACORPORATEGROUPINDEXMAHINDRAGROUP,NIFTY India Corporate Group Index - Mahindra Group,Strategy / Thematic / Other,2025-07-31,2025-07-31,34423.62,28.29
NIFTYINDIACORPORATEGROUPINDEXMAHINDRAGROUP,NIFTY India Corporate Group Index - Mahindra Group,Strategy / Thematic / Other,2025-08-31,2025-08-29,34413.62,27.21
NIFTYINDIACORPORATEGROUPINDEXMAHINDRAGROUP,NIFTY India Corporate Group Index - Mahindra Group,Strategy / Thematic / Other,2025-09-30,2025-09-30,35777.69,28.29
NIFTYINDIACORPORATEGROUPINDEXMAHINDRAGROUP,NIFTY India Corporate Group Index - Mahindra Group,Strategy / Thematic / Other,2025-10-31,2025-10-31,36668.5,28.83
NIFTYINDIACORPORATEGROUPINDEXMAHINDRAGROUP,NIFTY India Corporate Group Index - Mahindra Group,Strategy / Thematic / Other,2025-11-30,2025-11-28,39549.79,30.19
NIFTYINDIACORPORATEGROUPINDEXMAHINDRAGROUP,NIFTY India Corporate Group Index - Mahindra Group,Strategy / Thematic / Other,2025-12-31,2025-12-31,39811.55,30.45
NIFTYINDIACORPORATEGROUPINDEXMAHINDRAGROUP,NIFTY India Corporate Group Index - Mahindra Group,Strategy / Thematic / Other,2026-01-31,2026-01-30,38407.85,29.16
NIFTYINDIACORPORATEGROUPINDEXMAHINDRAGROUP,NIFTY India Corporate Group Index - Mahindra Group,Strategy / Thematic / Other,2026-02-28,2026-02-27,36135.04,25.87
NIFTYINDIACORPORATEGROUPINDEXMAHINDRAGROUP,NIFTY India Corporate Group Index - Mahindra Group,Strategy / Thematic / Other,2026-03-31,2026-03-30,32165.37,23.03
NIFTYINDIACORPORATEGROUPINDEXMAHINDRAGROUP,NIFTY India Corporate Group Index - Mahindra Group,Strategy / Thematic / Other,2026-04-30,2026-04-30,34029.15,23.68
NIFTYINDIACORPORATEGROUPINDEXMAHINDRAGROUP,NIFTY India Corporate Group Index - Mahindra Group,Strategy / Thematic / Other,2026-05-31,2026-05-29,33580.53,21.89
NIFTYINDIACORPORATEGROUPINDEXMAHINDRAGROUP,NIFTY India Corporate Group Index - Mahindra Group,Strategy / Thematic / Other,2026-06-30,2026-06-30,33522.29,21.85
NIFTYINDIACORPORATEGROUPINDEXMAHINDRAGROUP,NIFTY India Corporate Group Index - Mahindra Group,Strategy / Thematic / Other,2026-07-31,2026-07-31,38200.77,23.99
NIFTYINDIACORPORATEGROUPINDEXMAHINDRAGROUP,NIFTY India Corporate Group Index - Mahindra Group,Strategy / Thematic / Other,2026-08-31,2026-08-31,37034.15,21.97
NIFTYINDIACORPORATEGROUPINDEXTATAGROUP,NIFTY India Corporate Group Index - Tata Group,Strategy / Thematic / Other,2024-04-30,2024-04-30,18091.92,39.43
NIFTYINDIACORPORATEGROUPINDEXTATAGROUP,NIFTY India Corporate Group Index - Tata Group,Strategy / Thematic / Other,2024-05-31,2024-05-31,17328.33,32.93
NIFTYINDIACORPORATEGROUPINDEXTATAGROUP,NIFTY India Corporate Group Index - Tata Group,Strategy / Thematic / Other,2024-06-30,2024-06-28,18482.02,35.48
NIFTYINDIACORPORATEGROUPINDEXTATAGROUP,NIFTY India Corporate Group Index - Tata Group,Strategy / Thematic / Other,2024-07-31,2024-07-31,20083.13,38.18
NIFTYINDIACORPORATEGROUPINDEXTATAGROUP,NIFTY India Corporate Group Index - Tata Group,Strategy / Thematic / Other,2024-08-31,2024-08-30,20685.23,40.15
NIFTYINDIACORPORATEGROUPINDEXTATAGROUP,NIFTY India Corporate Group Index - Tata Group,Strategy / Thematic / Other,2024-09-30,2024-09-30,20249.43,39.45
NIFTYINDIACORPORATEGROUPINDEXTATAGROUP,NIFTY India Corporate Group Index - Tata Group,Strategy / Thematic / Other,2024-10-31,2024-10-31,18428.97,35.64
NIFTYINDIACORPORATEGROUPINDEXTATAGROUP,NIFTY India Corporate Group Index - Tata Group,Strategy / Thematic / Other,2024-11-30,2024-11-29,18849.71,33.48
NIFTYINDIACORPORATEGROUPINDEXTATAGROUP,NIFTY India Corporate Group Index - Tata Group,Strategy / Thematic / Other,2024-12-31,2024-12-31,18388.45,32.67
NIFTYINDIACORPORATEGROUPINDEXTATAGROUP,NIFTY India Corporate Group Index - Tata Group,Strategy / Thematic / Other,2025-01-31,2025-01-31,17862.68,31.13
NIFTYINDIACORPORATEGROUPINDEXTATAGROUP,NIFTY India Corporate Group Index - Tata Group,Strategy / Thematic / Other,2025-02-28,2025-02-28,15626.08,27.38
NIFTYINDIACORPORATEGROUPINDEXTATAGROUP,NIFTY India Corporate Group Index - Tata Group,Strategy / Thematic / Other,2025-03-31,2025-03-28,16462.54,28.85
NIFTYINDIACORPORATEGROUPINDEXTATAGROUP,NIFTY India Corporate Group Index - Tata Group,Strategy / Thematic / Other,2025-04-30,2025-04-30,16164.7,28.29
NIFTYINDIACORPORATEGROUPINDEXTATAGROUP,NIFTY India Corporate Group Index - Tata Group,Strategy / Thematic / Other,2025-05-31,2025-05-30,16797.67,31.06
NIFTYINDIACORPORATEGROUPINDEXTATAGROUP,NIFTY India Corporate Group Index - Tata Group,Strategy / Thematic / Other,2025-06-30,2025-06-30,16944.91,31.24
NIFTYINDIACORPORATEGROUPINDEXTATAGROUP,NIFTY India Corporate Group Index - Tata Group,Strategy / Thematic / Other,2025-07-31,2025-07-31,15475.86,28.35
NIFTYINDIACORPORATEGROUPINDEXTATAGROUP,NIFTY India Corporate Group Index - Tata Group,Strategy / Thematic / Other,2025-08-31,2025-08-29,15652.15,28.53
NIFTYINDIACORPORATEGROUPINDEXTATAGROUP,NIFTY India Corporate Group Index - Tata Group,Strategy / Thematic / Other,2025-09-30,2025-09-30,15235.44,27.77
NIFTYINDIACORPORATEGROUPINDEXTATAGROUP,NIFTY India Corporate Group Index - Tata Group,Strategy / Thematic / Other,2025-10-31,2025-10-31,15933.39,29.2
NIFTYINDIACORPORATEGROUPINDEXTATAGROUP,NIFTY India Corporate Group Index - Tata Group,Strategy / Thematic / Other,2025-11-30,2025-11-28,15905.35,30.25
NIFTYINDIACORPORATEGROUPINDEXTATAGROUP,NIFTY India Corporate Group Index - Tata Group,Strategy / Thematic / Other,2025-12-31,2025-12-31,16223.4,30.97
NIFTYINDIACORPORATEGROUPINDEXTATAGROUP,NIFTY India Corporate Group Index - Tata Group,Strategy / Thematic / Other,2026-01-31,2026-01-30,15762.14,30.68
NIFTYINDIACORPORATEGROUPINDEXTATAGROUP,NIFTY India Corporate Group Index - Tata Group,Strategy / Thematic / Other,2026-02-28,2026-02-27,15160.91,31.56
NIFTYINDIACORPORATEGROUPINDEXTATAGROUP,NIFTY India Corporate Group Index - Tata Group,Strategy / Thematic / Other,2026-03-31,2026-03-30,13416.5,29.23
NIFTYINDIACORPORATEGROUPINDEXTATAGROUP,NIFTY India Corporate Group Index - Tata Group,Strategy / Thematic / Other,2026-04-30,2026-04-30,14777.44,31.34
NIFTYINDIACORPORATEGROUPINDEXTATAGROUP,NIFTY India Corporate Group Index - Tata Group,Strategy / Thematic / Other,2026-05-31,2026-05-29,14214.25,30.55
NIFTYINDIACORPORATEGROUPINDEXTATAGROUP,NIFTY India Corporate Group Index - Tata Group,Strategy / Thematic / Other,2026-06-30,2026-06-30,13982.22,30.07
NIFTYINDIACORPORATEGROUPINDEXTATAGROUP,NIFTY India Corporate Group Index - Tata Group,Strategy / Thematic / Other,2026-07-31,2026-07-31,14793.4,31.3
NIFTYINDIACORPORATEGROUPINDEXTATAGROUP,NIFTY India Corporate Group Index - Tata Group,Strategy / Thematic / Other,2026-08-31,2026-08-31,14798.8,31.59
NIFTYINDIACORPORATEGROUPINDEXTATAGROUP25CAP,NIFTY India Corporate Group Index - Tata Group 25% Cap,Strategy / Thematic / Other,2024-04-30,2024-04-30,16348.75,45.68
NIFTYINDIACORPORATEGROUPINDEXTATAGROUP25CAP,NIFTY India Corporate Group Index - Tata Group 25% Cap,Strategy / Thematic / Other,2024-05-31,2024-05-31,15649.35,33.44
NIFTYINDIACORPORATEGROUPINDEXTATAGROUP25CAP,NIFTY India Corporate Group Index - Tata Group 25% Cap,Strategy / Thematic / Other,2024-06-30,2024-06-28,16784.05,36.41
NIFTYINDIACORPORATEGROUPINDEXTATAGROUP25CAP,NIFTY India Corporate Group Index - Tata Group 25% Cap,Strategy / Thematic / Other,2024-07-31,2024-07-31,18029.95,38.91
NIFTYINDIACORPORATEGROUPINDEXTATAGROUP25CAP,NIFTY India Corporate Group Index - Tata Group 25% Cap,Strategy / Thematic / Other,2024-08-31,2024-08-30,18497.1,41.54
NIFTYINDIACORPORATEGROUPINDEXTATAGROUP25CAP,NIFTY India Corporate Group Index - Tata Group 25% Cap,Strategy / Thematic / Other,2024-09-30,2024-09-30,18453.4,41.13
NIFTYINDIACORPORATEGROUPINDEXTATAGROUP25CAP,NIFTY India Corporate Group Index - Tata Group 25% Cap,Strategy / Thematic / Other,2024-10-31,2024-10-31,16589.85,36.81
NIFTYINDIACORPORATEGROUPINDEXTATAGROUP25CAP,NIFTY India Corporate Group Index - Tata Group 25% Cap,Strategy / Thematic / Other,2024-11-30,2024-11-29,16630.85,31.68
NIFTYINDIACORPORATEGROUPINDEXTATAGROUP25CAP,NIFTY India Corporate Group Index - Tata Group 25% Cap,Strategy / Thematic / Other,2024-12-31,2024-12-31,16399.8,31.36
NIFTYINDIACORPORATEGROUPINDEXTATAGROUP25CAP,NIFTY India Corporate Group Index - Tata Group 25% Cap,Strategy / Thematic / Other,2025-01-31,2025-01-31,15678.45,29.73
NIFTYINDIACORPORATEGROUPINDEXTATAGROUP25CAP,NIFTY India Corporate Group Index - Tata Group 25% Cap,Strategy / Thematic / Other,2025-02-28,2025-02-28,14023.65,26.71
NIFTYINDIACORPORATEGROUPINDEXTATAGROUP25CAP,NIFTY India Corporate Group Index - Tata Group 25% Cap,Strategy / Thematic / Other,2025-03-31,2025-03-28,14928.2,28.44
NIFTYINDIACORPORATEGROUPINDEXTATAGROUP25CAP,NIFTY India Corporate Group Index - Tata Group 25% Cap,Strategy / Thematic / Other,2025-04-30,2025-04-30,14780.95,28.13
NIFTYINDIACORPORATEGROUPINDEXTATAGROUP25CAP,NIFTY India Corporate Group Index - Tata Group 25% Cap,Strategy / Thematic / Other,2025-05-31,2025-05-30,15521.1,32.58
NIFTYINDIACORPORATEGROUPINDEXTATAGROUP25CAP,NIFTY India Corporate Group Index - Tata Group 25% Cap,Strategy / Thematic / Other,2025-06-30,2025-06-30,15746.15,32.61
NIFTYINDIACORPORATEGROUPINDEXTATAGROUP25CAP,NIFTY India Corporate Group Index - Tata Group 25% Cap,Strategy / Thematic / Other,2025-07-31,2025-07-31,14517.65,29.88
NIFTYINDIACORPORATEGROUPINDEXTATAGROUP25CAP,NIFTY India Corporate Group Index - Tata Group 25% Cap,Strategy / Thematic / Other,2025-08-31,2025-08-29,14726.4,30.06
NIFTYINDIACORPORATEGROUPINDEXTATAGROUP25CAP,NIFTY India Corporate Group Index - Tata Group 25% Cap,Strategy / Thematic / Other,2025-09-30,2025-09-30,14393.4,29.1
NIFTYINDIACORPORATEGROUPINDEXTATAGROUP25CAP,NIFTY India Corporate Group Index - Tata Group 25% Cap,Strategy / Thematic / Other,2025-10-31,2025-10-31,15078.95,30.48
NIFTYINDIACORPORATEGROUPINDEXTATAGROUP25CAP,NIFTY India Corporate Group Index - Tata Group 25% Cap,Strategy / Thematic / Other,2025-11-30,2025-11-28,14923.1,31.78
NIFTYINDIACORPORATEGROUPINDEXTATAGROUP25CAP,NIFTY India Corporate Group Index - Tata Group 25% Cap,Strategy / Thematic / Other,2025-12-31,2025-12-31,15292.65,33.11
NIFTYINDIACORPORATEGROUPINDEXTATAGROUP25CAP,NIFTY India Corporate Group Index - Tata Group 25% Cap,Strategy / Thematic / Other,2026-01-31,2026-01-30,14901.1,32.63
NIFTYINDIACORPORATEGROUPINDEXTATAGROUP25CAP,NIFTY India Corporate Group Index - Tata Group 25% Cap,Strategy / Thematic / Other,2026-02-28,2026-02-27,15023.3,36.74
NIFTYINDIACORPORATEGROUPINDEXTATAGROUP25CAP,NIFTY India Corporate Group Index - Tata Group 25% Cap,Strategy / Thematic / Other,2026-03-31,2026-03-30,13255.55,32.37
NIFTYINDIACORPORATEGROUPINDEXTATAGROUP25CAP,NIFTY India Corporate Group Index - Tata Group 25% Cap,Strategy / Thematic / Other,2026-04-30,2026-04-30,14676.6,35.28
NIFTYINDIACORPORATEGROUPINDEXTATAGROUP25CAP,NIFTY India Corporate Group Index - Tata Group 25% Cap,Strategy / Thematic / Other,2026-05-31,2026-05-29,14200.4,33.44
NIFTYINDIACORPORATEGROUPINDEXTATAGROUP25CAP,NIFTY India Corporate Group Index - Tata Group 25% Cap,Strategy / Thematic / Other,2026-06-30,2026-06-30,13974,32.91
NIFTYINDIACORPORATEGROUPINDEXTATAGROUP25CAP,NIFTY India Corporate Group Index - Tata Group 25% Cap,Strategy / Thematic / Other,2026-07-31,2026-07-31,14631.3,34.09
NIFTYINDIACORPORATEGROUPINDEXTATAGROUP25CAP,NIFTY India Corporate Group Index - Tata Group 25% Cap,Strategy / Thematic / Other,2026-08-31,2026-08-31,14540.2,34.36
NIFTYINDIADEFENCE,NIFTY India Defence,Strategy / Thematic / Other,2022-01-31,2022-01-31,1391.42,23.32
NIFTYINDIADEFENCE,NIFTY India Defence,Strategy / Thematic / Other,2022-02-28,2022-02-28,1303.35,20.19
NIFTYINDIADEFENCE,NIFTY India Defence,Strategy / Thematic / Other,2022-03-31,2022-03-31,1434.58,21.94
NIFTYINDIADEFENCE,NIFTY India Defence,Strategy / Thematic / Other,2022-04-30,2022-04-29,1564.59,22.82
NIFTYINDIADEFENCE,NIFTY India Defence,Strategy / Thematic / Other,2022-05-31,2022-05-31,1553.68,20.1
NIFTYINDIADEFENCE,NIFTY India Defence,Strategy / Thematic / Other,2022-06-30,2022-06-30,1489.57,20.38
NIFTYINDIADEFENCE,NIFTY India Defence,Strategy / Thematic / Other,2022-07-31,2022-07-29,1675.16,22.08
NIFTYINDIADEFENCE,NIFTY India Defence,Strategy / Thematic / Other,2022-08-31,2022-08-30,1948.22,24.25
NIFTYINDIADEFENCE,NIFTY India Defence,Strategy / Thematic / Other,2022-09-30,2022-09-30,2043.09,25.76
NIFTYINDIADEFENCE,NIFTY India Defence,Strategy / Thematic / Other,2022-10-31,2022-10-31,2193.3,27.65
NIFTYINDIADEFENCE,NIFTY India Defence,Strategy / Thematic / Other,2022-11-30,2022-11-30,2297.55,27.23
NIFTYINDIADEFENCE,NIFTY India Defence,Strategy / Thematic / Other,2022-12-31,2022-12-30,2206.48,25.98
NIFTYINDIADEFENCE,NIFTY India Defence,Strategy / Thematic / Other,2023-01-31,2023-01-31,2174.38,24.77
NIFTYINDIADEFENCE,NIFTY India Defence,Strategy / Thematic / Other,2023-02-28,2023-02-28,2109.31,23.91
NIFTYINDIADEFENCE,NIFTY India Defence,Strategy / Thematic / Other,2023-03-31,2023-03-31,2131.67,24.86
NIFTYINDIADEFENCE,NIFTY India Defence,Strategy / Thematic / Other,2023-04-30,2023-04-28,2300.32,26.82
NIFTYINDIADEFENCE,NIFTY India Defence,Strategy / Thematic / Other,2023-05-31,2023-05-31,2410.06,29.3
NIFTYINDIADEFENCE,NIFTY India Defence,Strategy / Thematic / Other,2023-06-30,2023-06-30,2722.13,32.91
NIFTYINDIADEFENCE,NIFTY India Defence,Strategy / Thematic / Other,2023-07-31,2023-07-31,2965.9,35.41
NIFTYINDIADEFENCE,NIFTY India Defence,Strategy / Thematic / Other,2023-08-31,2023-08-31,3215.72,37.29
NIFTYINDIADEFENCE,NIFTY India Defence,Strategy / Thematic / Other,2023-09-30,2023-09-29,3272.91,36.95
NIFTYINDIADEFENCE,NIFTY India Defence,Strategy / Thematic / Other,2023-10-31,2023-10-31,3184.31,35.49
NIFTYINDIADEFENCE,NIFTY India Defence,Strategy / Thematic / Other,2023-11-30,2023-11-30,3646.49,39.28
NIFTYINDIADEFENCE,NIFTY India Defence,Strategy / Thematic / Other,2023-12-31,2023-12-29,4175.46,45.95
NIFTYINDIADEFENCE,NIFTY India Defence,Strategy / Thematic / Other,2024-01-31,2024-01-31,4310.63,46.23
NIFTYINDIADEFENCE,NIFTY India Defence,Strategy / Thematic / Other,2024-02-29,2024-02-29,4448.97,45.8
NIFTYINDIADEFENCE,NIFTY India Defence,Strategy / Thematic / Other,2024-03-31,2024-03-28,4636.14,47.69
NIFTYINDIADEFENCE,NIFTY India Defence,Strategy / Thematic / Other,2024-04-30,2024-04-30,5399.43,55.54
NIFTYINDIADEFENCE,NIFTY India Defence,Strategy / Thematic / Other,2024-05-31,2024-05-31,6641.43,58.72
NIFTYINDIADEFENCE,NIFTY India Defence,Strategy / Thematic / Other,2024-06-30,2024-06-28,7283.69,64.36
NIFTYINDIADEFENCE,NIFTY India Defence,Strategy / Thematic / Other,2024-07-31,2024-07-31,7633.79,66.25
NIFTYINDIADEFENCE,NIFTY India Defence,Strategy / Thematic / Other,2024-08-31,2024-08-30,6928.69,56.87
NIFTYINDIADEFENCE,NIFTY India Defence,Strategy / Thematic / Other,2024-09-30,2024-09-30,6658.36,53.86
NIFTYINDIADEFENCE,NIFTY India Defence,Strategy / Thematic / Other,2024-10-31,2024-10-31,6347.4,50.65
NIFTYINDIADEFENCE,NIFTY India Defence,Strategy / Thematic / Other,2024-11-30,2024-11-29,6706.75,51.76
NIFTYINDIADEFENCE,NIFTY India Defence,Strategy / Thematic / Other,2024-12-31,2024-12-31,6493.85,49.94
NIFTYINDIADEFENCE,NIFTY India Defence,Strategy / Thematic / Other,2025-01-31,2025-01-31,6394.15,49.44
NIFTYINDIADEFENCE,NIFTY India Defence,Strategy / Thematic / Other,2025-02-28,2025-02-28,5131.8,38.04
NIFTYINDIADEFENCE,NIFTY India Defence,Strategy / Thematic / Other,2025-03-31,2025-03-28,6393.9,47
NIFTYINDIADEFENCE,NIFTY India Defence,Strategy / Thematic / Other,2025-04-30,2025-04-30,7128.8,52.35
NIFTYINDIADEFENCE,NIFTY India Defence,Strategy / Thematic / Other,2025-05-31,2025-05-30,8685.6,61.24
NIFTYINDIADEFENCE,NIFTY India Defence,Strategy / Thematic / Other,2025-06-30,2025-06-30,8870.4,61.65
NIFTYINDIADEFENCE,NIFTY India Defence,Strategy / Thematic / Other,2025-07-31,2025-07-31,7776.6,54.41
NIFTYINDIADEFENCE,NIFTY India Defence,Strategy / Thematic / Other,2025-08-31,2025-08-29,7410.25,51.44
NIFTYINDIADEFENCE,NIFTY India Defence,Strategy / Thematic / Other,2025-09-30,2025-09-30,7850.25,54.27
NIFTYINDIADEFENCE,NIFTY India Defence,Strategy / Thematic / Other,2025-10-31,2025-10-31,8135.2,55.83
NIFTYINDIADEFENCE,NIFTY India Defence,Strategy / Thematic / Other,2025-11-30,2025-11-28,8009.85,53.76
NIFTYINDIADEFENCE,NIFTY India Defence,Strategy / Thematic / Other,2025-12-31,2025-12-31,7747.4,51.77
NIFTYINDIADEFENCE,NIFTY India Defence,Strategy / Thematic / Other,2026-01-31,2026-01-30,8184,54.07
NIFTYINDIADEFENCE,NIFTY India Defence,Strategy / Thematic / Other,2026-02-28,2026-02-27,8126.8,52.26
NIFTYINDIADEFENCE,NIFTY India Defence,Strategy / Thematic / Other,2026-03-31,2026-03-30,7214.3,45.72
NIFTYINDIADEFENCE,NIFTY India Defence,Strategy / Thematic / Other,2026-04-30,2026-04-30,8973.45,56.72
NIFTYINDIADEFENCE,NIFTY India Defence,Strategy / Thematic / Other,2026-05-31,2026-05-29,9107.5,55.67
NIFTYINDIADEFENCE,NIFTY India Defence,Strategy / Thematic / Other,2026-06-30,2026-06-30,9519.4,57.67
NIFTYINDIADEFENCE,NIFTY India Defence,Strategy / Thematic / Other,2026-07-31,2026-07-31,9331.15,56.12
NIFTYINDIADEFENCE,NIFTY India Defence,Strategy / Thematic / Other,2026-08-31,2026-08-31,9718.4,58.65
NIFTYINDIADEFENCEEQUALWEIGHT,NIFTY India Defence Equal Weight,Strategy / Thematic / Other,2026-08-31,2026-08-31,9090.74,79.75
NIFTYINDIADIGITAL,NIFTY India Digital,Strategy / Thematic / Other,2021-12-31,2021-12-31,7242.65,
NIFTYINDIADIGITAL,NIFTY India Digital,Strategy / Thematic / Other,2022-01-31,2022-01-31,6507.7,
NIFTYINDIADIGITAL,NIFTY India Digital,Strategy / Thematic / Other,2022-02-28,2022-02-28,6148.8,
NIFTYINDIADIGITAL,NIFTY India Digital,Strategy / Thematic / Other,2022-03-31,2022-03-31,6396.8,561.12
NIFTYINDIADIGITAL,NIFTY India Digital,Strategy / Thematic / Other,2022-04-30,2022-04-29,5949.45,343.36
NIFTYINDIADIGITAL,NIFTY India Digital,Strategy / Thematic / Other,2022-05-31,2022-05-31,5586.3,125.47
NIFTYINDIADIGITAL,NIFTY India Digital,Strategy / Thematic / Other,2022-06-30,2022-06-30,5090.65,85.07
NIFTYINDIADIGITAL,NIFTY India Digital,Strategy / Thematic / Other,2022-07-31,2022-07-29,5321.2,86.42
NIFTYINDIADIGITAL,NIFTY India Digital,Strategy / Thematic / Other,2022-08-31,2022-08-30,5470.55,83.03
NIFTYINDIADIGITAL,NIFTY India Digital,Strategy / Thematic / Other,2022-09-30,2022-09-30,5275.9,62.54
NIFTYINDIADIGITAL,NIFTY India Digital,Strategy / Thematic / Other,2022-10-31,2022-10-31,5414,62.66
NIFTYINDIADIGITAL,NIFTY India Digital,Strategy / Thematic / Other,2022-11-30,2022-11-30,5568.6,186.51
NIFTYINDIADIGITAL,NIFTY India Digital,Strategy / Thematic / Other,2022-12-31,2022-12-30,5261.1,150.85
NIFTYINDIADIGITAL,NIFTY India Digital,Strategy / Thematic / Other,2023-01-31,2023-01-31,5187.55,136.02
NIFTYINDIADIGITAL,NIFTY India Digital,Strategy / Thematic / Other,2023-02-28,2023-02-28,5199.1,124.56
NIFTYINDIADIGITAL,NIFTY India Digital,Strategy / Thematic / Other,2023-03-31,2023-03-31,5117.3,161.2
NIFTYINDIADIGITAL,NIFTY India Digital,Strategy / Thematic / Other,2023-04-30,2023-04-28,5247.95,159.44
NIFTYINDIADIGITAL,NIFTY India Digital,Strategy / Thematic / Other,2023-05-31,2023-05-31,5574.4,191.01
NIFTYINDIADIGITAL,NIFTY India Digital,Strategy / Thematic / Other,2023-06-30,2023-06-30,5928.5,113.86
NIFTYINDIADIGITAL,NIFTY India Digital,Strategy / Thematic / Other,2023-07-31,2023-07-31,6058.4,110.89
NIFTYINDIADIGITAL,NIFTY India Digital,Strategy / Thematic / Other,2023-08-31,2023-08-31,6261.45,115.63
NIFTYINDIADIGITAL,NIFTY India Digital,Strategy / Thematic / Other,2023-09-30,2023-09-29,6446.4,118.89
NIFTYINDIADIGITAL,NIFTY India Digital,Strategy / Thematic / Other,2023-10-31,2023-10-31,6275.55,122.98
NIFTYINDIADIGITAL,NIFTY India Digital,Strategy / Thematic / Other,2023-11-30,2023-11-30,6844.4,123.95
NIFTYINDIADIGITAL,NIFTY India Digital,Strategy / Thematic / Other,2023-12-31,2023-12-29,7287.85,143.63
NIFTYINDIADIGITAL,NIFTY India Digital,Strategy / Thematic / Other,2024-01-31,2024-01-31,7641.6,150.62
NIFTYINDIADIGITAL,NIFTY India Digital,Strategy / Thematic / Other,2024-02-29,2024-02-29,7781.65,141.26
NIFTYINDIADIGITAL,NIFTY India Digital,Strategy / Thematic / Other,2024-03-31,2024-03-28,7700.15,124.79
NIFTYINDIADIGITAL,NIFTY India Digital,Strategy / Thematic / Other,2024-04-30,2024-04-30,7701.65,123.18
NIFTYINDIADIGITAL,NIFTY India Digital,Strategy / Thematic / Other,2024-05-31,2024-05-31,7540.25,
NIFTYINDIADIGITAL,NIFTY India Digital,Strategy / Thematic / Other,2024-06-30,2024-06-28,8347.75,451.6
NIFTYINDIADIGITAL,NIFTY India Digital,Strategy / Thematic / Other,2024-07-31,2024-07-31,9018.1,499.96
NIFTYINDIADIGITAL,NIFTY India Digital,Strategy / Thematic / Other,2024-08-31,2024-08-30,9566.1,331.67
NIFTYINDIADIGITAL,NIFTY India Digital,Strategy / Thematic / Other,2024-09-30,2024-09-30,9481.25,1981.55
NIFTYINDIADIGITAL,NIFTY India Digital,Strategy / Thematic / Other,2024-10-31,2024-10-31,8967.2,417.2
NIFTYINDIADIGITAL,NIFTY India Digital,Strategy / Thematic / Other,2024-11-30,2024-11-29,9532.9,333.3
NIFTYINDIADIGITAL,NIFTY India Digital,Strategy / Thematic / Other,2024-12-31,2024-12-31,9713.4,19041.1
NIFTYINDIADIGITAL,NIFTY India Digital,Strategy / Thematic / Other,2025-01-31,2025-01-31,9087.75,1546.86
NIFTYINDIADIGITAL,NIFTY India Digital,Strategy / Thematic / Other,2025-02-28,2025-02-28,8076.4,390.7
NIFTYINDIADIGITAL,NIFTY India Digital,Strategy / Thematic / Other,2025-03-31,2025-03-28,8261.9,235.63
NIFTYINDIADIGITAL,NIFTY India Digital,Strategy / Thematic / Other,2025-04-30,2025-04-30,8418.05,104.14
NIFTYINDIADIGITAL,NIFTY India Digital,Strategy / Thematic / Other,2025-05-31,2025-05-30,8758.5,97.39
NIFTYINDIADIGITAL,NIFTY India Digital,Strategy / Thematic / Other,2025-06-30,2025-06-30,9233.4,88.56
NIFTYINDIADIGITAL,NIFTY India Digital,Strategy / Thematic / Other,2025-07-31,2025-07-31,8885.75,78.6
NIFTYINDIADIGITAL,NIFTY India Digital,Strategy / Thematic / Other,2025-08-31,2025-08-29,8862.85,77.92
NIFTYINDIADIGITAL,NIFTY India Digital,Strategy / Thematic / Other,2025-09-30,2025-09-30,8702.3,63.38
NIFTYINDIADIGITAL,NIFTY India Digital,Strategy / Thematic / Other,2025-10-31,2025-10-31,9243.6,67.05
NIFTYINDIADIGITAL,NIFTY India Digital,Strategy / Thematic / Other,2025-11-30,2025-11-28,9419.7,66.36
NIFTYINDIADIGITAL,NIFTY India Digital,Strategy / Thematic / Other,2025-12-31,2025-12-31,9422.55,69.76
NIFTYINDIADIGITAL,NIFTY India Digital,Strategy / Thematic / Other,2026-01-31,2026-01-30,9018.65,65.84
NIFTYINDIADIGITAL,NIFTY India Digital,Strategy / Thematic / Other,2026-02-28,2026-02-27,7858.65,58.14
NIFTYINDIADIGITAL,NIFTY India Digital,Strategy / Thematic / Other,2026-03-31,2026-03-30,7268.6,52.26
NIFTYINDIADIGITAL,NIFTY India Digital,Strategy / Thematic / Other,2026-04-30,2026-04-30,7760.6,54.29
NIFTYINDIADIGITAL,NIFTY India Digital,Strategy / Thematic / Other,2026-05-31,2026-05-29,7868.7,28.84
NIFTYINDIADIGITAL,NIFTY India Digital,Strategy / Thematic / Other,2026-06-30,2026-06-30,7657.05,27.08
NIFTYINDIADIGITAL,NIFTY India Digital,Strategy / Thematic / Other,2026-07-31,2026-07-31,8513.75,29.38
NIFTYINDIADIGITAL,NIFTY India Digital,Strategy / Thematic / Other,2026-08-31,2026-08-31,8863.25,29.58
NIFTYINDIAFPI150,NIFTY India FPI 150,Broad Market,2025-08-31,2025-08-29,1506.73,23.71
NIFTYINDIAFPI150,NIFTY India FPI 150,Broad Market,2025-09-30,2025-09-30,1523.84,24
NIFTYINDIAFPI150,NIFTY India FPI 150,Broad Market,2025-10-31,2025-10-31,1596.45,24.82
NIFTYINDIAFPI150,NIFTY India FPI 150,Broad Market,2025-11-30,2025-11-28,1621.3,24.69
NIFTYINDIAFPI150,NIFTY India FPI 150,Broad Market,2025-12-31,2025-12-31,1620.65,24.91
NIFTYINDIAFPI150,NIFTY India FPI 150,Broad Market,2026-01-31,2026-01-30,1567.95,24.02
NIFTYINDIAFPI150,NIFTY India FPI 150,Broad Market,2026-02-28,2026-02-27,1565.25,23.96
NIFTYINDIAFPI150,NIFTY India FPI 150,Broad Market,2026-03-31,2026-03-30,1401.15,21.55
NIFTYINDIAFPI150,NIFTY India FPI 150,Broad Market,2026-04-30,2026-04-30,1532.65,23.38
NIFTYINDIAFPI150,NIFTY India FPI 150,Broad Market,2026-05-31,2026-05-29,1528.9,22.08
NIFTYINDIAFPI150,NIFTY India FPI 150,Broad Market,2026-06-30,2026-06-30,1536.1,22.03
NIFTYINDIAFPI150,NIFTY India FPI 150,Broad Market,2026-07-31,2026-07-31,1580.5,22.92
NIFTYINDIAFPI150,NIFTY India FPI 150,Broad Market,2026-08-31,2026-08-31,1568.5,22.45
NIFTYINDIAINFRASTRUCTURELOGISTICS,NIFTY India Infrastructure & Logistics,Strategy / Thematic / Other,2025-06-30,2025-06-30,11813.33,31.47
NIFTYINDIAINFRASTRUCTURELOGISTICS,NIFTY India Infrastructure & Logistics,Strategy / Thematic / Other,2025-07-31,2025-07-31,11328.15,29.88
NIFTYINDIAINFRASTRUCTURELOGISTICS,NIFTY India Infrastructure & Logistics,Strategy / Thematic / Other,2025-08-31,2025-08-29,10959.22,28.84
NIFTYINDIAINFRASTRUCTURELOGISTICS,NIFTY India Infrastructure & Logistics,Strategy / Thematic / Other,2025-09-30,2025-09-30,11276.94,30.27
NIFTYINDIAINFRASTRUCTURELOGISTICS,NIFTY India Infrastructure & Logistics,Strategy / Thematic / Other,2025-10-31,2025-10-31,11696.66,31.37
NIFTYINDIAINFRASTRUCTURELOGISTICS,NIFTY India Infrastructure & Logistics,Strategy / Thematic / Other,2025-11-30,2025-11-28,11474.45,30.49
NIFTYINDIAINFRASTRUCTURELOGISTICS,NIFTY India Infrastructure & Logistics,Strategy / Thematic / Other,2025-12-31,2025-12-31,11311.95,30.03
NIFTYINDIAINFRASTRUCTURELOGISTICS,NIFTY India Infrastructure & Logistics,Strategy / Thematic / Other,2026-01-31,2026-01-30,11068,29.62
NIFTYINDIAINFRASTRUCTURELOGISTICS,NIFTY India Infrastructure & Logistics,Strategy / Thematic / Other,2026-02-28,2026-02-27,11431.15,31.85
NIFTYINDIAINFRASTRUCTURELOGISTICS,NIFTY India Infrastructure & Logistics,Strategy / Thematic / Other,2026-03-31,2026-03-30,10191.85,29.66
NIFTYINDIAINFRASTRUCTURELOGISTICS,NIFTY India Infrastructure & Logistics,Strategy / Thematic / Other,2026-04-30,2026-04-30,11945.5,34.77
NIFTYINDIAINFRASTRUCTURELOGISTICS,NIFTY India Infrastructure & Logistics,Strategy / Thematic / Other,2026-05-31,2026-05-29,12200.8,29.38
NIFTYINDIAINFRASTRUCTURELOGISTICS,NIFTY India Infrastructure & Logistics,Strategy / Thematic / Other,2026-06-30,2026-06-30,12310.3,30.23
NIFTYINDIAINFRASTRUCTURELOGISTICS,NIFTY India Infrastructure & Logistics,Strategy / Thematic / Other,2026-07-31,2026-07-31,12100.5,29.56
NIFTYINDIAINFRASTRUCTURELOGISTICS,NIFTY India Infrastructure & Logistics,Strategy / Thematic / Other,2026-08-31,2026-08-31,11990.65,28.25
NIFTYINDIAINTERNET,NIFTY India Internet,Strategy / Thematic / Other,2025-05-31,2025-05-30,1281,108.04
NIFTYINDIAINTERNET,NIFTY India Internet,Strategy / Thematic / Other,2025-06-30,2025-06-30,1355.15,111.57
NIFTYINDIAINTERNET,NIFTY India Internet,Strategy / Thematic / Other,2025-07-31,2025-07-31,1399.92,101.84
NIFTYINDIAINTERNET,NIFTY India Internet,Strategy / Thematic / Other,2025-08-31,2025-08-29,1409.75,105.72
NIFTYINDIAINTERNET,NIFTY India Internet,Strategy / Thematic / Other,2025-09-30,2025-09-30,1396.63,128.96
NIFTYINDIAINTERNET,NIFTY India Internet,Strategy / Thematic / Other,2025-10-31,2025-10-31,1463.46,159.65
NIFTYINDIAINTERNET,NIFTY India Internet,Strategy / Thematic / Other,2025-11-30,2025-11-28,1441.45,191.4
NIFTYINDIAINTERNET,NIFTY India Internet,Strategy / Thematic / Other,2025-12-31,2025-12-31,1402.4,291.78
NIFTYINDIAINTERNET,NIFTY India Internet,Strategy / Thematic / Other,2026-01-31,2026-01-30,1286,258.44
NIFTYINDIAINTERNET,NIFTY India Internet,Strategy / Thematic / Other,2026-02-28,2026-02-27,1182.45,203.31
NIFTYINDIAINTERNET,NIFTY India Internet,Strategy / Thematic / Other,2026-03-31,2026-03-30,1075.85,190.12
NIFTYINDIAINTERNET,NIFTY India Internet,Strategy / Thematic / Other,2026-04-30,2026-04-30,1210,198.33
NIFTYINDIAINTERNET,NIFTY India Internet,Strategy / Thematic / Other,2026-05-31,2026-05-29,1212.1,149.18
NIFTYINDIAINTERNET,NIFTY India Internet,Strategy / Thematic / Other,2026-06-30,2026-06-30,1258.35,160.67
NIFTYINDIAINTERNET,NIFTY India Internet,Strategy / Thematic / Other,2026-07-31,2026-07-31,1355.75,156.23
NIFTYINDIAINTERNET,NIFTY India Internet,Strategy / Thematic / Other,2026-08-31,2026-08-31,1479.45,160.11
NIFTYINDIAINTERNETECOMMERCE,NIFTY India Internet & E-Commerce,Strategy / Thematic / Other,2025-03-31,2025-03-28,1147.73,91.46
NIFTYINDIAINTERNETECOMMERCE,NIFTY India Internet & E-Commerce,Strategy / Thematic / Other,2025-04-30,2025-04-30,1208.02,105.55
NIFTYINDIAMANUFACTURING,NIFTY India Manufacturing,Strategy / Thematic / Other,2021-08-31,2021-08-31,7677.98,20.9
NIFTYINDIAMANUFACTURING,NIFTY India Manufacturing,Strategy / Thematic / Other,2021-09-30,2021-09-30,7897.43,21.45
NIFTYINDIAMANUFACTURING,NIFTY India Manufacturing,Strategy / Thematic / Other,2021-10-31,2021-10-29,7954.94,20.98
NIFTYINDIAMANUFACTURING,NIFTY India Manufacturing,Strategy / Thematic / Other,2021-11-30,2021-11-30,7601.3,17.97
NIFTYINDIAMANUFACTURING,NIFTY India Manufacturing,Strategy / Thematic / Other,2021-12-31,2021-12-31,7931.99,18.84
NIFTYINDIAMANUFACTURING,NIFTY India Manufacturing,Strategy / Thematic / Other,2022-01-31,2022-01-31,7897.7,18.64
NIFTYINDIAMANUFACTURING,NIFTY India Manufacturing,Strategy / Thematic / Other,2022-02-28,2022-02-28,7697.55,17.28
NIFTYINDIAMANUFACTURING,NIFTY India Manufacturing,Strategy / Thematic / Other,2022-03-31,2022-03-31,7963.05,19.03
NIFTYINDIAMANUFACTURING,NIFTY India Manufacturing,Strategy / Thematic / Other,2022-04-30,2022-04-29,8070.5,19.28
NIFTYINDIAMANUFACTURING,NIFTY India Manufacturing,Strategy / Thematic / Other,2022-05-31,2022-05-31,7673.95,17.42
NIFTYINDIAMANUFACTURING,NIFTY India Manufacturing,Strategy / Thematic / Other,2022-06-30,2022-06-30,7286.05,15.95
NIFTYINDIAMANUFACTURING,NIFTY India Manufacturing,Strategy / Thematic / Other,2022-07-31,2022-07-29,8012.5,17.91
NIFTYINDIAMANUFACTURING,NIFTY India Manufacturing,Strategy / Thematic / Other,2022-08-31,2022-08-30,8393.55,19.18
NIFTYINDIAMANUFACTURING,NIFTY India Manufacturing,Strategy / Thematic / Other,2022-09-30,2022-09-30,8158,18.96
NIFTYINDIAMANUFACTURING,NIFTY India Manufacturing,Strategy / Thematic / Other,2022-10-31,2022-10-31,8390.85,20.1
NIFTYINDIAMANUFACTURING,NIFTY India Manufacturing,Strategy / Thematic / Other,2022-11-30,2022-11-30,8542.75,22.58
NIFTYINDIAMANUFACTURING,NIFTY India Manufacturing,Strategy / Thematic / Other,2022-12-31,2022-12-30,8241.75,21.76
NIFTYINDIAMANUFACTURING,NIFTY India Manufacturing,Strategy / Thematic / Other,2023-01-31,2023-01-31,8286.3,22.04
NIFTYINDIAMANUFACTURING,NIFTY India Manufacturing,Strategy / Thematic / Other,2023-02-28,2023-02-28,7943.6,24.14
NIFTYINDIAMANUFACTURING,NIFTY India Manufacturing,Strategy / Thematic / Other,2023-03-31,2023-03-31,7948.1,24.07
NIFTYINDIAMANUFACTURING,NIFTY India Manufacturing,Strategy / Thematic / Other,2023-04-30,2023-04-28,8340.65,25.15
NIFTYINDIAMANUFACTURING,NIFTY India Manufacturing,Strategy / Thematic / Other,2023-05-31,2023-05-31,8680.4,25.94
NIFTYINDIAMANUFACTURING,NIFTY India Manufacturing,Strategy / Thematic / Other,2023-06-30,2023-06-30,9204.15,27.74
NIFTYINDIAMANUFACTURING,NIFTY India Manufacturing,Strategy / Thematic / Other,2023-07-31,2023-07-31,9679.75,26.83
NIFTYINDIAMANUFACTURING,NIFTY India Manufacturing,Strategy / Thematic / Other,2023-08-31,2023-08-31,9709.65,25.62
NIFTYINDIAMANUFACTURING,NIFTY India Manufacturing,Strategy / Thematic / Other,2023-09-30,2023-09-29,9796.8,25.9
NIFTYINDIAMANUFACTURING,NIFTY India Manufacturing,Strategy / Thematic / Other,2023-10-31,2023-10-31,9428.75,23.24
NIFTYINDIAMANUFACTURING,NIFTY India Manufacturing,Strategy / Thematic / Other,2023-11-30,2023-11-30,10305.05,25.2
NIFTYINDIAMANUFACTURING,NIFTY India Manufacturing,Strategy / Thematic / Other,2023-12-31,2023-12-29,11037.95,26.92
NIFTYINDIAMANUFACTURING,NIFTY India Manufacturing,Strategy / Thematic / Other,2024-01-31,2024-01-31,11282.45,25.93
NIFTYINDIAMANUFACTURING,NIFTY India Manufacturing,Strategy / Thematic / Other,2024-02-29,2024-02-29,11748.25,26.3
NIFTYINDIAMANUFACTURING,NIFTY India Manufacturing,Strategy / Thematic / Other,2024-03-31,2024-03-28,12240,27.65
NIFTYINDIAMANUFACTURING,NIFTY India Manufacturing,Strategy / Thematic / Other,2024-04-30,2024-04-30,12970,29.21
NIFTYINDIAMANUFACTURING,NIFTY India Manufacturing,Strategy / Thematic / Other,2024-05-31,2024-05-31,13684.95,29.83
NIFTYINDIAMANUFACTURING,NIFTY India Manufacturing,Strategy / Thematic / Other,2024-06-30,2024-06-28,14622.1,30.87
NIFTYINDIAMANUFACTURING,NIFTY India Manufacturing,Strategy / Thematic / Other,2024-07-31,2024-07-31,15194.2,33.15
NIFTYINDIAMANUFACTURING,NIFTY India Manufacturing,Strategy / Thematic / Other,2024-08-31,2024-08-30,15177.15,33.13
NIFTYINDIAMANUFACTURING,NIFTY India Manufacturing,Strategy / Thematic / Other,2024-09-30,2024-09-30,15612.05,34.09
NIFTYINDIAMANUFACTURING,NIFTY India Manufacturing,Strategy / Thematic / Other,2024-10-31,2024-10-31,14210.05,32.93
NIFTYINDIAMANUFACTURING,NIFTY India Manufacturing,Strategy / Thematic / Other,2024-11-30,2024-11-29,14093.1,30.08
NIFTYINDIAMANUFACTURING,NIFTY India Manufacturing,Strategy / Thematic / Other,2024-12-31,2024-12-31,13822.55,29.3
NIFTYINDIAMANUFACTURING,NIFTY India Manufacturing,Strategy / Thematic / Other,2025-01-31,2025-01-31,13305.5,28.4
NIFTYINDIAMANUFACTURING,NIFTY India Manufacturing,Strategy / Thematic / Other,2025-02-28,2025-02-28,12116.85,25.03
NIFTYINDIAMANUFACTURING,NIFTY India Manufacturing,Strategy / Thematic / Other,2025-03-31,2025-03-28,13097.55,27.47
NIFTYINDIAMANUFACTURING,NIFTY India Manufacturing,Strategy / Thematic / Other,2025-04-30,2025-04-30,13505.35,28.3
NIFTYINDIAMANUFACTURING,NIFTY India Manufacturing,Strategy / Thematic / Other,2025-05-31,2025-05-30,14149.85,29.33
NIFTYINDIAMANUFACTURING,NIFTY India Manufacturing,Strategy / Thematic / Other,2025-06-30,2025-06-30,14548.8,29.23
NIFTYINDIAMANUFACTURING,NIFTY India Manufacturing,Strategy / Thematic / Other,2025-07-31,2025-07-31,14228.45,28.12
NIFTYINDIAMANUFACTURING,NIFTY India Manufacturing,Strategy / Thematic / Other,2025-08-31,2025-08-29,14236.85,27.18
NIFTYINDIAMANUFACTURING,NIFTY India Manufacturing,Strategy / Thematic / Other,2025-09-30,2025-09-30,14768.15,28.55
NIFTYINDIAMANUFACTURING,NIFTY India Manufacturing,Strategy / Thematic / Other,2025-10-31,2025-10-31,15255.8,28.62
NIFTYINDIAMANUFACTURING,NIFTY India Manufacturing,Strategy / Thematic / Other,2025-11-30,2025-11-28,15305,28.07
NIFTYINDIAMANUFACTURING,NIFTY India Manufacturing,Strategy / Thematic / Other,2025-12-31,2025-12-31,15412.5,28.37
NIFTYINDIAMANUFACTURING,NIFTY India Manufacturing,Strategy / Thematic / Other,2026-01-31,2026-01-30,15055.7,27.26
NIFTYINDIAMANUFACTURING,NIFTY India Manufacturing,Strategy / Thematic / Other,2026-02-28,2026-02-27,15771.55,28.64
NIFTYINDIAMANUFACTURING,NIFTY India Manufacturing,Strategy / Thematic / Other,2026-03-31,2026-03-30,14032.55,25.69
NIFTYINDIAMANUFACTURING,NIFTY India Manufacturing,Strategy / Thematic / Other,2026-04-30,2026-04-30,15550.3,28.45
NIFTYINDIAMANUFACTURING,NIFTY India Manufacturing,Strategy / Thematic / Other,2026-05-31,2026-05-29,15889.9,27.27
NIFTYINDIAMANUFACTURING,NIFTY India Manufacturing,Strategy / Thematic / Other,2026-06-30,2026-06-30,15876,27.04
NIFTYINDIAMANUFACTURING,NIFTY India Manufacturing,Strategy / Thematic / Other,2026-07-31,2026-07-31,16328.9,28.44
NIFTYINDIAMANUFACTURING,NIFTY India Manufacturing,Strategy / Thematic / Other,2026-08-31,2026-08-31,16582.95,28.65
NIFTYINDIANEWAGECONSUMPTION,NIFTY India New Age Consumption,Strategy / Thematic / Other,2024-10-31,2024-10-31,11289.32,57.6
NIFTYINDIANEWAGECONSUMPTION,NIFTY India New Age Consumption,Strategy / Thematic / Other,2024-11-30,2024-11-29,11564.68,58.16
NIFTYINDIANEWAGECONSUMPTION,NIFTY India New Age Consumption,Strategy / Thematic / Other,2024-12-31,2024-12-31,11772.7,54.65
NIFTYINDIANEWAGECONSUMPTION,NIFTY India New Age Consumption,Strategy / Thematic / Other,2025-01-31,2025-01-31,10906.3,49.55
NIFTYINDIANEWAGECONSUMPTION,NIFTY India New Age Consumption,Strategy / Thematic / Other,2025-02-28,2025-02-28,9932.7,42.94
NIFTYINDIANEWAGECONSUMPTION,NIFTY India New Age Consumption,Strategy / Thematic / Other,2025-03-31,2025-03-28,10470.25,49.14
NIFTYINDIANEWAGECONSUMPTION,NIFTY India New Age Consumption,Strategy / Thematic / Other,2025-04-30,2025-04-30,10917.45,47.89
NIFTYINDIANEWAGECONSUMPTION,NIFTY India New Age Consumption,Strategy / Thematic / Other,2025-05-31,2025-05-30,11299.85,49.66
NIFTYINDIANEWAGECONSUMPTION,NIFTY India New Age Consumption,Strategy / Thematic / Other,2025-06-30,2025-06-30,11851.25,51.05
NIFTYINDIANEWAGECONSUMPTION,NIFTY India New Age Consumption,Strategy / Thematic / Other,2025-07-31,2025-07-31,11610.25,49.18
NIFTYINDIANEWAGECONSUMPTION,NIFTY India New Age Consumption,Strategy / Thematic / Other,2025-08-31,2025-08-29,11842.35,49.65
NIFTYINDIANEWAGECONSUMPTION,NIFTY India New Age Consumption,Strategy / Thematic / Other,2025-09-30,2025-09-30,11855.5,51.36
NIFTYINDIANEWAGECONSUMPTION,NIFTY India New Age Consumption,Strategy / Thematic / Other,2025-10-31,2025-10-31,12185.3,52.92
NIFTYINDIANEWAGECONSUMPTION,NIFTY India New Age Consumption,Strategy / Thematic / Other,2025-11-30,2025-11-28,12088.3,55.5
NIFTYINDIANEWAGECONSUMPTION,NIFTY India New Age Consumption,Strategy / Thematic / Other,2025-12-31,2025-12-31,11849.05,55.9
NIFTYINDIANEWAGECONSUMPTION,NIFTY India New Age Consumption,Strategy / Thematic / Other,2026-01-31,2026-01-30,10989,51.96
NIFTYINDIANEWAGECONSUMPTION,NIFTY India New Age Consumption,Strategy / Thematic / Other,2026-02-28,2026-02-27,11133.75,56.63
NIFTYINDIANEWAGECONSUMPTION,NIFTY India New Age Consumption,Strategy / Thematic / Other,2026-03-31,2026-03-30,9703.55,51.5
NIFTYINDIANEWAGECONSUMPTION,NIFTY India New Age Consumption,Strategy / Thematic / Other,2026-04-30,2026-04-30,10929.15,57.75
NIFTYINDIANEWAGECONSUMPTION,NIFTY India New Age Consumption,Strategy / Thematic / Other,2026-05-31,2026-05-29,10921.55,40.98
NIFTYINDIANEWAGECONSUMPTION,NIFTY India New Age Consumption,Strategy / Thematic / Other,2026-06-30,2026-06-30,11398.15,45.44
NIFTYINDIANEWAGECONSUMPTION,NIFTY India New Age Consumption,Strategy / Thematic / Other,2026-07-31,2026-07-31,12012.85,48.02
NIFTYINDIANEWAGECONSUMPTION,NIFTY India New Age Consumption,Strategy / Thematic / Other,2026-08-31,2026-08-31,12205.8,47.96
NIFTYINDIARAILWAYSPSU,NIFTY India Railways PSU,Strategy / Thematic / Other,2024-11-30,2024-11-29,4002.94,31.23
NIFTYINDIARAILWAYSPSU,NIFTY India Railways PSU,Strategy / Thematic / Other,2024-12-31,2024-12-31,3883.38,30.22
NIFTYINDIARAILWAYSPSU,NIFTY India Railways PSU,Strategy / Thematic / Other,2025-01-31,2025-01-31,3990.26,30.69
NIFTYINDIARAILWAYSPSU,NIFTY India Railways PSU,Strategy / Thematic / Other,2025-02-28,2025-02-28,3104.28,24.12
NIFTYINDIARAILWAYSPSU,NIFTY India Railways PSU,Strategy / Thematic / Other,2025-03-31,2025-03-28,3431.2,27.37
NIFTYINDIARAILWAYSPSU,NIFTY India Railways PSU,Strategy / Thematic / Other,2025-04-30,2025-04-30,3438.08,27.45
NIFTYINDIARAILWAYSPSU,NIFTY India Railways PSU,Strategy / Thematic / Other,2025-05-31,2025-05-30,3820.06,30.54
NIFTYINDIARAILWAYSPSU,NIFTY India Railways PSU,Strategy / Thematic / Other,2025-06-30,2025-06-30,3873.96,30.73
NIFTYINDIARAILWAYSPSU,NIFTY India Railways PSU,Strategy / Thematic / Other,2025-07-31,2025-07-31,3560.32,27.9
NIFTYINDIARAILWAYSPSU,NIFTY India Railways PSU,Strategy / Thematic / Other,2025-08-31,2025-08-29,3291.48,25.39
NIFTYINDIARAILWAYSPSU,NIFTY India Railways PSU,Strategy / Thematic / Other,2025-09-30,2025-09-30,3460.19,27.22
NIFTYINDIARAILWAYSPSU,NIFTY India Railways PSU,Strategy / Thematic / Other,2025-10-31,2025-10-31,3503.58,26.93
NIFTYINDIARAILWAYSPSU,NIFTY India Railways PSU,Strategy / Thematic / Other,2025-11-30,2025-11-28,3364.02,25.65
NIFTYINDIARAILWAYSPSU,NIFTY India Railways PSU,Strategy / Thematic / Other,2025-12-31,2025-12-31,3499.08,26.47
NIFTYINDIARAILWAYSPSU,NIFTY India Railways PSU,Strategy / Thematic / Other,2026-01-31,2026-01-30,3396.44,25.29
NIFTYINDIARAILWAYSPSU,NIFTY India Railways PSU,Strategy / Thematic / Other,2026-02-28,2026-02-27,3203.55,23.55
NIFTYINDIARAILWAYSPSU,NIFTY India Railways PSU,Strategy / Thematic / Other,2026-03-31,2026-03-30,2748.95,19.93
NIFTYINDIARAILWAYSPSU,NIFTY India Railways PSU,Strategy / Thematic / Other,2026-04-30,2026-04-30,3209.8,23.28
NIFTYINDIARAILWAYSPSU,NIFTY India Railways PSU,Strategy / Thematic / Other,2026-05-31,2026-05-29,2958.9,21.39
NIFTYINDIARAILWAYSPSU,NIFTY India Railways PSU,Strategy / Thematic / Other,2026-06-30,2026-06-30,2869.5,20.57
NIFTYINDIARAILWAYSPSU,NIFTY India Railways PSU,Strategy / Thematic / Other,2026-07-31,2026-07-31,2868.5,22.11
NIFTYINDIARAILWAYSPSU,NIFTY India Railways PSU,Strategy / Thematic / Other,2026-08-31,2026-08-31,2779.6,21.6
NIFTYINDIASELECT5CORPORATEGROUPSMAATR,NIFTY India Select 5 Corporate Groups (Maatr),Strategy / Thematic / Other,2024-11-30,2024-11-29,36250.87,34.25
NIFTYINDIASELECT5CORPORATEGROUPSMAATR,NIFTY India Select 5 Corporate Groups (Maatr),Strategy / Thematic / Other,2024-12-31,2024-12-31,35211.55,33.89
NIFTYINDIASELECT5CORPORATEGROUPSMAATR,NIFTY India Select 5 Corporate Groups (Maatr),Strategy / Thematic / Other,2025-01-31,2025-01-31,34385.3,32.3
NIFTYINDIASELECT5CORPORATEGROUPSMAATR,NIFTY India Select 5 Corporate Groups (Maatr),Strategy / Thematic / Other,2025-02-28,2025-02-28,31158.55,28.91
NIFTYINDIASELECT5CORPORATEGROUPSMAATR,NIFTY India Select 5 Corporate Groups (Maatr),Strategy / Thematic / Other,2025-03-31,2025-03-28,33407.85,31.16
NIFTYINDIASELECT5CORPORATEGROUPSMAATR,NIFTY India Select 5 Corporate Groups (Maatr),Strategy / Thematic / Other,2025-04-30,2025-04-30,34494.2,31.98
NIFTYINDIASELECT5CORPORATEGROUPSMAATR,NIFTY India Select 5 Corporate Groups (Maatr),Strategy / Thematic / Other,2025-05-31,2025-05-30,35551.65,32.79
NIFTYINDIASELECT5CORPORATEGROUPSMAATR,NIFTY India Select 5 Corporate Groups (Maatr),Strategy / Thematic / Other,2025-06-30,2025-06-30,37435.4,31.77
NIFTYINDIASELECT5CORPORATEGROUPSMAATR,NIFTY India Select 5 Corporate Groups (Maatr),Strategy / Thematic / Other,2025-07-31,2025-07-31,35691.45,28.86
NIFTYINDIASELECT5CORPORATEGROUPSMAATR,NIFTY India Select 5 Corporate Groups (Maatr),Strategy / Thematic / Other,2025-08-31,2025-08-29,35490.1,28.11
NIFTYINDIASELECT5CORPORATEGROUPSMAATR,NIFTY India Select 5 Corporate Groups (Maatr),Strategy / Thematic / Other,2025-09-30,2025-09-30,36371.45,28.7
NIFTYINDIASELECT5CORPORATEGROUPSMAATR,NIFTY India Select 5 Corporate Groups (Maatr),Strategy / Thematic / Other,2025-10-31,2025-10-31,38088.15,29.88
NIFTYINDIASELECT5CORPORATEGROUPSMAATR,NIFTY India Select 5 Corporate Groups (Maatr),Strategy / Thematic / Other,2025-11-30,2025-11-28,38586.35,29.33
NIFTYINDIASELECT5CORPORATEGROUPSMAATR,NIFTY India Select 5 Corporate Groups (Maatr),Strategy / Thematic / Other,2025-12-31,2025-12-31,38967.95,29.83
NIFTYINDIASELECT5CORPORATEGROUPSMAATR,NIFTY India Select 5 Corporate Groups (Maatr),Strategy / Thematic / Other,2026-01-31,2026-01-30,37452.4,28.77
NIFTYINDIASELECT5CORPORATEGROUPSMAATR,NIFTY India Select 5 Corporate Groups (Maatr),Strategy / Thematic / Other,2026-02-28,2026-02-27,37089.85,28.71
NIFTYINDIASELECT5CORPORATEGROUPSMAATR,NIFTY India Select 5 Corporate Groups (Maatr),Strategy / Thematic / Other,2026-03-31,2026-03-30,33378.9,26.09
NIFTYINDIASELECT5CORPORATEGROUPSMAATR,NIFTY India Select 5 Corporate Groups (Maatr),Strategy / Thematic / Other,2026-04-30,2026-04-30,37968.2,29.57
NIFTYINDIASELECT5CORPORATEGROUPSMAATR,NIFTY India Select 5 Corporate Groups (Maatr),Strategy / Thematic / Other,2026-05-31,2026-05-29,38885.75,25.15
NIFTYINDIASELECT5CORPORATEGROUPSMAATR,NIFTY India Select 5 Corporate Groups (Maatr),Strategy / Thematic / Other,2026-06-30,2026-06-30,38053.05,24.66
NIFTYINDIASELECT5CORPORATEGROUPSMAATR,NIFTY India Select 5 Corporate Groups (Maatr),Strategy / Thematic / Other,2026-07-31,2026-07-31,39356.8,25.6
NIFTYINDIASELECT5CORPORATEGROUPSMAATR,NIFTY India Select 5 Corporate Groups (Maatr),Strategy / Thematic / Other,2026-08-31,2026-08-31,38546.85,23.93
NIFTYINDIATOURISM,NIFTY India Tourism,Strategy / Thematic / Other,2024-06-30,2024-06-28,8487.88,58.42
NIFTYINDIATOURISM,NIFTY India Tourism,Strategy / Thematic / Other,2024-07-31,2024-07-31,8812.35,66.63
NIFTYINDIATOURISM,NIFTY India Tourism,Strategy / Thematic / Other,2024-08-31,2024-08-30,8851.03,66.66
NIFTYINDIATOURISM,NIFTY India Tourism,Strategy / Thematic / Other,2024-09-30,2024-09-30,8981.98,65.74
NIFTYINDIATOURISM,NIFTY India Tourism,Strategy / Thematic / Other,2024-10-31,2024-10-31,8053.7,67.99
NIFTYINDIATOURISM,NIFTY India Tourism,Strategy / Thematic / Other,2024-11-30,2024-11-29,8670.9,69.05
NIFTYINDIATOURISM,NIFTY India Tourism,Strategy / Thematic / Other,2024-12-31,2024-12-31,9133.6,73.76
NIFTYINDIATOURISM,NIFTY India Tourism,Strategy / Thematic / Other,2025-01-31,2025-01-31,8452.35,65.13
NIFTYINDIATOURISM,NIFTY India Tourism,Strategy / Thematic / Other,2025-02-28,2025-02-28,7879.1,59.81
NIFTYINDIATOURISM,NIFTY India Tourism,Strategy / Thematic / Other,2025-03-31,2025-03-28,8546.6,68.99
NIFTYINDIATOURISM,NIFTY India Tourism,Strategy / Thematic / Other,2025-04-30,2025-04-30,8956.15,72.29
NIFTYINDIATOURISM,NIFTY India Tourism,Strategy / Thematic / Other,2025-05-31,2025-05-30,8899.35,66.8
NIFTYINDIATOURISM,NIFTY India Tourism,Strategy / Thematic / Other,2025-06-30,2025-06-30,9289.3,68.73
NIFTYINDIATOURISM,NIFTY India Tourism,Strategy / Thematic / Other,2025-07-31,2025-07-31,9130.85,65.82
NIFTYINDIATOURISM,NIFTY India Tourism,Strategy / Thematic / Other,2025-08-31,2025-08-29,9020,65.31
NIFTYINDIATOURISM,NIFTY India Tourism,Strategy / Thematic / Other,2025-09-30,2025-09-30,8813.5,62.98
NIFTYINDIATOURISM,NIFTY India Tourism,Strategy / Thematic / Other,2025-10-31,2025-10-31,8911.3,65.76
NIFTYINDIATOURISM,NIFTY India Tourism,Strategy / Thematic / Other,2025-11-30,2025-11-28,9020.05,68.99
NIFTYINDIATOURISM,NIFTY India Tourism,Strategy / Thematic / Other,2025-12-31,2025-12-31,8604.05,65.18
NIFTYINDIATOURISM,NIFTY India Tourism,Strategy / Thematic / Other,2026-01-31,2026-01-30,7704.85,61.44
NIFTYINDIATOURISM,NIFTY India Tourism,Strategy / Thematic / Other,2026-02-28,2026-02-27,7795,58.68
NIFTYINDIATOURISM,NIFTY India Tourism,Strategy / Thematic / Other,2026-03-31,2026-03-30,6517.65,48.88
NIFTYINDIATOURISM,NIFTY India Tourism,Strategy / Thematic / Other,2026-04-30,2026-04-30,7332.7,54.95
NIFTYINDIATOURISM,NIFTY India Tourism,Strategy / Thematic / Other,2026-05-31,2026-05-29,7270.3,51.95
NIFTYINDIATOURISM,NIFTY India Tourism,Strategy / Thematic / Other,2026-06-30,2026-06-30,8012.75,77.92
NIFTYINDIATOURISM,NIFTY India Tourism,Strategy / Thematic / Other,2026-07-31,2026-07-31,7872.85,94.66
NIFTYINDIATOURISM,NIFTY India Tourism,Strategy / Thematic / Other,2026-08-31,2026-08-31,7919.65,89.32
NIFTYINFRASTRUCTURE,NIFTY Infrastructure,Strategy / Thematic / Other,2021-04-30,2021-04-30,4053.1,33.64
NIFTYINFRASTRUCTURE,NIFTY Infrastructure,Strategy / Thematic / Other,2021-05-31,2021-05-31,4327.9,25.04
NIFTYINFRASTRUCTURE,NIFTY Infrastructure,Strategy / Thematic / Other,2021-06-30,2021-06-30,4339.25,22.43
NIFTYINFRASTRUCTURE,NIFTY Infrastructure,Strategy / Thematic / Other,2021-07-31,2021-07-30,4432.3,22.27
NIFTYINFRASTRUCTURE,NIFTY Infrastructure,Strategy / Thematic / Other,2021-08-31,2021-08-31,4709.85,19.05
NIFTYINFRASTRUCTURE,NIFTY Infrastructure,Strategy / Thematic / Other,2021-09-30,2021-09-30,5025.35,20.48
NIFTYINFRASTRUCTURE,NIFTY Infrastructure,Strategy / Thematic / Other,2021-10-31,2021-10-29,5045.1,19.23
NIFTYINFRASTRUCTURE,NIFTY Infrastructure,Strategy / Thematic / Other,2021-11-30,2021-11-30,4959.35,17.64
NIFTYINFRASTRUCTURE,NIFTY Infrastructure,Strategy / Thematic / Other,2021-12-31,2021-12-31,4949.9,17.81
NIFTYINFRASTRUCTURE,NIFTY Infrastructure,Strategy / Thematic / Other,2022-01-31,2022-01-31,5056.75,17.93
NIFTYINFRASTRUCTURE,NIFTY Infrastructure,Strategy / Thematic / Other,2022-02-28,2022-02-28,4798.75,15.57
NIFTYINFRASTRUCTURE,NIFTY Infrastructure,Strategy / Thematic / Other,2022-03-31,2022-03-31,5018.55,16.32
NIFTYINFRASTRUCTURE,NIFTY Infrastructure,Strategy / Thematic / Other,2022-04-30,2022-04-29,5127.85,16.69
NIFTYINFRASTRUCTURE,NIFTY Infrastructure,Strategy / Thematic / Other,2022-05-31,2022-05-31,4877.3,15.93
NIFTYINFRASTRUCTURE,NIFTY Infrastructure,Strategy / Thematic / Other,2022-06-30,2022-06-30,4619.8,14.95
NIFTYINFRASTRUCTURE,NIFTY Infrastructure,Strategy / Thematic / Other,2022-07-31,2022-07-29,4890.55,15.59
NIFTYINFRASTRUCTURE,NIFTY Infrastructure,Strategy / Thematic / Other,2022-08-31,2022-08-30,5127.55,17.94
NIFTYINFRASTRUCTURE,NIFTY Infrastructure,Strategy / Thematic / Other,2022-09-30,2022-09-30,4957.85,17.77
NIFTYINFRASTRUCTURE,NIFTY Infrastructure,Strategy / Thematic / Other,2022-10-31,2022-10-31,5234.7,18.99
NIFTYINFRASTRUCTURE,NIFTY Infrastructure,Strategy / Thematic / Other,2022-11-30,2022-11-30,5447.4,21.74
NIFTYINFRASTRUCTURE,NIFTY Infrastructure,Strategy / Thematic / Other,2022-12-31,2022-12-30,5252.1,21.11
NIFTYINFRASTRUCTURE,NIFTY Infrastructure,Strategy / Thematic / Other,2023-01-31,2023-01-31,5061.35,21.05
NIFTYINFRASTRUCTURE,NIFTY Infrastructure,Strategy / Thematic / Other,2023-02-28,2023-02-28,5016.9,20.64
NIFTYINFRASTRUCTURE,NIFTY Infrastructure,Strategy / Thematic / Other,2023-03-31,2023-03-31,5090.95,20.94
NIFTYINFRASTRUCTURE,NIFTY Infrastructure,Strategy / Thematic / Other,2023-04-30,2023-04-28,5356.2,21.84
NIFTYINFRASTRUCTURE,NIFTY Infrastructure,Strategy / Thematic / Other,2023-05-31,2023-05-31,5459.8,22.07
NIFTYINFRASTRUCTURE,NIFTY Infrastructure,Strategy / Thematic / Other,2023-06-30,2023-06-30,5738.7,23.28
NIFTYINFRASTRUCTURE,NIFTY Infrastructure,Strategy / Thematic / Other,2023-07-31,2023-07-31,6115.35,22.43
NIFTYINFRASTRUCTURE,NIFTY Infrastructure,Strategy / Thematic / Other,2023-08-31,2023-08-31,5947,18.78
NIFTYINFRASTRUCTURE,NIFTY Infrastructure,Strategy / Thematic / Other,2023-09-30,2023-09-29,6242.85,19.52
NIFTYINFRASTRUCTURE,NIFTY Infrastructure,Strategy / Thematic / Other,2023-10-31,2023-10-31,6095.4,18.06
NIFTYINFRASTRUCTURE,NIFTY Infrastructure,Strategy / Thematic / Other,2023-11-30,2023-11-30,6585.6,17.41
NIFTYINFRASTRUCTURE,NIFTY Infrastructure,Strategy / Thematic / Other,2023-12-31,2023-12-29,7303.4,19.27
NIFTYINFRASTRUCTURE,NIFTY Infrastructure,Strategy / Thematic / Other,2024-01-31,2024-01-31,7859.9,19.94
NIFTYINFRASTRUCTURE,NIFTY Infrastructure,Strategy / Thematic / Other,2024-02-29,2024-02-29,8085.75,20.29
NIFTYINFRASTRUCTURE,NIFTY Infrastructure,Strategy / Thematic / Other,2024-03-31,2024-03-28,8336,21.05
NIFTYINFRASTRUCTURE,NIFTY Infrastructure,Strategy / Thematic / Other,2024-04-30,2024-04-30,8575.25,21.64
NIFTYINFRASTRUCTURE,NIFTY Infrastructure,Strategy / Thematic / Other,2024-05-31,2024-05-31,8668,21.6
NIFTYINFRASTRUCTURE,NIFTY Infrastructure,Strategy / Thematic / Other,2024-06-30,2024-06-28,9133.95,22.81
NIFTYINFRASTRUCTURE,NIFTY Infrastructure,Strategy / Thematic / Other,2024-07-31,2024-07-31,9499.45,24.73
NIFTYINFRASTRUCTURE,NIFTY Infrastructure,Strategy / Thematic / Other,2024-08-31,2024-08-30,9425.75,24.99
NIFTYINFRASTRUCTURE,NIFTY Infrastructure,Strategy / Thematic / Other,2024-09-30,2024-09-30,9574.8,25.49
NIFTYINFRASTRUCTURE,NIFTY Infrastructure,Strategy / Thematic / Other,2024-10-31,2024-10-31,8823.4,24.93
NIFTYINFRASTRUCTURE,NIFTY Infrastructure,Strategy / Thematic / Other,2024-11-30,2024-11-29,8734.3,24.93
NIFTYINFRASTRUCTURE,NIFTY Infrastructure,Strategy / Thematic / Other,2024-12-31,2024-12-31,8463.5,24.16
NIFTYINFRASTRUCTURE,NIFTY Infrastructure,Strategy / Thematic / Other,2025-01-31,2025-01-31,8348.5,23.56
NIFTYINFRASTRUCTURE,NIFTY Infrastructure,Strategy / Thematic / Other,2025-02-28,2025-02-28,7665.55,20.64
NIFTYINFRASTRUCTURE,NIFTY Infrastructure,Strategy / Thematic / Other,2025-03-31,2025-03-28,8457.8,23.5
NIFTYINFRASTRUCTURE,NIFTY Infrastructure,Strategy / Thematic / Other,2025-04-30,2025-04-30,8785.85,24.3
NIFTYINFRASTRUCTURE,NIFTY Infrastructure,Strategy / Thematic / Other,2025-05-31,2025-05-30,8970.35,23.45
NIFTYINFRASTRUCTURE,NIFTY Infrastructure,Strategy / Thematic / Other,2025-06-30,2025-06-30,9409.35,24.46
NIFTYINFRASTRUCTURE,NIFTY Infrastructure,Strategy / Thematic / Other,2025-07-31,2025-07-31,9066.2,22.68
NIFTYINFRASTRUCTURE,NIFTY Infrastructure,Strategy / Thematic / Other,2025-08-31,2025-08-29,8873.1,21.32
NIFTYINFRASTRUCTURE,NIFTY Infrastructure,Strategy / Thematic / Other,2025-09-30,2025-09-30,9007.2,21.71
NIFTYINFRASTRUCTURE,NIFTY Infrastructure,Strategy / Thematic / Other,2025-10-31,2025-10-31,9566.15,22.3
NIFTYINFRASTRUCTURE,NIFTY Infrastructure,Strategy / Thematic / Other,2025-11-30,2025-11-28,9653.9,21.76
NIFTYINFRASTRUCTURE,NIFTY Infrastructure,Strategy / Thematic / Other,2025-12-31,2025-12-31,9616.35,21.69
NIFTYINFRASTRUCTURE,NIFTY Infrastructure,Strategy / Thematic / Other,2026-01-31,2026-01-30,9153.2,20.55
NIFTYINFRASTRUCTURE,NIFTY Infrastructure,Strategy / Thematic / Other,2026-02-28,2026-02-27,9532.65,21.55
NIFTYINFRASTRUCTURE,NIFTY Infrastructure,Strategy / Thematic / Other,2026-03-31,2026-03-30,8560.95,19.67
NIFTYINFRASTRUCTURE,NIFTY Infrastructure,Strategy / Thematic / Other,2026-04-30,2026-04-30,9419.35,21.7
NIFTYINFRASTRUCTURE,NIFTY Infrastructure,Strategy / Thematic / Other,2026-05-31,2026-05-29,9353.05,21.04
NIFTYINFRASTRUCTURE,NIFTY Infrastructure,Strategy / Thematic / Other,2026-06-30,2026-06-30,9392.2,21.21
NIFTYINFRASTRUCTURE,NIFTY Infrastructure,Strategy / Thematic / Other,2026-07-31,2026-07-31,9409.25,23.14
NIFTYINFRASTRUCTURE,NIFTY Infrastructure,Strategy / Thematic / Other,2026-08-31,2026-08-31,9179.4,22.65
NIFTYINSURANCE,NIFTY Insurance,Sectoral,2026-06-30,2026-06-30,1925.66,34.15
NIFTYINSURANCE,NIFTY Insurance,Sectoral,2026-07-31,2026-07-31,1894.54,34.42
NIFTYINSURANCE,NIFTY Insurance,Sectoral,2026-08-31,2026-08-31,1857.31,25.83
NIFTYIPO,NIFTY Ipo,Strategy / Thematic / Other,2024-07-31,2024-07-31,2227.62,51.72
NIFTYIPO,NIFTY Ipo,Strategy / Thematic / Other,2024-08-31,2024-08-30,2289.12,56.34
NIFTYIPO,NIFTY Ipo,Strategy / Thematic / Other,2024-09-30,2024-09-30,2337.82,65.13
NIFTYIPO,NIFTY Ipo,Strategy / Thematic / Other,2024-10-31,2024-10-31,2159.96,59.38
NIFTYIPO,NIFTY Ipo,Strategy / Thematic / Other,2024-11-30,2024-11-29,2196.42,51.65
NIFTYIPO,NIFTY Ipo,Strategy / Thematic / Other,2024-12-31,2024-12-31,2228.15,61.63
NIFTYIPO,NIFTY Ipo,Strategy / Thematic / Other,2025-01-31,2025-01-31,1990.2,56.81
NIFTYIPO,NIFTY Ipo,Strategy / Thematic / Other,2025-02-28,2025-02-28,1741.55,49.2
NIFTYIPO,NIFTY Ipo,Strategy / Thematic / Other,2025-03-31,2025-03-28,1818,52.55
NIFTYIPO,NIFTY Ipo,Strategy / Thematic / Other,2025-04-30,2025-04-30,1836.8,52.49
NIFTYIPO,NIFTY Ipo,Strategy / Thematic / Other,2025-05-31,2025-05-30,2004.5,59.19
NIFTYIPO,NIFTY Ipo,Strategy / Thematic / Other,2025-06-30,2025-06-30,2083.5,64.7
NIFTYIPO,NIFTY Ipo,Strategy / Thematic / Other,2025-07-31,2025-07-31,2074.1,61.81
NIFTYIPO,NIFTY Ipo,Strategy / Thematic / Other,2025-08-31,2025-08-29,2128.05,69.67
NIFTYIPO,NIFTY Ipo,Strategy / Thematic / Other,2025-09-30,2025-09-30,2143.1,83.47
NIFTYIPO,NIFTY Ipo,Strategy / Thematic / Other,2025-10-31,2025-10-31,2173.1,82.94
NIFTYIPO,NIFTY Ipo,Strategy / Thematic / Other,2025-11-30,2025-11-28,2068.4,75.47
NIFTYIPO,NIFTY Ipo,Strategy / Thematic / Other,2025-12-31,2025-12-31,2048.85,70.52
NIFTYIPO,NIFTY Ipo,Strategy / Thematic / Other,2026-01-31,2026-01-30,1942.1,57.31
NIFTYIPO,NIFTY Ipo,Strategy / Thematic / Other,2026-02-28,2026-02-27,1947.85,56.63
NIFTYIPO,NIFTY Ipo,Strategy / Thematic / Other,2026-03-31,2026-03-30,1782.65,57.42
NIFTYIPO,NIFTY Ipo,Strategy / Thematic / Other,2026-04-30,2026-04-30,2128.55,66.5
NIFTYIPO,NIFTY Ipo,Strategy / Thematic / Other,2026-05-31,2026-05-29,2122.1,56.82
NIFTYIPO,NIFTY Ipo,Strategy / Thematic / Other,2026-06-30,2026-06-30,2292.8,54.17
NIFTYIPO,NIFTY Ipo,Strategy / Thematic / Other,2026-07-31,2026-07-31,2280.25,53.23
NIFTYIPO,NIFTY Ipo,Strategy / Thematic / Other,2026-08-31,2026-08-31,2394.6,57.69
NIFTYIT,NIFTY IT,Sectoral,2021-04-30,2021-04-30,25664.45,27.99
NIFTYIT,NIFTY IT,Sectoral,2021-05-31,2021-05-31,27115.05,29.35
NIFTYIT,NIFTY IT,Sectoral,2021-06-30,2021-06-30,29168,31.87
NIFTYIT,NIFTY IT,Sectoral,2021-07-31,2021-07-30,30480.05,31.78
NIFTYIT,NIFTY IT,Sectoral,2021-08-31,2021-08-31,34570.2,35.66
NIFTYIT,NIFTY IT,Sectoral,2021-09-30,2021-09-30,35028,36.81
NIFTYIT,NIFTY IT,Sectoral,2021-10-31,2021-10-29,34408.75,34.63
NIFTYIT,NIFTY IT,Sectoral,2021-11-30,2021-11-30,35043.75,35.27
NIFTYIT,NIFTY IT,Sectoral,2021-12-31,2021-12-31,38701,38.91
NIFTYIT,NIFTY IT,Sectoral,2022-01-31,2022-01-31,34824.55,34.38
NIFTYIT,NIFTY IT,Sectoral,2022-02-28,2022-02-28,33847.85,33.35
NIFTYIT,NIFTY IT,Sectoral,2022-03-31,2022-03-31,36317.2,35.85
NIFTYIT,NIFTY IT,Sectoral,2022-04-30,2022-04-29,31622.4,29.93
NIFTYIT,NIFTY IT,Sectoral,2022-05-31,2022-05-31,29679.05,27.65
NIFTYIT,NIFTY IT,Sectoral,2022-06-30,2022-06-30,27843.35,25.39
NIFTYIT,NIFTY IT,Sectoral,2022-07-31,2022-07-29,29152.3,26.54
NIFTYIT,NIFTY IT,Sectoral,2022-08-31,2022-08-30,28407.9,25.84
NIFTYIT,NIFTY IT,Sectoral,2022-09-30,2022-09-30,26981.15,24.72
NIFTYIT,NIFTY IT,Sectoral,2022-10-31,2022-10-31,28727.6,25.84
NIFTYIT,NIFTY IT,Sectoral,2022-11-30,2022-11-30,30391.7,27.3
NIFTYIT,NIFTY IT,Sectoral,2022-12-31,2022-12-30,28621.7,26.29
NIFTYIT,NIFTY IT,Sectoral,2023-01-31,2023-01-31,29740.35,26.35
NIFTYIT,NIFTY IT,Sectoral,2023-02-28,2023-02-28,29663.95,26.28
NIFTYIT,NIFTY IT,Sectoral,2023-03-31,2023-03-31,28698.6,25.31
NIFTYIT,NIFTY IT,Sectoral,2023-04-30,2023-04-28,27708.2,24
NIFTYIT,NIFTY IT,Sectoral,2023-05-31,2023-05-31,29319.75,25.5
NIFTYIT,NIFTY IT,Sectoral,2023-06-30,2023-06-30,29563,25.42
NIFTYIT,NIFTY IT,Sectoral,2023-07-31,2023-07-31,29928.45,25.17
NIFTYIT,NIFTY IT,Sectoral,2023-08-31,2023-08-31,31164.9,26.21
NIFTYIT,NIFTY IT,Sectoral,2023-09-30,2023-09-29,31784.4,26.74
NIFTYIT,NIFTY IT,Sectoral,2023-10-31,2023-10-31,30582.25,25.75
NIFTYIT,NIFTY IT,Sectoral,2023-11-30,2023-11-30,32582.2,27.43
NIFTYIT,NIFTY IT,Sectoral,2023-12-31,2023-12-29,35515,29.74
NIFTYIT,NIFTY IT,Sectoral,2024-01-31,2024-01-31,36638.4,31.32
NIFTYIT,NIFTY IT,Sectoral,2024-02-29,2024-02-29,37720.4,32.26
NIFTYIT,NIFTY IT,Sectoral,2024-03-31,2024-03-28,34898.15,29.93
NIFTYIT,NIFTY IT,Sectoral,2024-04-30,2024-04-30,33200.95,27.98
NIFTYIT,NIFTY IT,Sectoral,2024-05-31,2024-05-31,32386.1,27.19
NIFTYIT,NIFTY IT,Sectoral,2024-06-30,2024-06-28,36157.5,30.25
NIFTYIT,NIFTY IT,Sectoral,2024-07-31,2024-07-31,40851.1,33.38
NIFTYIT,NIFTY IT,Sectoral,2024-08-31,2024-08-30,42787.8,34.97
NIFTYIT,NIFTY IT,Sectoral,2024-09-30,2024-09-30,41946.05,34.4
NIFTYIT,NIFTY IT,Sectoral,2024-10-31,2024-10-31,40407.55,31.99
NIFTYIT,NIFTY IT,Sectoral,2024-11-30,2024-11-29,43146.25,34.15
NIFTYIT,NIFTY IT,Sectoral,2024-12-31,2024-12-31,43337.8,34.03
NIFTYIT,NIFTY IT,Sectoral,2025-01-31,2025-01-31,42662.75,32.33
NIFTYIT,NIFTY IT,Sectoral,2025-02-28,2025-02-28,37318.3,28.28
NIFTYIT,NIFTY IT,Sectoral,2025-03-31,2025-03-28,36886.15,27.87
NIFTYIT,NIFTY IT,Sectoral,2025-04-30,2025-04-30,35794.95,26.85
NIFTYIT,NIFTY IT,Sectoral,2025-05-31,2025-05-30,37321.75,27.89
NIFTYIT,NIFTY IT,Sectoral,2025-06-30,2025-06-30,38950,28.81
NIFTYIT,NIFTY IT,Sectoral,2025-07-31,2025-07-31,35301.6,25.49
NIFTYIT,NIFTY IT,Sectoral,2025-08-31,2025-08-29,35181.25,25.41
NIFTYIT,NIFTY IT,Sectoral,2025-09-30,2025-09-30,33655.1,24.29
NIFTYIT,NIFTY IT,Sectoral,2025-10-31,2025-10-31,35712.35,25.31
NIFTYIT,NIFTY IT,Sectoral,2025-11-30,2025-11-28,37405.5,26.49
NIFTYIT,NIFTY IT,Sectoral,2025-12-31,2025-12-31,37884.05,26.65
NIFTYIT,NIFTY IT,Sectoral,2026-01-31,2026-01-30,38036.15,27.03
NIFTYIT,NIFTY IT,Sectoral,2026-02-28,2026-02-27,30603.85,21.74
NIFTYIT,NIFTY IT,Sectoral,2026-03-31,2026-03-30,29062.6,20.64
NIFTYIT,NIFTY IT,Sectoral,2026-04-30,2026-04-30,29353.9,20.15
NIFTYIT,NIFTY IT,Sectoral,2026-05-31,2026-05-29,29080.15,19.79
NIFTYIT,NIFTY IT,Sectoral,2026-06-30,2026-06-30,26299.05,17.26
NIFTYIT,NIFTY IT,Sectoral,2026-07-31,2026-07-31,30708.9,19.61
NIFTYIT,NIFTY IT,Sectoral,2026-08-31,2026-08-31,31191.45,19.9
NIFTYLARGEMIDCAP250,NIFTY LargeMidcap 250,Broad Market,2021-04-30,2021-04-30,7992.27,36.87
NIFTYLARGEMIDCAP250,NIFTY LargeMidcap 250,Broad Market,2021-05-31,2021-05-31,8521.2,32.9
NIFTYLARGEMIDCAP250,NIFTY LargeMidcap 250,Broad Market,2021-06-30,2021-06-30,8768.45,31.45
NIFTYLARGEMIDCAP250,NIFTY LargeMidcap 250,Broad Market,2021-07-31,2021-07-30,8930.27,30.66
NIFTYLARGEMIDCAP250,NIFTY LargeMidcap 250,Broad Market,2021-08-31,2021-08-31,9391.65,27.46
NIFTYLARGEMIDCAP250,NIFTY LargeMidcap 250,Broad Market,2021-09-30,2021-09-30,9797.05,29.75
NIFTYLARGEMIDCAP250,NIFTY LargeMidcap 250,Broad Market,2021-10-31,2021-10-29,9819.55,28.48
NIFTYLARGEMIDCAP250,NIFTY LargeMidcap 250,Broad Market,2021-11-30,2021-11-30,9580.5,26.19
NIFTYLARGEMIDCAP250,NIFTY LargeMidcap 250,Broad Market,2021-12-31,2021-12-31,9814.15,26.94
NIFTYLARGEMIDCAP250,NIFTY LargeMidcap 250,Broad Market,2022-01-31,2022-01-31,9738.95,26.37
NIFTYLARGEMIDCAP250,NIFTY LargeMidcap 250,Broad Market,2022-02-28,2022-02-28,9253.5,23.89
NIFTYLARGEMIDCAP250,NIFTY LargeMidcap 250,Broad Market,2022-03-31,2022-03-31,9650.2,24.82
NIFTYLARGEMIDCAP250,NIFTY LargeMidcap 250,Broad Market,2022-04-30,2022-04-29,9625.55,24.45
NIFTYLARGEMIDCAP250,NIFTY LargeMidcap 250,Broad Market,2022-05-31,2022-05-31,9183.55,22.01
NIFTYLARGEMIDCAP250,NIFTY LargeMidcap 250,Broad Market,2022-06-30,2022-06-30,8705.95,21.02
NIFTYLARGEMIDCAP250,NIFTY LargeMidcap 250,Broad Market,2022-07-31,2022-07-29,9607.3,22.66
NIFTYLARGEMIDCAP250,NIFTY LargeMidcap 250,Broad Market,2022-08-31,2022-08-30,10092.6,23.74
NIFTYLARGEMIDCAP250,NIFTY LargeMidcap 250,Broad Market,2022-09-30,2022-09-30,9815.5,22.9
NIFTYLARGEMIDCAP250,NIFTY LargeMidcap 250,Broad Market,2022-10-31,2022-10-31,10131.25,23.19
NIFTYLARGEMIDCAP250,NIFTY LargeMidcap 250,Broad Market,2022-11-30,2022-11-30,10415.9,24.72
NIFTYLARGEMIDCAP250,NIFTY LargeMidcap 250,Broad Market,2022-12-31,2022-12-30,10143.55,24.28
NIFTYLARGEMIDCAP250,NIFTY LargeMidcap 250,Broad Market,2023-01-31,2023-01-31,9837.8,23.24
NIFTYLARGEMIDCAP250,NIFTY LargeMidcap 250,Broad Market,2023-02-28,2023-02-28,9615.6,22.42
NIFTYLARGEMIDCAP250,NIFTY LargeMidcap 250,Broad Market,2023-03-31,2023-03-31,9618.9,22.28
NIFTYLARGEMIDCAP250,NIFTY LargeMidcap 250,Broad Market,2023-04-30,2023-04-28,10070.35,23.12
NIFTYLARGEMIDCAP250,NIFTY LargeMidcap 250,Broad Market,2023-05-31,2023-05-31,10508.1,23.69
NIFTYLARGEMIDCAP250,NIFTY LargeMidcap 250,Broad Market,2023-06-30,2023-06-30,11023.85,24.77
NIFTYLARGEMIDCAP250,NIFTY LargeMidcap 250,Broad Market,2023-07-31,2023-07-31,11495.15,25.55
NIFTYLARGEMIDCAP250,NIFTY LargeMidcap 250,Broad Market,2023-08-31,2023-08-31,11587.05,23.92
NIFTYLARGEMIDCAP250,NIFTY LargeMidcap 250,Broad Market,2023-09-30,2023-09-29,11877.5,24.58
NIFTYLARGEMIDCAP250,NIFTY LargeMidcap 250,Broad Market,2023-10-31,2023-10-31,11487.45,22.85
NIFTYLARGEMIDCAP250,NIFTY LargeMidcap 250,Broad Market,2023-11-30,2023-11-30,12389.8,23.32
NIFTYLARGEMIDCAP250,NIFTY LargeMidcap 250,Broad Market,2023-12-31,2023-12-29,13347,25.06
NIFTYLARGEMIDCAP250,NIFTY LargeMidcap 250,Broad Market,2024-01-31,2024-01-31,13703.45,25.13
NIFTYLARGEMIDCAP250,NIFTY LargeMidcap 250,Broad Market,2024-02-29,2024-02-29,13826.85,25.05
NIFTYLARGEMIDCAP250,NIFTY LargeMidcap 250,Broad Market,2024-03-31,2024-03-28,13921.1,27.46
NIFTYLARGEMIDCAP250,NIFTY LargeMidcap 250,Broad Market,2024-04-30,2024-04-30,14520.25,27.83
NIFTYLARGEMIDCAP250,NIFTY LargeMidcap 250,Broad Market,2024-05-31,2024-05-31,14708.6,28.67
NIFTYLARGEMIDCAP250,NIFTY LargeMidcap 250,Broad Market,2024-06-30,2024-06-28,15756.45,30.28
NIFTYLARGEMIDCAP250,NIFTY LargeMidcap 250,Broad Market,2024-07-31,2024-07-31,16466.25,31.61
NIFTYLARGEMIDCAP250,NIFTY LargeMidcap 250,Broad Market,2024-08-31,2024-08-30,16568.95,31.46
NIFTYLARGEMIDCAP250,NIFTY LargeMidcap 250,Broad Market,2024-09-30,2024-09-30,16910.05,32.24
NIFTYLARGEMIDCAP250,NIFTY LargeMidcap 250,Broad Market,2024-10-31,2024-10-31,15790.55,30.16
NIFTYLARGEMIDCAP250,NIFTY LargeMidcap 250,Broad Market,2024-11-30,2024-11-29,15800.2,29.59
NIFTYLARGEMIDCAP250,NIFTY LargeMidcap 250,Broad Market,2024-12-31,2024-12-31,15714.8,29.48
NIFTYLARGEMIDCAP250,NIFTY LargeMidcap 250,Broad Market,2025-01-31,2025-01-31,15092.3,27.64
NIFTYLARGEMIDCAP250,NIFTY LargeMidcap 250,Broad Market,2025-02-28,2025-02-28,13805.6,24.61
NIFTYLARGEMIDCAP250,NIFTY LargeMidcap 250,Broad Market,2025-03-31,2025-03-28,14821.1,26.18
NIFTYLARGEMIDCAP250,NIFTY LargeMidcap 250,Broad Market,2025-04-30,2025-04-30,15355.15,26.69
NIFTYLARGEMIDCAP250,NIFTY LargeMidcap 250,Broad Market,2025-05-31,2025-05-30,15994.95,27.11
NIFTYLARGEMIDCAP250,NIFTY LargeMidcap 250,Broad Market,2025-06-30,2025-06-30,16572.25,27.72
NIFTYLARGEMIDCAP250,NIFTY LargeMidcap 250,Broad Market,2025-07-31,2025-07-31,16095.25,26.55
NIFTYLARGEMIDCAP250,NIFTY LargeMidcap 250,Broad Market,2025-08-31,2025-08-29,15745.15,25.55
NIFTYLARGEMIDCAP250,NIFTY LargeMidcap 250,Broad Market,2025-09-30,2025-09-30,15946.5,26.02
NIFTYLARGEMIDCAP250,NIFTY LargeMidcap 250,Broad Market,2025-10-31,2025-10-31,16666.75,26.96
NIFTYLARGEMIDCAP250,NIFTY LargeMidcap 250,Broad Market,2025-11-30,2025-11-28,16915.1,26.79
NIFTYLARGEMIDCAP250,NIFTY LargeMidcap 250,Broad Market,2025-12-31,2025-12-31,16854.95,26.79
NIFTYLARGEMIDCAP250,NIFTY LargeMidcap 250,Broad Market,2026-01-31,2026-01-30,16309,25.69
NIFTYLARGEMIDCAP250,NIFTY LargeMidcap 250,Broad Market,2026-02-28,2026-02-27,16442.55,25.98
NIFTYLARGEMIDCAP250,NIFTY LargeMidcap 250,Broad Market,2026-03-31,2026-03-30,14574.5,23.55
NIFTYLARGEMIDCAP250,NIFTY LargeMidcap 250,Broad Market,2026-04-30,2026-04-30,16181.9,25.69
NIFTYLARGEMIDCAP250,NIFTY LargeMidcap 250,Broad Market,2026-05-31,2026-05-29,16304.65,23.86
NIFTYLARGEMIDCAP250,NIFTY LargeMidcap 250,Broad Market,2026-06-30,2026-06-30,16476.35,23.88
NIFTYLARGEMIDCAP250,NIFTY LargeMidcap 250,Broad Market,2026-07-31,2026-07-31,16796.85,24.51
NIFTYLARGEMIDCAP250,NIFTY LargeMidcap 250,Broad Market,2026-08-31,2026-08-31,16858.65,24.03
NIFTYLOWVOLATILITY50,NIFTY Low Volatility 50,Strategy / Thematic / Other,2021-04-30,2021-04-30,13745.82,29.73
NIFTYLOWVOLATILITY50,NIFTY Low Volatility 50,Strategy / Thematic / Other,2021-05-31,2021-05-31,14713.05,27.14
NIFTYLOWVOLATILITY50,NIFTY Low Volatility 50,Strategy / Thematic / Other,2021-06-30,2021-06-30,15169.2,29.27
NIFTYLOWVOLATILITY50,NIFTY Low Volatility 50,Strategy / Thematic / Other,2021-07-31,2021-07-30,15594.26,28.98
NIFTYLOWVOLATILITY50,NIFTY Low Volatility 50,Strategy / Thematic / Other,2021-08-31,2021-08-31,16313.93,28.3
NIFTYLOWVOLATILITY50,NIFTY Low Volatility 50,Strategy / Thematic / Other,2021-09-30,2021-09-30,16467.75,26.43
NIFTYLOWVOLATILITY50,NIFTY Low Volatility 50,Strategy / Thematic / Other,2021-10-31,2021-10-29,16015.22,25.06
NIFTYLOWVOLATILITY50,NIFTY Low Volatility 50,Strategy / Thematic / Other,2021-11-30,2021-11-30,15680.57,25.19
NIFTYLOWVOLATILITY50,NIFTY Low Volatility 50,Strategy / Thematic / Other,2021-12-31,2021-12-31,16022.97,25.82
NIFTYLOWVOLATILITY50,NIFTY Low Volatility 50,Strategy / Thematic / Other,2022-01-31,2022-01-31,15655.42,25.28
NIFTYLOWVOLATILITY50,NIFTY Low Volatility 50,Strategy / Thematic / Other,2022-02-28,2022-02-28,14998.39,24.05
NIFTYLOWVOLATILITY50,NIFTY Low Volatility 50,Strategy / Thematic / Other,2022-03-31,2022-03-31,15243.32,26.43
NIFTYLOWVOLATILITY50,NIFTY Low Volatility 50,Strategy / Thematic / Other,2022-04-30,2022-04-29,15516.07,26.77
NIFTYLOWVOLATILITY50,NIFTY Low Volatility 50,Strategy / Thematic / Other,2022-05-31,2022-05-31,15247.96,27.13
NIFTYLOWVOLATILITY50,NIFTY Low Volatility 50,Strategy / Thematic / Other,2022-06-30,2022-06-30,14458.17,25.28
NIFTYLOWVOLATILITY50,NIFTY Low Volatility 50,Strategy / Thematic / Other,2022-07-31,2022-07-29,15680.63,27.31
NIFTYLOWVOLATILITY50,NIFTY Low Volatility 50,Strategy / Thematic / Other,2022-08-31,2022-08-30,16120.08,28.68
NIFTYLOWVOLATILITY50,NIFTY Low Volatility 50,Strategy / Thematic / Other,2022-09-30,2022-09-30,15715.37,27.74
NIFTYLOWVOLATILITY50,NIFTY Low Volatility 50,Strategy / Thematic / Other,2022-10-31,2022-10-31,16105.74,28.76
NIFTYLOWVOLATILITY50,NIFTY Low Volatility 50,Strategy / Thematic / Other,2022-11-30,2022-11-30,16635.52,29.58
NIFTYLOWVOLATILITY50,NIFTY Low Volatility 50,Strategy / Thematic / Other,2022-12-31,2022-12-30,16004.77,28.42
NIFTYLOWVOLATILITY50,NIFTY Low Volatility 50,Strategy / Thematic / Other,2023-01-31,2023-01-31,15789.56,27.68
NIFTYLOWVOLATILITY50,NIFTY Low Volatility 50,Strategy / Thematic / Other,2023-02-28,2023-02-28,15431.88,27.78
NIFTYLOWVOLATILITY50,NIFTY Low Volatility 50,Strategy / Thematic / Other,2023-03-31,2023-03-31,15567.29,28.47
NIFTYLOWVOLATILITY50,NIFTY Low Volatility 50,Strategy / Thematic / Other,2023-04-30,2023-04-28,16180.39,29.32
NIFTYLOWVOLATILITY50,NIFTY Low Volatility 50,Strategy / Thematic / Other,2023-05-31,2023-05-31,16853.79,29.01
NIFTYLOWVOLATILITY50,NIFTY Low Volatility 50,Strategy / Thematic / Other,2023-06-30,2023-06-30,17622.42,28.57
NIFTYLOWVOLATILITY50,NIFTY Low Volatility 50,Strategy / Thematic / Other,2023-07-31,2023-07-31,18363.11,29.33
NIFTYLOWVOLATILITY50,NIFTY Low Volatility 50,Strategy / Thematic / Other,2023-08-31,2023-08-31,18074.74,26.44
NIFTYLOWVOLATILITY50,NIFTY Low Volatility 50,Strategy / Thematic / Other,2023-09-30,2023-09-29,18396.83,25.62
NIFTYLOWVOLATILITY50,NIFTY Low Volatility 50,Strategy / Thematic / Other,2023-10-31,2023-10-31,18137.11,24.71
NIFTYLOWVOLATILITY50,NIFTY Low Volatility 50,Strategy / Thematic / Other,2023-11-30,2023-11-30,19425.73,23.84
NIFTYLOWVOLATILITY50,NIFTY Low Volatility 50,Strategy / Thematic / Other,2023-12-31,2023-12-29,20885.12,26.68
NIFTYLOWVOLATILITY50,NIFTY Low Volatility 50,Strategy / Thematic / Other,2024-01-31,2024-01-31,21319.36,26.4
NIFTYLOWVOLATILITY50,NIFTY Low Volatility 50,Strategy / Thematic / Other,2024-02-29,2024-02-29,21844.81,26.8
NIFTYLOWVOLATILITY50,NIFTY Low Volatility 50,Strategy / Thematic / Other,2024-03-31,2024-03-28,21963.09,30.87
NIFTYLOWVOLATILITY50,NIFTY Low Volatility 50,Strategy / Thematic / Other,2024-04-30,2024-04-30,22262.48,30.27
NIFTYLOWVOLATILITY50,NIFTY Low Volatility 50,Strategy / Thematic / Other,2024-05-31,2024-05-31,22093.62,29.78
NIFTYLOWVOLATILITY50,NIFTY Low Volatility 50,Strategy / Thematic / Other,2024-06-30,2024-06-28,23710.09,31.75
NIFTYLOWVOLATILITY50,NIFTY Low Volatility 50,Strategy / Thematic / Other,2024-07-31,2024-07-31,25190.86,33.28
NIFTYLOWVOLATILITY50,NIFTY Low Volatility 50,Strategy / Thematic / Other,2024-08-31,2024-08-30,25625.86,33.79
NIFTYLOWVOLATILITY50,NIFTY Low Volatility 50,Strategy / Thematic / Other,2024-09-30,2024-09-30,26377.43,38.32
NIFTYLOWVOLATILITY50,NIFTY Low Volatility 50,Strategy / Thematic / Other,2024-10-31,2024-10-31,24347.06,35.1
NIFTYLOWVOLATILITY50,NIFTY Low Volatility 50,Strategy / Thematic / Other,2024-11-30,2024-11-29,24008.85,34.95
NIFTYLOWVOLATILITY50,NIFTY Low Volatility 50,Strategy / Thematic / Other,2024-12-31,2024-12-31,23621.15,34.51
NIFTYLOWVOLATILITY50,NIFTY Low Volatility 50,Strategy / Thematic / Other,2025-01-31,2025-01-31,23796.4,34.53
NIFTYLOWVOLATILITY50,NIFTY Low Volatility 50,Strategy / Thematic / Other,2025-02-28,2025-02-28,22217.3,31.93
NIFTYLOWVOLATILITY50,NIFTY Low Volatility 50,Strategy / Thematic / Other,2025-03-31,2025-03-28,23559.75,33.24
NIFTYLOWVOLATILITY50,NIFTY Low Volatility 50,Strategy / Thematic / Other,2025-04-30,2025-04-30,24615.7,34.52
NIFTYLOWVOLATILITY50,NIFTY Low Volatility 50,Strategy / Thematic / Other,2025-05-31,2025-05-30,24694.15,33.98
NIFTYLOWVOLATILITY50,NIFTY Low Volatility 50,Strategy / Thematic / Other,2025-06-30,2025-06-30,25380.55,35.03
NIFTYLOWVOLATILITY50,NIFTY Low Volatility 50,Strategy / Thematic / Other,2025-07-31,2025-07-31,24797.1,33.81
NIFTYLOWVOLATILITY50,NIFTY Low Volatility 50,Strategy / Thematic / Other,2025-08-31,2025-08-29,24793,33.24
NIFTYLOWVOLATILITY50,NIFTY Low Volatility 50,Strategy / Thematic / Other,2025-09-30,2025-09-30,24555.3,32.22
NIFTYLOWVOLATILITY50,NIFTY Low Volatility 50,Strategy / Thematic / Other,2025-10-31,2025-10-31,25391.45,33.09
NIFTYLOWVOLATILITY50,NIFTY Low Volatility 50,Strategy / Thematic / Other,2025-11-30,2025-11-28,25678,32.92
NIFTYLOWVOLATILITY50,NIFTY Low Volatility 50,Strategy / Thematic / Other,2025-12-31,2025-12-31,25703.45,31.56
NIFTYLOWVOLATILITY50,NIFTY Low Volatility 50,Strategy / Thematic / Other,2026-01-31,2026-01-30,24904.9,30.51
NIFTYLOWVOLATILITY50,NIFTY Low Volatility 50,Strategy / Thematic / Other,2026-02-28,2026-02-27,25153.25,30.42
NIFTYLOWVOLATILITY50,NIFTY Low Volatility 50,Strategy / Thematic / Other,2026-03-31,2026-03-30,22582,27.63
NIFTYLOWVOLATILITY50,NIFTY Low Volatility 50,Strategy / Thematic / Other,2026-04-30,2026-04-30,24173.95,29.38
NIFTYLOWVOLATILITY50,NIFTY Low Volatility 50,Strategy / Thematic / Other,2026-05-31,2026-05-29,24083.4,28.13
NIFTYLOWVOLATILITY50,NIFTY Low Volatility 50,Strategy / Thematic / Other,2026-06-30,2026-06-30,24151.5,26.26
NIFTYLOWVOLATILITY50,NIFTY Low Volatility 50,Strategy / Thematic / Other,2026-07-31,2026-07-31,25081.25,26.96
NIFTYLOWVOLATILITY50,NIFTY Low Volatility 50,Strategy / Thematic / Other,2026-08-31,2026-08-31,24651.4,26.19
NIFTYMAHINDRAGROUP,NIFTY Mahindra Group,Strategy / Thematic / Other,2021-04-30,2021-04-30,12308.71,49.72
NIFTYMAHINDRAGROUP,NIFTY Mahindra Group,Strategy / Thematic / Other,2021-05-31,2021-05-31,13135.5,49.39
NIFTYMAHINDRAGROUP,NIFTY Mahindra Group,Strategy / Thematic / Other,2021-06-30,2021-06-30,13403.46,29.67
NIFTYMAHINDRAGROUP,NIFTY Mahindra Group,Strategy / Thematic / Other,2021-07-31,2021-07-30,13953.89,38.86
NIFTYMAHINDRAGROUP,NIFTY Mahindra Group,Strategy / Thematic / Other,2021-08-31,2021-08-31,15563.23,43.12
NIFTYMAHINDRAGROUP,NIFTY Mahindra Group,Strategy / Thematic / Other,2021-09-30,2021-09-30,15474.21,42.89
NIFTYMAHINDRAGROUP,NIFTY Mahindra Group,Strategy / Thematic / Other,2021-10-31,2021-10-29,16519.77,42.9
NIFTYMAHINDRAGROUP,NIFTY Mahindra Group,Strategy / Thematic / Other,2021-11-30,2021-11-30,16264.87,29.34
NIFTYMAHINDRAGROUP,NIFTY Mahindra Group,Strategy / Thematic / Other,2021-12-31,2021-12-31,17520.32,31.62
NIFTYMAHINDRAGROUP,NIFTY Mahindra Group,Strategy / Thematic / Other,2022-01-31,2022-01-31,16217.97,29.35
NIFTYMAHINDRAGROUP,NIFTY Mahindra Group,Strategy / Thematic / Other,2022-02-28,2022-02-28,15014.26,21.52
NIFTYMAHINDRAGROUP,NIFTY Mahindra Group,Strategy / Thematic / Other,2022-03-31,2022-03-31,15784.43,22.64
NIFTYMAHINDRAGROUP,NIFTY Mahindra Group,Strategy / Thematic / Other,2022-04-30,2022-04-29,15591.3,21.84
NIFTYMAHINDRAGROUP,NIFTY Mahindra Group,Strategy / Thematic / Other,2022-05-31,2022-05-31,15789.25,19.3
NIFTYMAHINDRAGROUP,NIFTY Mahindra Group,Strategy / Thematic / Other,2022-06-30,2022-06-30,15318.33,18.72
NIFTYMAHINDRAGROUP,NIFTY Mahindra Group,Strategy / Thematic / Other,2022-07-31,2022-07-29,16231.31,19.94
NIFTYMAHINDRAGROUP,NIFTY Mahindra Group,Strategy / Thematic / Other,2022-08-31,2022-08-30,17641.34,16.58
NIFTYMAHINDRAGROUP,NIFTY Mahindra Group,Strategy / Thematic / Other,2022-09-30,2022-09-30,16861.15,15.85
NIFTYMAHINDRAGROUP,NIFTY Mahindra Group,Strategy / Thematic / Other,2022-10-31,2022-10-31,17817.61,16.75
NIFTYMAHINDRAGROUP,NIFTY Mahindra Group,Strategy / Thematic / Other,2022-11-30,2022-11-30,17640.79,16.72
NIFTYMAHINDRAGROUP,NIFTY Mahindra Group,Strategy / Thematic / Other,2022-12-31,2022-12-30,17136.8,16.25
NIFTYMAHINDRAGROUP,NIFTY Mahindra Group,Strategy / Thematic / Other,2023-01-31,2023-01-31,18069.8,17.21
NIFTYMAHINDRAGROUP,NIFTY Mahindra Group,Strategy / Thematic / Other,2023-02-28,2023-02-28,17961.74,16.87
NIFTYMAHINDRAGROUP,NIFTY Mahindra Group,Strategy / Thematic / Other,2023-03-31,2023-03-31,16898.58,15.87
NIFTYMAHINDRAGROUP,NIFTY Mahindra Group,Strategy / Thematic / Other,2023-04-30,2023-04-28,17303.63,16.3
NIFTYMAHINDRAGROUP,NIFTY Mahindra Group,Strategy / Thematic / Other,2023-05-31,2023-05-31,18783.06,17.66
NIFTYMAHINDRAGROUP,NIFTY Mahindra Group,Strategy / Thematic / Other,2023-06-30,2023-06-30,20291.9,19.08
NIFTYMAHINDRAGROUP,NIFTY Mahindra Group,Strategy / Thematic / Other,2023-07-31,2023-07-31,20351.9,19.49
NIFTYMAHINDRAGROUP,NIFTY Mahindra Group,Strategy / Thematic / Other,2023-08-31,2023-08-31,21665.81,19.27
NIFTYMAHINDRAGROUP,NIFTY Mahindra Group,Strategy / Thematic / Other,2023-09-30,2023-09-29,21546.93,19.18
NIFTYMAHINDRAGROUP,NIFTY Mahindra Group,Strategy / Thematic / Other,2023-10-31,2023-10-31,19918.9,18.68
NIFTYMAHINDRAGROUP,NIFTY Mahindra Group,Strategy / Thematic / Other,2023-11-30,2023-11-30,21969.12,21.19
NIFTYMAHINDRAGROUP,NIFTY Mahindra Group,Strategy / Thematic / Other,2023-12-31,2023-12-29,22835.39,22.03
NIFTYMAHINDRAGROUP,NIFTY Mahindra Group,Strategy / Thematic / Other,2024-01-31,2024-01-31,22790.02,22.93
NIFTYMAHINDRAGROUP,NIFTY Mahindra Group,Strategy / Thematic / Other,2024-02-29,2024-02-29,24301.15,24.5
NIFTYMAHINDRAGROUP,NIFTY Mahindra Group,Strategy / Thematic / Other,2024-03-31,2024-03-28,24066.03,24.27
NIFTYMEDIA,NIFTY Media,Sectoral,2021-04-30,2021-04-30,1547.95,
NIFTYMEDIA,NIFTY Media,Sectoral,2021-05-31,2021-05-31,1761.45,
NIFTYMEDIA,NIFTY Media,Sectoral,2021-06-30,2021-06-30,1797.5,
NIFTYMEDIA,NIFTY Media,Sectoral,2021-07-31,2021-07-30,1796,
NIFTYMEDIA,NIFTY Media,Sectoral,2021-08-31,2021-08-31,1601.65,
NIFTYMEDIA,NIFTY Media,Sectoral,2021-09-30,2021-09-30,2138.3,
NIFTYMEDIA,NIFTY Media,Sectoral,2021-10-31,2021-10-29,2246,
NIFTYMEDIA,NIFTY Media,Sectoral,2021-11-30,2021-11-30,2171.1,2483.95
NIFTYMEDIA,NIFTY Media,Sectoral,2021-12-31,2021-12-31,2218.8,714.68
NIFTYMEDIA,NIFTY Media,Sectoral,2022-01-31,2022-01-31,2235.35,388.27
NIFTYMEDIA,NIFTY Media,Sectoral,2022-02-28,2022-02-28,2010.65,576.88
NIFTYMEDIA,NIFTY Media,Sectoral,2022-03-31,2022-03-31,2379.6,263.71
NIFTYMEDIA,NIFTY Media,Sectoral,2022-04-30,2022-04-29,2149.7,253.69
NIFTYMEDIA,NIFTY Media,Sectoral,2022-05-31,2022-05-31,2052.65,155.19
NIFTYMEDIA,NIFTY Media,Sectoral,2022-06-30,2022-06-30,1897.55,
NIFTYMEDIA,NIFTY Media,Sectoral,2022-07-31,2022-07-29,2079.05,
NIFTYMEDIA,NIFTY Media,Sectoral,2022-08-31,2022-08-30,2069.2,946.91
NIFTYMEDIA,NIFTY Media,Sectoral,2022-09-30,2022-09-30,2062.9,
NIFTYMEDIA,NIFTY Media,Sectoral,2022-10-31,2022-10-31,2062.35,
NIFTYMEDIA,NIFTY Media,Sectoral,2022-11-30,2022-11-30,2116.55,
NIFTYMEDIA,NIFTY Media,Sectoral,2022-12-31,2022-12-30,1992.05,
NIFTYMEDIA,NIFTY Media,Sectoral,2023-01-31,2023-01-31,1898.6,
NIFTYMEDIA,NIFTY Media,Sectoral,2023-02-28,2023-02-28,1704.8,
NIFTYMEDIA,NIFTY Media,Sectoral,2023-03-31,2023-03-31,1700.1,
NIFTYMEDIA,NIFTY Media,Sectoral,2023-04-30,2023-04-28,1714.85,
NIFTYMEDIA,NIFTY Media,Sectoral,2023-05-31,2023-05-31,1755.85,
NIFTYMEDIA,NIFTY Media,Sectoral,2023-06-30,2023-06-30,1743.8,
NIFTYMEDIA,NIFTY Media,Sectoral,2023-07-31,2023-07-31,2061.5,
NIFTYMEDIA,NIFTY Media,Sectoral,2023-08-31,2023-08-31,2293.1,
NIFTYMEDIA,NIFTY Media,Sectoral,2023-09-30,2023-09-29,2268.2,
NIFTYMEDIA,NIFTY Media,Sectoral,2023-10-31,2023-10-31,2199.05,
NIFTYMEDIA,NIFTY Media,Sectoral,2023-11-30,2023-11-30,2296.55,
NIFTYMEDIA,NIFTY Media,Sectoral,2023-12-31,2023-12-29,2388.15,
NIFTYMEDIA,NIFTY Media,Sectoral,2024-01-31,2024-01-31,2151,
NIFTYMEDIA,NIFTY Media,Sectoral,2024-02-29,2024-02-29,2049.95,
NIFTYMEDIA,NIFTY Media,Sectoral,2024-03-31,2024-03-28,1795.85,
NIFTYMEDIA,NIFTY Media,Sectoral,2024-04-30,2024-04-30,1892.8,
NIFTYMEDIA,NIFTY Media,Sectoral,2024-05-31,2024-05-31,1870.4,
NIFTYMEDIA,NIFTY Media,Sectoral,2024-06-30,2024-06-28,1992.35,
NIFTYMEDIA,NIFTY Media,Sectoral,2024-07-31,2024-07-31,2149.7,
NIFTYMEDIA,NIFTY Media,Sectoral,2024-08-31,2024-08-30,2104.5,
NIFTYMEDIA,NIFTY Media,Sectoral,2024-09-30,2024-09-30,2138.5,
NIFTYMEDIA,NIFTY Media,Sectoral,2024-10-31,2024-10-31,2019,
NIFTYMEDIA,NIFTY Media,Sectoral,2024-11-30,2024-11-29,1996.8,
NIFTYMEDIA,NIFTY Media,Sectoral,2024-12-31,2024-12-31,1817.85,
NIFTYMEDIA,NIFTY Media,Sectoral,2025-01-31,2025-01-31,1580.25,
NIFTYMEDIA,NIFTY Media,Sectoral,2025-02-28,2025-02-28,1386.85,
NIFTYMEDIA,NIFTY Media,Sectoral,2025-03-31,2025-03-28,1475.25,
NIFTYMEDIA,NIFTY Media,Sectoral,2025-04-30,2025-04-30,1513.9,
NIFTYMEDIA,NIFTY Media,Sectoral,2025-05-31,2025-05-30,1711.3,
NIFTYMEDIA,NIFTY Media,Sectoral,2025-06-30,2025-06-30,1754.45,605.63
NIFTYMEDIA,NIFTY Media,Sectoral,2025-07-31,2025-07-31,1626.35,180.62
NIFTYMEDIA,NIFTY Media,Sectoral,2025-08-31,2025-08-29,1612,162.67
NIFTYMEDIA,NIFTY Media,Sectoral,2025-09-30,2025-09-30,1542.95,61.75
NIFTYMEDIA,NIFTY Media,Sectoral,2025-10-31,2025-10-31,1538.35,57.78
NIFTYMEDIA,NIFTY Media,Sectoral,2025-11-30,2025-11-28,1468.25,60.64
NIFTYMEDIA,NIFTY Media,Sectoral,2025-12-31,2025-12-31,1444.7,59.15
NIFTYMEDIA,NIFTY Media,Sectoral,2026-01-31,2026-01-30,1385.2,29.69
NIFTYMEDIA,NIFTY Media,Sectoral,2026-02-28,2026-02-27,1416.15,29.72
NIFTYMEDIA,NIFTY Media,Sectoral,2026-03-31,2026-03-30,1261.85,26.59
NIFTYMEDIA,NIFTY Media,Sectoral,2026-04-30,2026-04-30,1456,30.58
NIFTYMEDIA,NIFTY Media,Sectoral,2026-05-31,2026-05-29,1408.3,34.39
NIFTYMEDIA,NIFTY Media,Sectoral,2026-06-30,2026-06-30,1478.4,35.11
NIFTYMEDIA,NIFTY Media,Sectoral,2026-07-31,2026-07-31,1618.65,38.28
NIFTYMEDIA,NIFTY Media,Sectoral,2026-08-31,2026-08-31,1557.35,41.37
NIFTYMETAL,NIFTY Metal,Sectoral,2021-04-30,2021-04-30,4847.95,33.21
NIFTYMETAL,NIFTY Metal,Sectoral,2021-05-31,2021-05-31,5161.8,14.53
NIFTYMETAL,NIFTY Metal,Sectoral,2021-06-30,2021-06-30,5215.8,13.92
NIFTYMETAL,NIFTY Metal,Sectoral,2021-07-31,2021-07-30,5770.35,13.49
NIFTYMETAL,NIFTY Metal,Sectoral,2021-08-31,2021-08-31,5714.6,8.98
NIFTYMETAL,NIFTY Metal,Sectoral,2021-09-30,2021-09-30,5611.25,8.8
NIFTYMETAL,NIFTY Metal,Sectoral,2021-10-31,2021-10-29,5563.4,8.37
NIFTYMETAL,NIFTY Metal,Sectoral,2021-11-30,2021-11-30,5201.7,6.31
NIFTYMETAL,NIFTY Metal,Sectoral,2021-12-31,2021-12-31,5521.75,6.67
NIFTYMETAL,NIFTY Metal,Sectoral,2022-01-31,2022-01-31,5473.45,6.53
NIFTYMETAL,NIFTY Metal,Sectoral,2022-02-28,2022-02-28,5896.85,6.5
NIFTYMETAL,NIFTY Metal,Sectoral,2022-03-31,2022-03-31,6423.7,7.03
NIFTYMETAL,NIFTY Metal,Sectoral,2022-04-30,2022-04-29,6327.3,6.92
NIFTYMETAL,NIFTY Metal,Sectoral,2022-05-31,2022-05-31,5332.75,5.63
NIFTYMETAL,NIFTY Metal,Sectoral,2022-06-30,2022-06-30,4660.9,4.93
NIFTYMETAL,NIFTY Metal,Sectoral,2022-07-31,2022-07-29,5485.8,6.08
NIFTYMETAL,NIFTY Metal,Sectoral,2022-08-31,2022-08-30,5934.6,6.8
NIFTYMETAL,NIFTY Metal,Sectoral,2022-09-30,2022-09-30,5768.2,6.61
NIFTYMETAL,NIFTY Metal,Sectoral,2022-10-31,2022-10-31,5896.35,7.13
NIFTYMETAL,NIFTY Metal,Sectoral,2022-11-30,2022-11-30,6564.2,10.06
NIFTYMETAL,NIFTY Metal,Sectoral,2022-12-31,2022-12-30,6723.4,10.36
NIFTYMETAL,NIFTY Metal,Sectoral,2023-01-31,2023-01-31,6468.4,10.51
NIFTYMETAL,NIFTY Metal,Sectoral,2023-02-28,2023-02-28,5269.1,11.34
NIFTYMETAL,NIFTY Metal,Sectoral,2023-03-31,2023-03-31,5497.45,11.45
NIFTYMETAL,NIFTY Metal,Sectoral,2023-04-30,2023-04-28,5799.4,12.11
NIFTYMETAL,NIFTY Metal,Sectoral,2023-05-31,2023-05-31,5890.05,16.23
NIFTYMETAL,NIFTY Metal,Sectoral,2023-06-30,2023-06-30,6209.1,17.12
NIFTYMETAL,NIFTY Metal,Sectoral,2023-07-31,2023-07-31,6758.2,22.88
NIFTYMETAL,NIFTY Metal,Sectoral,2023-08-31,2023-08-31,6659.35,24.02
NIFTYMETAL,NIFTY Metal,Sectoral,2023-09-30,2023-09-29,6839.3,24.88
NIFTYMETAL,NIFTY Metal,Sectoral,2023-10-31,2023-10-31,6452.45,21.71
NIFTYMETAL,NIFTY Metal,Sectoral,2023-11-30,2023-11-30,7017.45,30.91
NIFTYMETAL,NIFTY Metal,Sectoral,2023-12-31,2023-12-29,7978,33.65
NIFTYMETAL,NIFTY Metal,Sectoral,2024-01-31,2024-01-31,7973.1,28.75
NIFTYMETAL,NIFTY Metal,Sectoral,2024-02-29,2024-02-29,7921.9,26.11
NIFTYMETAL,NIFTY Metal,Sectoral,2024-03-31,2024-03-28,8257.2,27.22
NIFTYMETAL,NIFTY Metal,Sectoral,2024-04-30,2024-04-30,9175.8,30.75
NIFTYMETAL,NIFTY Metal,Sectoral,2024-05-31,2024-05-31,9723.6,33.45
NIFTYMETAL,NIFTY Metal,Sectoral,2024-06-30,2024-06-28,9814.3,34.65
NIFTYMETAL,NIFTY Metal,Sectoral,2024-07-31,2024-07-31,9583.4,35.09
NIFTYMETAL,NIFTY Metal,Sectoral,2024-08-31,2024-08-30,9405.25,31.3
NIFTYMETAL,NIFTY Metal,Sectoral,2024-09-30,2024-09-30,10198.35,33.53
NIFTYMETAL,NIFTY Metal,Sectoral,2024-10-31,2024-10-31,9326.85,32.08
NIFTYMETAL,NIFTY Metal,Sectoral,2024-11-30,2024-11-29,9034,21.5
NIFTYMETAL,NIFTY Metal,Sectoral,2024-12-31,2024-12-31,8649.9,20.67
NIFTYMETAL,NIFTY Metal,Sectoral,2025-01-31,2025-01-31,8399.7,20.61
NIFTYMETAL,NIFTY Metal,Sectoral,2025-02-28,2025-02-28,8219.25,18.96
NIFTYMETAL,NIFTY Metal,Sectoral,2025-03-31,2025-03-28,9092.5,21.16
NIFTYMETAL,NIFTY Metal,Sectoral,2025-04-30,2025-04-30,8581.8,19.93
NIFTYMETAL,NIFTY Metal,Sectoral,2025-05-31,2025-05-30,9193.25,19.64
NIFTYMETAL,NIFTY Metal,Sectoral,2025-06-30,2025-06-30,9534.8,19.37
NIFTYMETAL,NIFTY Metal,Sectoral,2025-07-31,2025-07-31,9285.45,18.44
NIFTYMETAL,NIFTY Metal,Sectoral,2025-08-31,2025-08-29,9154.8,17.52
NIFTYMETAL,NIFTY Metal,Sectoral,2025-09-30,2025-09-30,10038.15,19.2
NIFTYMETAL,NIFTY Metal,Sectoral,2025-10-31,2025-10-31,10612.15,20.03
NIFTYMETAL,NIFTY Metal,Sectoral,2025-11-30,2025-11-28,10293.05,18.45
NIFTYMETAL,NIFTY Metal,Sectoral,2025-12-31,2025-12-31,11167.65,19.91
NIFTYMETAL,NIFTY Metal,Sectoral,2026-01-31,2026-01-30,11827.55,20.63
NIFTYMETAL,NIFTY Metal,Sectoral,2026-02-28,2026-02-27,12240.65,20.76
NIFTYMETAL,NIFTY Metal,Sectoral,2026-03-31,2026-03-30,11138.4,18.89
NIFTYMETAL,NIFTY Metal,Sectoral,2026-04-30,2026-04-30,12833.05,21.83
NIFTYMETAL,NIFTY Metal,Sectoral,2026-05-31,2026-05-29,13440.95,20.06
NIFTYMETAL,NIFTY Metal,Sectoral,2026-06-30,2026-06-30,12519.15,16.69
NIFTYMETAL,NIFTY Metal,Sectoral,2026-07-31,2026-07-31,12719,16.54
NIFTYMETAL,NIFTY Metal,Sectoral,2026-08-31,2026-08-31,13193.9,16.06
NIFTYMICROCAP250,NIFTY Microcap 250,Broad Market,2021-05-31,2021-05-31,8238.92,45.2
NIFTYMICROCAP250,NIFTY Microcap 250,Broad Market,2021-06-30,2021-06-30,9395.63,52.76
NIFTYMICROCAP250,NIFTY Microcap 250,Broad Market,2021-07-31,2021-07-30,10128.63,57.3
NIFTYMICROCAP250,NIFTY Microcap 250,Broad Market,2021-08-31,2021-08-31,9365.46,33.14
NIFTYMICROCAP250,NIFTY Microcap 250,Broad Market,2021-09-30,2021-09-30,10095.67,40.41
NIFTYMICROCAP250,NIFTY Microcap 250,Broad Market,2021-10-31,2021-10-29,10034.61,40.18
NIFTYMICROCAP250,NIFTY Microcap 250,Broad Market,2021-11-30,2021-11-30,9834.57,33.95
NIFTYMICROCAP250,NIFTY Microcap 250,Broad Market,2021-12-31,2021-12-31,10304.28,35.65
NIFTYMICROCAP250,NIFTY Microcap 250,Broad Market,2022-01-31,2022-01-31,10530.3,35
NIFTYMICROCAP250,NIFTY Microcap 250,Broad Market,2022-02-28,2022-02-28,9555.35,32.01
NIFTYMICROCAP250,NIFTY Microcap 250,Broad Market,2022-03-31,2022-03-31,10045.85,42.79
NIFTYMICROCAP250,NIFTY Microcap 250,Broad Market,2022-04-30,2022-04-29,10652.85,40.01
NIFTYMICROCAP250,NIFTY Microcap 250,Broad Market,2022-05-31,2022-05-31,9714.75,34.85
NIFTYMICROCAP250,NIFTY Microcap 250,Broad Market,2022-06-30,2022-06-30,9226.15,41.44
NIFTYMICROCAP250,NIFTY Microcap 250,Broad Market,2022-07-31,2022-07-29,9978.15,37.77
NIFTYMICROCAP250,NIFTY Microcap 250,Broad Market,2022-08-31,2022-08-30,10688.2,34.32
NIFTYMICROCAP250,NIFTY Microcap 250,Broad Market,2022-09-30,2022-09-30,10670.7,37.72
NIFTYMICROCAP250,NIFTY Microcap 250,Broad Market,2022-10-31,2022-10-31,10908.2,30.83
NIFTYMICROCAP250,NIFTY Microcap 250,Broad Market,2022-11-30,2022-11-30,11337.15,28.96
NIFTYMICROCAP250,NIFTY Microcap 250,Broad Market,2022-12-31,2022-12-30,11209.15,28.99
NIFTYMICROCAP250,NIFTY Microcap 250,Broad Market,2023-01-31,2023-01-31,10862.95,28.39
NIFTYMICROCAP250,NIFTY Microcap 250,Broad Market,2023-02-28,2023-02-28,10327.25,27.55
NIFTYMICROCAP250,NIFTY Microcap 250,Broad Market,2023-03-31,2023-03-31,10241.55,26.37
NIFTYMICROCAP250,NIFTY Microcap 250,Broad Market,2023-04-30,2023-04-28,11222.1,27.41
NIFTYMICROCAP250,NIFTY Microcap 250,Broad Market,2023-05-31,2023-05-31,12085,20.71
NIFTYMICROCAP250,NIFTY Microcap 250,Broad Market,2023-06-30,2023-06-30,13145.6,25.74
NIFTYMICROCAP250,NIFTY Microcap 250,Broad Market,2023-07-31,2023-07-31,14443.85,29.03
NIFTYMICROCAP250,NIFTY Microcap 250,Broad Market,2023-08-31,2023-08-31,15890.2,31.06
NIFTYMICROCAP250,NIFTY Microcap 250,Broad Market,2023-09-30,2023-09-29,16194,26.6
NIFTYMICROCAP250,NIFTY Microcap 250,Broad Market,2023-10-31,2023-10-31,16167.45,25.76
NIFTYMICROCAP250,NIFTY Microcap 250,Broad Market,2023-11-30,2023-11-30,17888.25,29.01
NIFTYMICROCAP250,NIFTY Microcap 250,Broad Market,2023-12-31,2023-12-29,18656.75,30.56
NIFTYMICROCAP250,NIFTY Microcap 250,Broad Market,2024-01-31,2024-01-31,20501,31.68
NIFTYMICROCAP250,NIFTY Microcap 250,Broad Market,2024-02-29,2024-02-29,20216.55,28.76
NIFTYMICROCAP250,NIFTY Microcap 250,Broad Market,2024-03-31,2024-03-28,18958.85,28.37
NIFTYMICROCAP250,NIFTY Microcap 250,Broad Market,2024-04-30,2024-04-30,20964.75,32.41
NIFTYMICROCAP250,NIFTY Microcap 250,Broad Market,2024-05-31,2024-05-31,20648.9,30
NIFTYMICROCAP250,NIFTY Microcap 250,Broad Market,2024-06-30,2024-06-28,23036.85,30.71
NIFTYMICROCAP250,NIFTY Microcap 250,Broad Market,2024-07-31,2024-07-31,24818.6,32.55
NIFTYMICROCAP250,NIFTY Microcap 250,Broad Market,2024-08-31,2024-08-30,25108.8,31.17
NIFTYMICROCAP250,NIFTY Microcap 250,Broad Market,2024-09-30,2024-09-30,25715.2,36.9
NIFTYMICROCAP250,NIFTY Microcap 250,Broad Market,2024-10-31,2024-10-31,24854.6,35.15
NIFTYMICROCAP250,NIFTY Microcap 250,Broad Market,2024-11-30,2024-11-29,25115.75,30.28
NIFTYMICROCAP250,NIFTY Microcap 250,Broad Market,2024-12-31,2024-12-31,25036.95,30.29
NIFTYMICROCAP250,NIFTY Microcap 250,Broad Market,2025-01-31,2025-01-31,22733.6,27.55
NIFTYMICROCAP250,NIFTY Microcap 250,Broad Market,2025-02-28,2025-02-28,19479.15,26.62
NIFTYMICROCAP250,NIFTY Microcap 250,Broad Market,2025-03-31,2025-03-28,20685.6,21.57
NIFTYMICROCAP250,NIFTY Microcap 250,Broad Market,2025-04-30,2025-04-30,20950.55,21.75
NIFTYMICROCAP250,NIFTY Microcap 250,Broad Market,2025-05-31,2025-05-30,23486.5,23.57
NIFTYMICROCAP250,NIFTY Microcap 250,Broad Market,2025-06-30,2025-06-30,24199.15,24.48
NIFTYMICROCAP250,NIFTY Microcap 250,Broad Market,2025-07-31,2025-07-31,23936.05,23.85
NIFTYMICROCAP250,NIFTY Microcap 250,Broad Market,2025-08-31,2025-08-29,22997,23.39
NIFTYMICROCAP250,NIFTY Microcap 250,Broad Market,2025-09-30,2025-09-30,22885.95,28.33
NIFTYMICROCAP250,NIFTY Microcap 250,Broad Market,2025-10-31,2025-10-31,23786.5,29.43
NIFTYMICROCAP250,NIFTY Microcap 250,Broad Market,2025-11-30,2025-11-28,23114.5,28.21
NIFTYMICROCAP250,NIFTY Microcap 250,Broad Market,2025-12-31,2025-12-31,22545.85,27.55
NIFTYMICROCAP250,NIFTY Microcap 250,Broad Market,2026-01-31,2026-01-30,21268.75,25.22
NIFTYMICROCAP250,NIFTY Microcap 250,Broad Market,2026-02-28,2026-02-27,21297.3,25.07
NIFTYMICROCAP250,NIFTY Microcap 250,Broad Market,2026-03-31,2026-03-30,18892.95,22.85
NIFTYMICROCAP250,NIFTY Microcap 250,Broad Market,2026-04-30,2026-04-30,22963.7,27.45
NIFTYMICROCAP250,NIFTY Microcap 250,Broad Market,2026-05-31,2026-05-29,23642.95,27.05
NIFTYMICROCAP250,NIFTY Microcap 250,Broad Market,2026-06-30,2026-06-30,25143.95,28.49
NIFTYMICROCAP250,NIFTY Microcap 250,Broad Market,2026-07-31,2026-07-31,25178.75,27.44
NIFTYMICROCAP250,NIFTY Microcap 250,Broad Market,2026-08-31,2026-08-31,26540.55,28.54
NIFTYMIDCAP100,NIFTY Midcap 100,Broad Market,2021-04-30,2021-04-30,24195.9,42.4
NIFTYMIDCAP100,NIFTY Midcap 100,Broad Market,2021-05-31,2021-05-31,25775.45,37.83
NIFTYMIDCAP100,NIFTY Midcap 100,Broad Market,2021-06-30,2021-06-30,26970.75,34.44
NIFTYMIDCAP100,NIFTY Midcap 100,Broad Market,2021-07-31,2021-07-30,27815.25,34.49
NIFTYMIDCAP100,NIFTY Midcap 100,Broad Market,2021-08-31,2021-08-31,28417.25,26.88
NIFTYMIDCAP100,NIFTY Midcap 100,Broad Market,2021-09-30,2021-09-30,30384,32.02
NIFTYMIDCAP100,NIFTY Midcap 100,Broad Market,2021-10-31,2021-10-29,30469.55,30.47
NIFTYMIDCAP100,NIFTY Midcap 100,Broad Market,2021-11-30,2021-11-30,29650.65,27.96
NIFTYMIDCAP100,NIFTY Midcap 100,Broad Market,2021-12-31,2021-12-31,30442.9,28.89
NIFTYMIDCAP100,NIFTY Midcap 100,Broad Market,2022-01-31,2022-01-31,30273.95,28.75
NIFTYMIDCAP100,NIFTY Midcap 100,Broad Market,2022-02-28,2022-02-28,28223.45,25.35
NIFTYMIDCAP100,NIFTY Midcap 100,Broad Market,2022-03-31,2022-03-31,29692.3,25.43
NIFTYMIDCAP100,NIFTY Midcap 100,Broad Market,2022-04-30,2022-04-29,29880.35,25.41
NIFTYMIDCAP100,NIFTY Midcap 100,Broad Market,2022-05-31,2022-05-31,28288.35,21.83
NIFTYMIDCAP100,NIFTY Midcap 100,Broad Market,2022-06-30,2022-06-30,26452.75,20.57
NIFTYMIDCAP100,NIFTY Midcap 100,Broad Market,2022-07-31,2022-07-29,29634.25,22.42
NIFTYMIDCAP100,NIFTY Midcap 100,Broad Market,2022-08-31,2022-08-30,31481.7,24.03
NIFTYMIDCAP100,NIFTY Midcap 100,Broad Market,2022-09-30,2022-09-30,30668.3,22.81
NIFTYMIDCAP100,NIFTY Midcap 100,Broad Market,2022-10-31,2022-10-31,31432.3,22.64
NIFTYMIDCAP100,NIFTY Midcap 100,Broad Market,2022-11-30,2022-11-30,32037.9,24.68
NIFTYMIDCAP100,NIFTY Midcap 100,Broad Market,2022-12-31,2022-12-30,31509.1,24.48
NIFTYMIDCAP100,NIFTY Midcap 100,Broad Market,2023-01-31,2023-01-31,30676.45,23.5
NIFTYMIDCAP100,NIFTY Midcap 100,Broad Market,2023-02-28,2023-02-28,30117.3,22.28
NIFTYMIDCAP100,NIFTY Midcap 100,Broad Market,2023-03-31,2023-03-31,30035.15,21.68
NIFTYMIDCAP100,NIFTY Midcap 100,Broad Market,2023-04-30,2023-04-28,31794.75,22.98
NIFTYMIDCAP100,NIFTY Midcap 100,Broad Market,2023-05-31,2023-05-31,33761.3,23.17
NIFTYMIDCAP100,NIFTY Midcap 100,Broad Market,2023-06-30,2023-06-30,35754.35,24.66
NIFTYMIDCAP100,NIFTY Midcap 100,Broad Market,2023-07-31,2023-07-31,37721.35,25.42
NIFTYMIDCAP100,NIFTY Midcap 100,Broad Market,2023-08-31,2023-08-31,39118.65,23.06
NIFTYMIDCAP100,NIFTY Midcap 100,Broad Market,2023-09-30,2023-09-29,40537.05,25.1
NIFTYMIDCAP100,NIFTY Midcap 100,Broad Market,2023-10-31,2023-10-31,38876.95,23.4
NIFTYMIDCAP100,NIFTY Midcap 100,Broad Market,2023-11-30,2023-11-30,42908.9,22.99
NIFTYMIDCAP100,NIFTY Midcap 100,Broad Market,2023-12-31,2023-12-29,46181.65,24.65
NIFTYMIDCAP100,NIFTY Midcap 100,Broad Market,2024-01-31,2024-01-31,48568.6,25.78
NIFTYMIDCAP100,NIFTY Midcap 100,Broad Market,2024-02-29,2024-02-29,48335.7,25.06
NIFTYMIDCAP100,NIFTY Midcap 100,Broad Market,2024-03-31,2024-03-28,48075.75,32.89
NIFTYMIDCAP100,NIFTY Midcap 100,Broad Market,2024-04-30,2024-04-30,50868.2,34.53
NIFTYMIDCAP100,NIFTY Midcap 100,Broad Market,2024-05-31,2024-05-31,51705.7,38.97
NIFTYMIDCAP100,NIFTY Midcap 100,Broad Market,2024-06-30,2024-06-28,55736.9,41.74
NIFTYMIDCAP100,NIFTY Midcap 100,Broad Market,2024-07-31,2024-07-31,58990.9,45.41
NIFTYMIDCAP100,NIFTY Midcap 100,Broad Market,2024-08-31,2024-08-30,59286.65,44.21
NIFTYMIDCAP100,NIFTY Midcap 100,Broad Market,2024-09-30,2024-09-30,60153.8,44.95
NIFTYMIDCAP100,NIFTY Midcap 100,Broad Market,2024-10-31,2024-10-31,56112.85,42.24
NIFTYMIDCAP100,NIFTY Midcap 100,Broad Market,2024-11-30,2024-11-29,56392.65,41.3
NIFTYMIDCAP100,NIFTY Midcap 100,Broad Market,2024-12-31,2024-12-31,57199.45,42.9
NIFTYMIDCAP100,NIFTY Midcap 100,Broad Market,2025-01-31,2025-01-31,53712.2,37.98
NIFTYMIDCAP100,NIFTY Midcap 100,Broad Market,2025-02-28,2025-02-28,47915.2,32.5
NIFTYMIDCAP100,NIFTY Midcap 100,Broad Market,2025-03-31,2025-03-28,51672.25,32.49
NIFTYMIDCAP100,NIFTY Midcap 100,Broad Market,2025-04-30,2025-04-30,54124.9,32.79
NIFTYMIDCAP100,NIFTY Midcap 100,Broad Market,2025-05-31,2025-05-30,57420,32.84
NIFTYMIDCAP100,NIFTY Midcap 100,Broad Market,2025-06-30,2025-06-30,59741.2,33.66
NIFTYMIDCAP100,NIFTY Midcap 100,Broad Market,2025-07-31,2025-07-31,57400.55,31.95
NIFTYMIDCAP100,NIFTY Midcap 100,Broad Market,2025-08-31,2025-08-29,55727.4,30.37
NIFTYMIDCAP100,NIFTY Midcap 100,Broad Market,2025-09-30,2025-09-30,56529.3,32.7
NIFTYMIDCAP100,NIFTY Midcap 100,Broad Market,2025-10-31,2025-10-31,59825.9,34.33
NIFTYMIDCAP100,NIFTY Midcap 100,Broad Market,2025-11-30,2025-11-28,61043.25,33.63
NIFTYMIDCAP100,NIFTY Midcap 100,Broad Market,2025-12-31,2025-12-31,60484.5,33.84
NIFTYMIDCAP100,NIFTY Midcap 100,Broad Market,2026-01-31,2026-01-30,58432,32.07
NIFTYMIDCAP100,NIFTY Midcap 100,Broad Market,2026-02-28,2026-02-27,59115.6,32.89
NIFTYMIDCAP100,NIFTY Midcap 100,Broad Market,2026-03-31,2026-03-30,52650,32.55
NIFTYMIDCAP100,NIFTY Midcap 100,Broad Market,2026-04-30,2026-04-30,59784.85,35.44
NIFTYMIDCAP100,NIFTY Midcap 100,Broad Market,2026-05-31,2026-05-29,61723.8,29.76
NIFTYMIDCAP100,NIFTY Midcap 100,Broad Market,2026-06-30,2026-06-30,61797.7,29.78
NIFTYMIDCAP100,NIFTY Midcap 100,Broad Market,2026-07-31,2026-07-31,62915.3,31.35
NIFTYMIDCAP100,NIFTY Midcap 100,Broad Market,2026-08-31,2026-08-31,64224.75,30.95
NIFTYMIDCAP150,NIFTY Midcap 150,Broad Market,2021-04-30,2021-04-30,9128.7,40.95
NIFTYMIDCAP150,NIFTY Midcap 150,Broad Market,2021-05-31,2021-05-31,9714.95,36.98
NIFTYMIDCAP150,NIFTY Midcap 150,Broad Market,2021-06-30,2021-06-30,10182.05,34.55
NIFTYMIDCAP150,NIFTY Midcap 150,Broad Market,2021-07-31,2021-07-30,10506.15,34.6
NIFTYMIDCAP150,NIFTY Midcap 150,Broad Market,2021-08-31,2021-08-31,10726,28.2
NIFTYMIDCAP150,NIFTY Midcap 150,Broad Market,2021-09-30,2021-09-30,11361.35,33.01
NIFTYMIDCAP150,NIFTY Midcap 150,Broad Market,2021-10-31,2021-10-29,11390.85,31.61
NIFTYMIDCAP150,NIFTY Midcap 150,Broad Market,2021-11-30,2021-11-30,11223.55,29.5
NIFTYMIDCAP150,NIFTY Midcap 150,Broad Market,2021-12-31,2021-12-31,11543.55,30.54
NIFTYMIDCAP150,NIFTY Midcap 150,Broad Market,2022-01-31,2022-01-31,11413.65,30.24
NIFTYMIDCAP150,NIFTY Midcap 150,Broad Market,2022-02-28,2022-02-28,10621,26.83
NIFTYMIDCAP150,NIFTY Midcap 150,Broad Market,2022-03-31,2022-03-31,11131.1,27.14
NIFTYMIDCAP150,NIFTY Midcap 150,Broad Market,2022-04-30,2022-04-29,11201.95,27.11
NIFTYMIDCAP150,NIFTY Midcap 150,Broad Market,2022-05-31,2022-05-31,10616.3,23.74
NIFTYMIDCAP150,NIFTY Midcap 150,Broad Market,2022-06-30,2022-06-30,10042.8,22.75
NIFTYMIDCAP150,NIFTY Midcap 150,Broad Market,2022-07-31,2022-07-29,11194.7,24.69
NIFTYMIDCAP150,NIFTY Midcap 150,Broad Market,2022-08-31,2022-08-30,11867,26
NIFTYMIDCAP150,NIFTY Midcap 150,Broad Market,2022-09-30,2022-09-30,11654.45,24.69
NIFTYMIDCAP150,NIFTY Midcap 150,Broad Market,2022-10-31,2022-10-31,11868.15,24.45
NIFTYMIDCAP150,NIFTY Midcap 150,Broad Market,2022-11-30,2022-11-30,12093.5,26.31
NIFTYMIDCAP150,NIFTY Midcap 150,Broad Market,2022-12-31,2022-12-30,11885.75,26.12
NIFTYMIDCAP150,NIFTY Midcap 150,Broad Market,2023-01-31,2023-01-31,11596.65,25.21
NIFTYMIDCAP150,NIFTY Midcap 150,Broad Market,2023-02-28,2023-02-28,11411.25,23.88
NIFTYMIDCAP150,NIFTY Midcap 150,Broad Market,2023-03-31,2023-03-31,11352.25,23.47
NIFTYMIDCAP150,NIFTY Midcap 150,Broad Market,2023-04-30,2023-04-28,11943.55,24.71
NIFTYMIDCAP150,NIFTY Midcap 150,Broad Market,2023-05-31,2023-05-31,12623.35,24.98
NIFTYMIDCAP150,NIFTY Midcap 150,Broad Market,2023-06-30,2023-06-30,13401.45,26.49
NIFTYMIDCAP150,NIFTY Midcap 150,Broad Market,2023-07-31,2023-07-31,14140,27.41
NIFTYMIDCAP150,NIFTY Midcap 150,Broad Market,2023-08-31,2023-08-31,14693.85,25.32
NIFTYMIDCAP150,NIFTY Midcap 150,Broad Market,2023-09-30,2023-09-29,15141.05,26.77
NIFTYMIDCAP150,NIFTY Midcap 150,Broad Market,2023-10-31,2023-10-31,14566.3,25.08
NIFTYMIDCAP150,NIFTY Midcap 150,Broad Market,2023-11-30,2023-11-30,15963.25,24.85
NIFTYMIDCAP150,NIFTY Midcap 150,Broad Market,2023-12-31,2023-12-29,17077.05,26.51
NIFTYMIDCAP150,NIFTY Midcap 150,Broad Market,2024-01-31,2024-01-31,17884.7,27.5
NIFTYMIDCAP150,NIFTY Midcap 150,Broad Market,2024-02-29,2024-02-29,17831.1,26.96
NIFTYMIDCAP150,NIFTY Midcap 150,Broad Market,2024-03-31,2024-03-28,17766,33.63
NIFTYMIDCAP150,NIFTY Midcap 150,Broad Market,2024-04-30,2024-04-30,18893,35.49
NIFTYMIDCAP150,NIFTY Midcap 150,Broad Market,2024-05-31,2024-05-31,19308.75,39.46
NIFTYMIDCAP150,NIFTY Midcap 150,Broad Market,2024-06-30,2024-06-28,20831.95,42.33
NIFTYMIDCAP150,NIFTY Midcap 150,Broad Market,2024-07-31,2024-07-31,21860.95,45.37
NIFTYMIDCAP150,NIFTY Midcap 150,Broad Market,2024-08-31,2024-08-30,21925.45,44.22
NIFTYMIDCAP150,NIFTY Midcap 150,Broad Market,2024-09-30,2024-09-30,22311.95,45.66
NIFTYMIDCAP150,NIFTY Midcap 150,Broad Market,2024-10-31,2024-10-31,20876.7,42.98
NIFTYMIDCAP150,NIFTY Midcap 150,Broad Market,2024-11-30,2024-11-29,20906.65,41.98
NIFTYMIDCAP150,NIFTY Midcap 150,Broad Market,2024-12-31,2024-12-31,21141.2,43.3
NIFTYMIDCAP150,NIFTY Midcap 150,Broad Market,2025-01-31,2025-01-31,19850.95,38.76
NIFTYMIDCAP150,NIFTY Midcap 150,Broad Market,2025-02-28,2025-02-28,17750.55,33.44
NIFTYMIDCAP150,NIFTY Midcap 150,Broad Market,2025-03-31,2025-03-28,19120.35,33.71
NIFTYMIDCAP150,NIFTY Midcap 150,Broad Market,2025-04-30,2025-04-30,19873.15,34.01
NIFTYMIDCAP150,NIFTY Midcap 150,Broad Market,2025-05-31,2025-05-30,21125.55,34.26
NIFTYMIDCAP150,NIFTY Midcap 150,Broad Market,2025-06-30,2025-06-30,21988.65,35.27
NIFTYMIDCAP150,NIFTY Midcap 150,Broad Market,2025-07-31,2025-07-31,21361.3,33.8
NIFTYMIDCAP150,NIFTY Midcap 150,Broad Market,2025-08-31,2025-08-29,20750.3,32.1
NIFTYMIDCAP150,NIFTY Midcap 150,Broad Market,2025-09-30,2025-09-30,21038.7,32.84
NIFTYMIDCAP150,NIFTY Midcap 150,Broad Market,2025-10-31,2025-10-31,22045.95,34.12
NIFTYMIDCAP150,NIFTY Midcap 150,Broad Market,2025-11-30,2025-11-28,22395.4,33.41
NIFTYMIDCAP150,NIFTY Midcap 150,Broad Market,2025-12-31,2025-12-31,22276.9,33.56
NIFTYMIDCAP150,NIFTY Midcap 150,Broad Market,2026-01-31,2026-01-30,21490.9,31.81
NIFTYMIDCAP150,NIFTY Midcap 150,Broad Market,2026-02-28,2026-02-27,21847.35,32.56
NIFTYMIDCAP150,NIFTY Midcap 150,Broad Market,2026-03-31,2026-03-30,19430.9,30.61
NIFTYMIDCAP150,NIFTY Midcap 150,Broad Market,2026-04-30,2026-04-30,22000.05,33.45
NIFTYMIDCAP150,NIFTY Midcap 150,Broad Market,2026-05-31,2026-05-29,22571.4,28.92
NIFTYMIDCAP150,NIFTY Midcap 150,Broad Market,2026-06-30,2026-06-30,22774.25,29.17
NIFTYMIDCAP150,NIFTY Midcap 150,Broad Market,2026-07-31,2026-07-31,23138.45,30.41
NIFTYMIDCAP150,NIFTY Midcap 150,Broad Market,2026-08-31,2026-08-31,23536.8,29.44
NIFTYMIDCAP150MOMENTUM50,NIFTY Midcap150 Momentum 50,Strategy / Thematic / Other,2022-08-31,2022-08-30,33116.87,29.58
NIFTYMIDCAP150MOMENTUM50,NIFTY Midcap150 Momentum 50,Strategy / Thematic / Other,2022-09-30,2022-09-30,33143.91,29.6
NIFTYMIDCAP150MOMENTUM50,NIFTY Midcap150 Momentum 50,Strategy / Thematic / Other,2022-10-31,2022-10-31,33895.35,29.11
NIFTYMIDCAP150MOMENTUM50,NIFTY Midcap150 Momentum 50,Strategy / Thematic / Other,2022-11-30,2022-11-30,33847.33,27.68
NIFTYMIDCAP150MOMENTUM50,NIFTY Midcap150 Momentum 50,Strategy / Thematic / Other,2022-12-31,2022-12-30,32311.43,24.03
NIFTYMIDCAP150MOMENTUM50,NIFTY Midcap150 Momentum 50,Strategy / Thematic / Other,2023-01-31,2023-01-31,31359.23,22.2
NIFTYMIDCAP150MOMENTUM50,NIFTY Midcap150 Momentum 50,Strategy / Thematic / Other,2023-02-28,2023-02-28,31226.25,21.42
NIFTYMIDCAP150MOMENTUM50,NIFTY Midcap150 Momentum 50,Strategy / Thematic / Other,2023-03-31,2023-03-31,31284.8,21.46
NIFTYMIDCAP150MOMENTUM50,NIFTY Midcap150 Momentum 50,Strategy / Thematic / Other,2023-04-30,2023-04-28,32738.63,22.55
NIFTYMIDCAP150MOMENTUM50,NIFTY Midcap150 Momentum 50,Strategy / Thematic / Other,2023-05-31,2023-05-31,34866.66,21.92
NIFTYMIDCAP150MOMENTUM50,NIFTY Midcap150 Momentum 50,Strategy / Thematic / Other,2023-06-30,2023-06-30,36327.13,18.35
NIFTYMIDCAP150MOMENTUM50,NIFTY Midcap150 Momentum 50,Strategy / Thematic / Other,2023-07-31,2023-07-31,38726.36,19.23
NIFTYMIDCAP150MOMENTUM50,NIFTY Midcap150 Momentum 50,Strategy / Thematic / Other,2023-08-31,2023-08-31,40250.54,19.06
NIFTYMIDCAP150MOMENTUM50,NIFTY Midcap150 Momentum 50,Strategy / Thematic / Other,2023-09-30,2023-09-29,42207.08,20.04
NIFTYMIDCAP150MOMENTUM50,NIFTY Midcap150 Momentum 50,Strategy / Thematic / Other,2023-10-31,2023-10-31,40981.83,19.02
NIFTYMIDCAP150MOMENTUM50,NIFTY Midcap150 Momentum 50,Strategy / Thematic / Other,2023-11-30,2023-11-30,45797.11,20.09
NIFTYMIDCAP150MOMENTUM50,NIFTY Midcap150 Momentum 50,Strategy / Thematic / Other,2023-12-31,2023-12-29,48941.47,23.67
NIFTYMIDCAP150MOMENTUM50,NIFTY Midcap150 Momentum 50,Strategy / Thematic / Other,2024-01-31,2024-01-31,52673.45,24.56
NIFTYMIDCAP150MOMENTUM50,NIFTY Midcap150 Momentum 50,Strategy / Thematic / Other,2024-02-29,2024-02-29,52443,23.55
NIFTYMIDCAP150MOMENTUM50,NIFTY Midcap150 Momentum 50,Strategy / Thematic / Other,2024-03-31,2024-03-28,53214,23.93
NIFTYMIDCAP150MOMENTUM50,NIFTY Midcap150 Momentum 50,Strategy / Thematic / Other,2024-04-30,2024-04-30,57300.95,25.6
NIFTYMIDCAP150MOMENTUM50,NIFTY Midcap150 Momentum 50,Strategy / Thematic / Other,2024-05-31,2024-05-31,59932.25,26.04
NIFTYMIDCAP150MOMENTUM50,NIFTY Midcap150 Momentum 50,Strategy / Thematic / Other,2024-06-30,2024-06-28,62756.05,34.08
NIFTYMIDCAP150MOMENTUM50,NIFTY Midcap150 Momentum 50,Strategy / Thematic / Other,2024-07-31,2024-07-31,65642.75,37.26
NIFTYMIDCAP150MOMENTUM50,NIFTY Midcap150 Momentum 50,Strategy / Thematic / Other,2024-08-31,2024-08-30,66418,36.11
NIFTYMIDCAP150MOMENTUM50,NIFTY Midcap150 Momentum 50,Strategy / Thematic / Other,2024-09-30,2024-09-30,67046.95,36.43
NIFTYMIDCAP150MOMENTUM50,NIFTY Midcap150 Momentum 50,Strategy / Thematic / Other,2024-10-31,2024-10-31,63043.1,34.85
NIFTYMIDCAP150MOMENTUM50,NIFTY Midcap150 Momentum 50,Strategy / Thematic / Other,2024-11-30,2024-11-29,63774,34.45
NIFTYMIDCAP150MOMENTUM50,NIFTY Midcap150 Momentum 50,Strategy / Thematic / Other,2024-12-31,2024-12-31,64397,45.04
NIFTYMIDCAP150MOMENTUM50,NIFTY Midcap150 Momentum 50,Strategy / Thematic / Other,2025-01-31,2025-01-31,57144.4,38.01
NIFTYMIDCAP150MOMENTUM50,NIFTY Midcap150 Momentum 50,Strategy / Thematic / Other,2025-02-28,2025-02-28,50836.35,33.74
NIFTYMIDCAP150MOMENTUM50,NIFTY Midcap150 Momentum 50,Strategy / Thematic / Other,2025-03-31,2025-03-28,55578,36.9
NIFTYMIDCAP150MOMENTUM50,NIFTY Midcap150 Momentum 50,Strategy / Thematic / Other,2025-04-30,2025-04-30,57721.15,38.29
NIFTYMIDCAP150MOMENTUM50,NIFTY Midcap150 Momentum 50,Strategy / Thematic / Other,2025-05-31,2025-05-30,60946.05,38.68
NIFTYMIDCAP150MOMENTUM50,NIFTY Midcap150 Momentum 50,Strategy / Thematic / Other,2025-06-30,2025-06-30,63979.45,47.08
NIFTYMIDCAP150MOMENTUM50,NIFTY Midcap150 Momentum 50,Strategy / Thematic / Other,2025-07-31,2025-07-31,61231.2,43.32
NIFTYMIDCAP150MOMENTUM50,NIFTY Midcap150 Momentum 50,Strategy / Thematic / Other,2025-08-31,2025-08-29,59410.45,40.14
NIFTYMIDCAP150MOMENTUM50,NIFTY Midcap150 Momentum 50,Strategy / Thematic / Other,2025-09-30,2025-09-30,58708.5,39.77
NIFTYMIDCAP150MOMENTUM50,NIFTY Midcap150 Momentum 50,Strategy / Thematic / Other,2025-10-31,2025-10-31,61909,39.87
NIFTYMIDCAP150MOMENTUM50,NIFTY Midcap150 Momentum 50,Strategy / Thematic / Other,2025-11-30,2025-11-28,63596.6,38.99
NIFTYMIDCAP150MOMENTUM50,NIFTY Midcap150 Momentum 50,Strategy / Thematic / Other,2025-12-31,2025-12-31,61915.4,34.07
NIFTYMIDCAP150MOMENTUM50,NIFTY Midcap150 Momentum 50,Strategy / Thematic / Other,2026-01-31,2026-01-30,60518.55,32.27
NIFTYMIDCAP150MOMENTUM50,NIFTY Midcap150 Momentum 50,Strategy / Thematic / Other,2026-02-28,2026-02-27,61701.4,32.22
NIFTYMIDCAP150MOMENTUM50,NIFTY Midcap150 Momentum 50,Strategy / Thematic / Other,2026-03-31,2026-03-30,54460.9,28.45
NIFTYMIDCAP150MOMENTUM50,NIFTY Midcap150 Momentum 50,Strategy / Thematic / Other,2026-04-30,2026-04-30,61128.35,31.41
NIFTYMIDCAP150MOMENTUM50,NIFTY Midcap150 Momentum 50,Strategy / Thematic / Other,2026-05-31,2026-05-29,63420.95,25.22
NIFTYMIDCAP150MOMENTUM50,NIFTY Midcap150 Momentum 50,Strategy / Thematic / Other,2026-06-30,2026-06-30,63228.6,29.52
NIFTYMIDCAP150MOMENTUM50,NIFTY Midcap150 Momentum 50,Strategy / Thematic / Other,2026-07-31,2026-07-31,62913.45,28.11
NIFTYMIDCAP150MOMENTUM50,NIFTY Midcap150 Momentum 50,Strategy / Thematic / Other,2026-08-31,2026-08-31,65309.35,27.81
NIFTYMIDCAP150QUALITY50,NIFTY Midcap150 Quality 50,Strategy / Thematic / Other,2021-04-30,2021-04-30,14233.29,30.15
NIFTYMIDCAP150QUALITY50,NIFTY Midcap150 Quality 50,Strategy / Thematic / Other,2021-05-31,2021-05-31,15155.58,30.51
NIFTYMIDCAP150QUALITY50,NIFTY Midcap150 Quality 50,Strategy / Thematic / Other,2021-06-30,2021-06-30,16042.58,32.55
NIFTYMIDCAP150QUALITY50,NIFTY Midcap150 Quality 50,Strategy / Thematic / Other,2021-07-31,2021-07-30,16844.98,33.15
NIFTYMIDCAP150QUALITY50,NIFTY Midcap150 Quality 50,Strategy / Thematic / Other,2021-08-31,2021-08-31,17051.57,31.39
NIFTYMIDCAP150QUALITY50,NIFTY Midcap150 Quality 50,Strategy / Thematic / Other,2021-09-30,2021-09-30,17561.37,32.33
NIFTYMIDCAP150QUALITY50,NIFTY Midcap150 Quality 50,Strategy / Thematic / Other,2021-10-31,2021-10-29,17652.19,31.53
NIFTYMIDCAP150QUALITY50,NIFTY Midcap150 Quality 50,Strategy / Thematic / Other,2021-11-30,2021-11-30,17435.65,31.28
NIFTYMIDCAP150QUALITY50,NIFTY Midcap150 Quality 50,Strategy / Thematic / Other,2021-12-31,2021-12-31,17802.02,29
NIFTYMIDCAP150QUALITY50,NIFTY Midcap150 Quality 50,Strategy / Thematic / Other,2022-01-31,2022-01-31,17271.75,27.84
NIFTYMIDCAP150QUALITY50,NIFTY Midcap150 Quality 50,Strategy / Thematic / Other,2022-02-28,2022-02-28,16159.3,26.06
NIFTYMIDCAP150QUALITY50,NIFTY Midcap150 Quality 50,Strategy / Thematic / Other,2022-03-31,2022-03-31,16679.45,26.9
NIFTYMIDCAP150QUALITY50,NIFTY Midcap150 Quality 50,Strategy / Thematic / Other,2022-04-30,2022-04-29,16551.15,26.42
NIFTYMIDCAP150QUALITY50,NIFTY Midcap150 Quality 50,Strategy / Thematic / Other,2022-05-31,2022-05-31,15764.75,25.27
NIFTYMIDCAP150QUALITY50,NIFTY Midcap150 Quality 50,Strategy / Thematic / Other,2022-06-30,2022-06-30,15003.1,25.86
NIFTYMIDCAP150QUALITY50,NIFTY Midcap150 Quality 50,Strategy / Thematic / Other,2022-07-31,2022-07-29,16336.95,27.65
NIFTYMIDCAP150QUALITY50,NIFTY Midcap150 Quality 50,Strategy / Thematic / Other,2022-08-31,2022-08-30,17024.85,28.93
NIFTYMIDCAP150QUALITY50,NIFTY Midcap150 Quality 50,Strategy / Thematic / Other,2022-09-30,2022-09-30,16699.45,28.39
NIFTYMIDCAP150QUALITY50,NIFTY Midcap150 Quality 50,Strategy / Thematic / Other,2022-10-31,2022-10-31,16424.55,27.84
NIFTYMIDCAP150QUALITY50,NIFTY Midcap150 Quality 50,Strategy / Thematic / Other,2022-11-30,2022-11-30,16608.2,28.23
NIFTYMIDCAP150QUALITY50,NIFTY Midcap150 Quality 50,Strategy / Thematic / Other,2022-12-31,2022-12-30,16031.05,29.29
NIFTYMIDCAP150QUALITY50,NIFTY Midcap150 Quality 50,Strategy / Thematic / Other,2023-01-31,2023-01-31,15895.2,28.97
NIFTYMIDCAP150QUALITY50,NIFTY Midcap150 Quality 50,Strategy / Thematic / Other,2023-02-28,2023-02-28,15723.75,28.66
NIFTYMIDCAP150QUALITY50,NIFTY Midcap150 Quality 50,Strategy / Thematic / Other,2023-03-31,2023-03-31,15269,27.78
NIFTYMIDCAP150QUALITY50,NIFTY Midcap150 Quality 50,Strategy / Thematic / Other,2023-04-30,2023-04-28,15983.95,29.11
NIFTYMIDCAP150QUALITY50,NIFTY Midcap150 Quality 50,Strategy / Thematic / Other,2023-05-31,2023-05-31,16794.1,30.9
NIFTYMIDCAP150QUALITY50,NIFTY Midcap150 Quality 50,Strategy / Thematic / Other,2023-06-30,2023-06-30,17420.2,32.57
NIFTYMIDCAP150QUALITY50,NIFTY Midcap150 Quality 50,Strategy / Thematic / Other,2023-07-31,2023-07-31,18155.85,33.78
NIFTYMIDCAP150QUALITY50,NIFTY Midcap150 Quality 50,Strategy / Thematic / Other,2023-08-31,2023-08-31,18842.2,34.38
NIFTYMIDCAP150QUALITY50,NIFTY Midcap150 Quality 50,Strategy / Thematic / Other,2023-09-30,2023-09-29,18869.8,34.44
NIFTYMIDCAP150QUALITY50,NIFTY Midcap150 Quality 50,Strategy / Thematic / Other,2023-10-31,2023-10-31,18354,33.37
NIFTYMIDCAP150QUALITY50,NIFTY Midcap150 Quality 50,Strategy / Thematic / Other,2023-11-30,2023-11-30,19423.75,34.79
NIFTYMIDCAP150QUALITY50,NIFTY Midcap150 Quality 50,Strategy / Thematic / Other,2023-12-31,2023-12-29,20473,29.05
NIFTYMIDCAP150QUALITY50,NIFTY Midcap150 Quality 50,Strategy / Thematic / Other,2024-01-31,2024-01-31,20853.05,29.09
NIFTYMIDCAP150QUALITY50,NIFTY Midcap150 Quality 50,Strategy / Thematic / Other,2024-02-29,2024-02-29,20651.3,28.5
NIFTYMIDCAP150QUALITY50,NIFTY Midcap150 Quality 50,Strategy / Thematic / Other,2024-03-31,2024-03-28,20261.85,27.97
NIFTYMIDCAP150QUALITY50,NIFTY Midcap150 Quality 50,Strategy / Thematic / Other,2024-04-30,2024-04-30,21370.55,29.32
NIFTYMIDCAP150QUALITY50,NIFTY Midcap150 Quality 50,Strategy / Thematic / Other,2024-05-31,2024-05-31,22516.35,30.42
NIFTYMIDCAP150QUALITY50,NIFTY Midcap150 Quality 50,Strategy / Thematic / Other,2024-06-30,2024-06-28,24425.8,40.36
NIFTYMIDCAP150QUALITY50,NIFTY Midcap150 Quality 50,Strategy / Thematic / Other,2024-07-31,2024-07-31,25472.75,41.58
NIFTYMIDCAP150QUALITY50,NIFTY Midcap150 Quality 50,Strategy / Thematic / Other,2024-08-31,2024-08-30,25515.65,41.08
NIFTYMIDCAP150QUALITY50,NIFTY Midcap150 Quality 50,Strategy / Thematic / Other,2024-09-30,2024-09-30,25920.5,41.73
NIFTYMIDCAP150QUALITY50,NIFTY Midcap150 Quality 50,Strategy / Thematic / Other,2024-10-31,2024-10-31,24618.35,39.1
NIFTYMIDCAP150QUALITY50,NIFTY Midcap150 Quality 50,Strategy / Thematic / Other,2024-11-30,2024-11-29,24513.2,38.74
NIFTYMIDCAP150QUALITY50,NIFTY Midcap150 Quality 50,Strategy / Thematic / Other,2024-12-31,2024-12-31,24416.8,40.98
NIFTYMIDCAP150QUALITY50,NIFTY Midcap150 Quality 50,Strategy / Thematic / Other,2025-01-31,2025-01-31,23091,38.66
NIFTYMIDCAP150QUALITY50,NIFTY Midcap150 Quality 50,Strategy / Thematic / Other,2025-02-28,2025-02-28,20477.95,33.75
NIFTYMIDCAP150QUALITY50,NIFTY Midcap150 Quality 50,Strategy / Thematic / Other,2025-03-31,2025-03-28,22004.05,36.23
NIFTYMIDCAP150QUALITY50,NIFTY Midcap150 Quality 50,Strategy / Thematic / Other,2025-04-30,2025-04-30,22892.5,37.39
NIFTYMIDCAP150QUALITY50,NIFTY Midcap150 Quality 50,Strategy / Thematic / Other,2025-05-31,2025-05-30,24346.2,38.83
NIFTYMIDCAP150QUALITY50,NIFTY Midcap150 Quality 50,Strategy / Thematic / Other,2025-06-30,2025-06-30,25114.7,38.13
NIFTYMIDCAP150QUALITY50,NIFTY Midcap150 Quality 50,Strategy / Thematic / Other,2025-07-31,2025-07-31,24467.55,36.74
NIFTYMIDCAP150QUALITY50,NIFTY Midcap150 Quality 50,Strategy / Thematic / Other,2025-08-31,2025-08-29,23646.2,35.25
NIFTYMIDCAP150QUALITY50,NIFTY Midcap150 Quality 50,Strategy / Thematic / Other,2025-09-30,2025-09-30,23602.85,35.21
NIFTYMIDCAP150QUALITY50,NIFTY Midcap150 Quality 50,Strategy / Thematic / Other,2025-10-31,2025-10-31,24195,35.73
NIFTYMIDCAP150QUALITY50,NIFTY Midcap150 Quality 50,Strategy / Thematic / Other,2025-11-30,2025-11-28,24296.8,35.67
NIFTYMIDCAP150QUALITY50,NIFTY Midcap150 Quality 50,Strategy / Thematic / Other,2025-12-31,2025-12-31,24057.85,33.78
NIFTYMIDCAP150QUALITY50,NIFTY Midcap150 Quality 50,Strategy / Thematic / Other,2026-01-31,2026-01-30,23115.8,32.2
NIFTYMIDCAP150QUALITY50,NIFTY Midcap150 Quality 50,Strategy / Thematic / Other,2026-02-28,2026-02-27,23421.2,32.2
NIFTYMIDCAP150QUALITY50,NIFTY Midcap150 Quality 50,Strategy / Thematic / Other,2026-03-31,2026-03-30,20728.25,28.48
NIFTYMIDCAP150QUALITY50,NIFTY Midcap150 Quality 50,Strategy / Thematic / Other,2026-04-30,2026-04-30,23260.05,31.51
NIFTYMIDCAP150QUALITY50,NIFTY Midcap150 Quality 50,Strategy / Thematic / Other,2026-05-31,2026-05-29,23786.45,31.73
NIFTYMIDCAP150QUALITY50,NIFTY Midcap150 Quality 50,Strategy / Thematic / Other,2026-06-30,2026-06-30,23890,32.41
NIFTYMIDCAP150QUALITY50,NIFTY Midcap150 Quality 50,Strategy / Thematic / Other,2026-07-31,2026-07-31,24475.65,32.46
NIFTYMIDCAP150QUALITY50,NIFTY Midcap150 Quality 50,Strategy / Thematic / Other,2026-08-31,2026-08-31,24679.95,32.12
NIFTYMIDCAP50,NIFTY Midcap 50,Broad Market,2021-04-30,2021-04-30,6725.2,47.88
NIFTYMIDCAP50,NIFTY Midcap 50,Broad Market,2021-05-31,2021-05-31,7205.85,38.01
NIFTYMIDCAP50,NIFTY Midcap 50,Broad Market,2021-06-30,2021-06-30,7474.8,32.39
NIFTYMIDCAP50,NIFTY Midcap 50,Broad Market,2021-07-31,2021-07-30,7658.4,31.98
NIFTYMIDCAP50,NIFTY Midcap 50,Broad Market,2021-08-31,2021-08-31,7502.95,21.79
NIFTYMIDCAP50,NIFTY Midcap 50,Broad Market,2021-09-30,2021-09-30,8278.55,32.88
NIFTYMIDCAP50,NIFTY Midcap 50,Broad Market,2021-10-31,2021-10-29,8513.5,30.73
NIFTYMIDCAP50,NIFTY Midcap 50,Broad Market,2021-11-30,2021-11-30,8186.3,27.68
NIFTYMIDCAP50,NIFTY Midcap 50,Broad Market,2021-12-31,2021-12-31,8410.75,28.51
NIFTYMIDCAP50,NIFTY Midcap 50,Broad Market,2022-01-31,2022-01-31,8395.4,28.52
NIFTYMIDCAP50,NIFTY Midcap 50,Broad Market,2022-02-28,2022-02-28,7810.45,25.05
NIFTYMIDCAP50,NIFTY Midcap 50,Broad Market,2022-03-31,2022-03-31,8183.75,22.24
NIFTYMIDCAP50,NIFTY Midcap 50,Broad Market,2022-04-30,2022-04-29,8168.85,22.1
NIFTYMIDCAP50,NIFTY Midcap 50,Broad Market,2022-05-31,2022-05-31,7783.4,19.46
NIFTYMIDCAP50,NIFTY Midcap 50,Broad Market,2022-06-30,2022-06-30,7297.65,18.44
NIFTYMIDCAP50,NIFTY Midcap 50,Broad Market,2022-07-31,2022-07-29,8170.8,20.1
NIFTYMIDCAP50,NIFTY Midcap 50,Broad Market,2022-08-31,2022-08-30,8556,21.88
NIFTYMIDCAP50,NIFTY Midcap 50,Broad Market,2022-09-30,2022-09-30,8332.7,21.71
NIFTYMIDCAP50,NIFTY Midcap 50,Broad Market,2022-10-31,2022-10-31,8690.35,21.75
NIFTYMIDCAP50,NIFTY Midcap 50,Broad Market,2022-11-30,2022-11-30,8855.6,24.65
NIFTYMIDCAP50,NIFTY Midcap 50,Broad Market,2022-12-31,2022-12-30,8751.75,24.3
NIFTYMIDCAP50,NIFTY Midcap 50,Broad Market,2023-01-31,2023-01-31,8638,23.22
NIFTYMIDCAP50,NIFTY Midcap 50,Broad Market,2023-02-28,2023-02-28,8456.7,22.03
NIFTYMIDCAP50,NIFTY Midcap 50,Broad Market,2023-03-31,2023-03-31,8466.8,21.63
NIFTYMIDCAP50,NIFTY Midcap 50,Broad Market,2023-04-30,2023-04-28,8962.85,22.89
NIFTYMIDCAP50,NIFTY Midcap 50,Broad Market,2023-05-31,2023-05-31,9539.9,22.71
NIFTYMIDCAP50,NIFTY Midcap 50,Broad Market,2023-06-30,2023-06-30,10126.85,24.03
NIFTYMIDCAP50,NIFTY Midcap 50,Broad Market,2023-07-31,2023-07-31,10822.5,24.49
NIFTYMIDCAP50,NIFTY Midcap 50,Broad Market,2023-08-31,2023-08-31,11182.65,20.76
NIFTYMIDCAP50,NIFTY Midcap 50,Broad Market,2023-09-30,2023-09-29,11611.65,21.99
NIFTYMIDCAP50,NIFTY Midcap 50,Broad Market,2023-10-31,2023-10-31,11068.85,20.64
NIFTYMIDCAP50,NIFTY Midcap 50,Broad Market,2023-11-30,2023-11-30,12200.6,19.73
NIFTYMIDCAP50,NIFTY Midcap 50,Broad Market,2023-12-31,2023-12-29,13144.95,21.41
NIFTYMIDCAP50,NIFTY Midcap 50,Broad Market,2024-01-31,2024-01-31,13620.6,21.56
NIFTYMIDCAP50,NIFTY Midcap 50,Broad Market,2024-02-29,2024-02-29,13745.85,21.03
NIFTYMIDCAP50,NIFTY Midcap 50,Broad Market,2024-03-31,2024-03-28,13526.5,33.17
NIFTYMIDCAP50,NIFTY Midcap 50,Broad Market,2024-04-30,2024-04-30,14161.9,34.31
NIFTYMIDCAP50,NIFTY Midcap 50,Broad Market,2024-05-31,2024-05-31,14443.45,41.41
NIFTYMIDCAP50,NIFTY Midcap 50,Broad Market,2024-06-30,2024-06-28,15711.15,44.27
NIFTYMIDCAP50,NIFTY Midcap 50,Broad Market,2024-07-31,2024-07-31,16661.65,49.81
NIFTYMIDCAP50,NIFTY Midcap 50,Broad Market,2024-08-31,2024-08-30,16618.8,47.82
NIFTYMIDCAP50,NIFTY Midcap 50,Broad Market,2024-09-30,2024-09-30,16883.35,50.95
NIFTYMIDCAP50,NIFTY Midcap 50,Broad Market,2024-10-31,2024-10-31,15539.6,48.4
NIFTYMIDCAP50,NIFTY Midcap 50,Broad Market,2024-11-30,2024-11-29,15697.75,47.49
NIFTYMIDCAP50,NIFTY Midcap 50,Broad Market,2024-12-31,2024-12-31,15974.1,50
NIFTYMIDCAP50,NIFTY Midcap 50,Broad Market,2025-01-31,2025-01-31,14948.1,42.94
NIFTYMIDCAP50,NIFTY Midcap 50,Broad Market,2025-02-28,2025-02-28,13540.15,37.29
NIFTYMIDCAP50,NIFTY Midcap 50,Broad Market,2025-03-31,2025-03-28,14561.6,39.22
NIFTYMIDCAP50,NIFTY Midcap 50,Broad Market,2025-04-30,2025-04-30,15314.1,38.62
NIFTYMIDCAP50,NIFTY Midcap 50,Broad Market,2025-05-31,2025-05-30,15998.9,38.96
NIFTYMIDCAP50,NIFTY Midcap 50,Broad Market,2025-06-30,2025-06-30,16846.2,40.48
NIFTYMIDCAP50,NIFTY Midcap 50,Broad Market,2025-07-31,2025-07-31,16212.45,37.97
NIFTYMIDCAP50,NIFTY Midcap 50,Broad Market,2025-08-31,2025-08-29,15714.75,35.32
NIFTYMIDCAP50,NIFTY Midcap 50,Broad Market,2025-09-30,2025-09-30,15945.4,32.97
NIFTYMIDCAP50,NIFTY Midcap 50,Broad Market,2025-10-31,2025-10-31,17006.3,34.48
NIFTYMIDCAP50,NIFTY Midcap 50,Broad Market,2025-11-30,2025-11-28,17423.05,33.92
NIFTYMIDCAP50,NIFTY Midcap 50,Broad Market,2025-12-31,2025-12-31,17254.05,33.72
NIFTYMIDCAP50,NIFTY Midcap 50,Broad Market,2026-01-31,2026-01-30,16693.25,32.32
NIFTYMIDCAP50,NIFTY Midcap 50,Broad Market,2026-02-28,2026-02-27,16765.6,32.33
NIFTYMIDCAP50,NIFTY Midcap 50,Broad Market,2026-03-31,2026-03-30,14983.35,32.13
NIFTYMIDCAP50,NIFTY Midcap 50,Broad Market,2026-04-30,2026-04-30,16882.5,34.17
NIFTYMIDCAP50,NIFTY Midcap 50,Broad Market,2026-05-31,2026-05-29,17490.55,32.84
NIFTYMIDCAP50,NIFTY Midcap 50,Broad Market,2026-06-30,2026-06-30,17594.9,32.87
NIFTYMIDCAP50,NIFTY Midcap 50,Broad Market,2026-07-31,2026-07-31,18105.85,36.6
NIFTYMIDCAP50,NIFTY Midcap 50,Broad Market,2026-08-31,2026-08-31,18491.45,36.37
NIFTYMIDCAPSELECT,NIFTY Midcap Select,Broad Market,2021-09-30,2021-09-30,7401.59,28.72
NIFTYMIDCAPSELECT,NIFTY Midcap Select,Broad Market,2021-10-31,2021-10-29,7638.7,29.47
NIFTYMIDCAPSELECT,NIFTY Midcap Select,Broad Market,2021-11-30,2021-11-30,7299.68,26.55
NIFTYMIDCAPSELECT,NIFTY Midcap Select,Broad Market,2021-12-31,2021-12-31,7357.96,26.8
NIFTYMIDCAPSELECT,NIFTY Midcap Select,Broad Market,2022-01-31,2022-01-31,7514.85,27.15
NIFTYMIDCAPSELECT,NIFTY Midcap Select,Broad Market,2022-02-28,2022-02-28,7009.7,23.92
NIFTYMIDCAPSELECT,NIFTY Midcap Select,Broad Market,2022-03-31,2022-03-31,7297.6,31.89
NIFTYMIDCAPSELECT,NIFTY Midcap Select,Broad Market,2022-04-30,2022-04-29,7237.95,31.34
NIFTYMIDCAPSELECT,NIFTY Midcap Select,Broad Market,2022-05-31,2022-05-31,6843.2,30.48
NIFTYMIDCAPSELECT,NIFTY Midcap Select,Broad Market,2022-06-30,2022-06-30,6361.2,28.46
NIFTYMIDCAPSELECT,NIFTY Midcap Select,Broad Market,2022-07-31,2022-07-29,7055.6,30.59
NIFTYMIDCAPSELECT,NIFTY Midcap Select,Broad Market,2022-08-31,2022-08-30,7406.8,38.62
NIFTYMIDCAPSELECT,NIFTY Midcap Select,Broad Market,2022-09-30,2022-09-30,7205.1,37.71
NIFTYMIDCAPSELECT,NIFTY Midcap Select,Broad Market,2022-10-31,2022-10-31,7416.1,37.23
NIFTYMIDCAPSELECT,NIFTY Midcap Select,Broad Market,2022-11-30,2022-11-30,7396.5,47.36
NIFTYMIDCAPSELECT,NIFTY Midcap Select,Broad Market,2022-12-31,2022-12-30,7180.95,45.83
NIFTYMIDCAPSELECT,NIFTY Midcap Select,Broad Market,2023-01-31,2023-01-31,6932.7,42.85
NIFTYMIDCAPSELECT,NIFTY Midcap Select,Broad Market,2023-02-28,2023-02-28,6789.85,44.3
NIFTYMIDCAPSELECT,NIFTY Midcap Select,Broad Market,2023-03-31,2023-03-31,6816.35,31.59
NIFTYMIDCAPSELECT,NIFTY Midcap Select,Broad Market,2023-04-30,2023-04-28,7232.55,33.46
NIFTYMIDCAPSELECT,NIFTY Midcap Select,Broad Market,2023-05-31,2023-05-31,7804.7,32.95
NIFTYMIDCAPSELECT,NIFTY Midcap Select,Broad Market,2023-06-30,2023-06-30,8229.8,34.97
NIFTYMIDCAPSELECT,NIFTY Midcap Select,Broad Market,2023-07-31,2023-07-31,8608.1,34.95
NIFTYMIDCAPSELECT,NIFTY Midcap Select,Broad Market,2023-08-31,2023-08-31,8887.2,25.23
NIFTYMIDCAPSELECT,NIFTY Midcap Select,Broad Market,2023-09-30,2023-09-29,9105.35,20.5
NIFTYMIDCAPSELECT,NIFTY Midcap Select,Broad Market,2023-10-31,2023-10-31,8743.65,19.21
NIFTYMIDCAPSELECT,NIFTY Midcap Select,Broad Market,2023-11-30,2023-11-30,9684,18.3
NIFTYMIDCAPSELECT,NIFTY Midcap Select,Broad Market,2023-12-31,2023-12-29,10397.55,19.84
NIFTYMIDCAPSELECT,NIFTY Midcap Select,Broad Market,2024-01-31,2024-01-31,10701.95,20.1
NIFTYMIDCAPSELECT,NIFTY Midcap Select,Broad Market,2024-02-29,2024-02-29,10826.55,19.54
NIFTYMIDCAPSELECT,NIFTY Midcap Select,Broad Market,2024-03-31,2024-03-28,10525.3,33.96
NIFTYMIDCAPSELECT,NIFTY Midcap Select,Broad Market,2024-04-30,2024-04-30,11059.75,35.5
NIFTYMIDCAPSELECT,NIFTY Midcap Select,Broad Market,2024-05-31,2024-05-31,11358.1,50.09
NIFTYMIDCAPSELECT,NIFTY Midcap Select,Broad Market,2024-06-30,2024-06-28,12250.8,53.21
NIFTYMIDCAPSELECT,NIFTY Midcap Select,Broad Market,2024-07-31,2024-07-31,12942.75,66.02
NIFTYMIDCAPSELECT,NIFTY Midcap Select,Broad Market,2024-08-31,2024-08-30,13161.85,63.63
NIFTYMIDCAPSELECT,NIFTY Midcap Select,Broad Market,2024-09-30,2024-09-30,13223.35,67.02
NIFTYMIDCAPSELECT,NIFTY Midcap Select,Broad Market,2024-10-31,2024-10-31,12343.15,52.41
NIFTYMIDCAPSELECT,NIFTY Midcap Select,Broad Market,2024-11-30,2024-11-29,12619.5,50.38
NIFTYMIDCAPSELECT,NIFTY Midcap Select,Broad Market,2024-12-31,2024-12-31,12907.3,54.73
NIFTYMIDCAPSELECT,NIFTY Midcap Select,Broad Market,2025-01-31,2025-01-31,11930.85,44.8
NIFTYMIDCAPSELECT,NIFTY Midcap Select,Broad Market,2025-02-28,2025-02-28,10770.75,40.57
NIFTYMIDCAPSELECT,NIFTY Midcap Select,Broad Market,2025-03-31,2025-03-28,11546,62.5
NIFTYMIDCAPSELECT,NIFTY Midcap Select,Broad Market,2025-04-30,2025-04-30,12075.3,54.19
NIFTYMIDCAPSELECT,NIFTY Midcap Select,Broad Market,2025-05-31,2025-05-30,12712.2,53.62
NIFTYMIDCAPSELECT,NIFTY Midcap Select,Broad Market,2025-06-30,2025-06-30,13433.85,55.05
NIFTYMIDCAPSELECT,NIFTY Midcap Select,Broad Market,2025-07-31,2025-07-31,12867.1,50.95
NIFTYMIDCAPSELECT,NIFTY Midcap Select,Broad Market,2025-08-31,2025-08-29,12450.2,45.21
NIFTYMIDCAPSELECT,NIFTY Midcap Select,Broad Market,2025-09-30,2025-09-30,12599.25,28.62
NIFTYMIDCAPSELECT,NIFTY Midcap Select,Broad Market,2025-10-31,2025-10-31,13467.85,29.87
NIFTYMIDCAPSELECT,NIFTY Midcap Select,Broad Market,2025-11-30,2025-11-28,14043.7,29.68
NIFTYMIDCAPSELECT,NIFTY Midcap Select,Broad Market,2025-12-31,2025-12-31,13777.25,29.24
NIFTYMIDCAPSELECT,NIFTY Midcap Select,Broad Market,2026-01-31,2026-01-30,13400.05,28.25
NIFTYMIDCAPSELECT,NIFTY Midcap Select,Broad Market,2026-02-28,2026-02-27,13491.45,28.37
NIFTYMIDCAPSELECT,NIFTY Midcap Select,Broad Market,2026-03-31,2026-03-30,12158.75,29.66
NIFTYMIDCAPSELECT,NIFTY Midcap Select,Broad Market,2026-04-30,2026-04-30,13826,31.22
NIFTYMIDCAPSELECT,NIFTY Midcap Select,Broad Market,2026-05-31,2026-05-29,14474.9,30.19
NIFTYMIDCAPSELECT,NIFTY Midcap Select,Broad Market,2026-06-30,2026-06-30,14426.35,30.17
NIFTYMIDCAPSELECT,NIFTY Midcap Select,Broad Market,2026-07-31,2026-07-31,14784.4,35.66
NIFTYMIDCAPSELECT,NIFTY Midcap Select,Broad Market,2026-08-31,2026-08-31,15028.6,32.8
NIFTYMIDSMALLCAP400,NIFTY Midsmallcap 400,Broad Market,2021-04-30,2021-04-30,8463.05,42.84
NIFTYMIDSMALLCAP400,NIFTY Midsmallcap 400,Broad Market,2021-05-31,2021-05-31,9099.85,38.34
NIFTYMIDSMALLCAP400,NIFTY Midsmallcap 400,Broad Market,2021-06-30,2021-06-30,9559.3,35.22
NIFTYMIDSMALLCAP400,NIFTY Midsmallcap 400,Broad Market,2021-07-31,2021-07-30,10007.9,33.8
NIFTYMIDSMALLCAP400,NIFTY Midsmallcap 400,Broad Market,2021-08-31,2021-08-31,10052.6,28.58
NIFTYMIDSMALLCAP400,NIFTY Midsmallcap 400,Broad Market,2021-09-30,2021-09-30,10642.9,31.6
NIFTYMIDSMALLCAP400,NIFTY Midsmallcap 400,Broad Market,2021-10-31,2021-10-29,10666.3,30.79
NIFTYMIDSMALLCAP400,NIFTY Midsmallcap 400,Broad Market,2021-11-30,2021-11-30,10543.9,29.45
NIFTYMIDSMALLCAP400,NIFTY Midsmallcap 400,Broad Market,2021-12-31,2021-12-31,10928.5,30.7
NIFTYMIDSMALLCAP400,NIFTY Midsmallcap 400,Broad Market,2022-01-31,2022-01-31,10835.2,30.26
NIFTYMIDSMALLCAP400,NIFTY Midsmallcap 400,Broad Market,2022-02-28,2022-02-28,9996.45,26.62
NIFTYMIDSMALLCAP400,NIFTY Midsmallcap 400,Broad Market,2022-03-31,2022-03-31,10521.5,26.21
NIFTYMIDSMALLCAP400,NIFTY Midsmallcap 400,Broad Market,2022-04-30,2022-04-29,10585.6,26.21
NIFTYMIDSMALLCAP400,NIFTY Midsmallcap 400,Broad Market,2022-05-31,2022-05-31,9917.45,22.79
NIFTYMIDSMALLCAP400,NIFTY Midsmallcap 400,Broad Market,2022-06-30,2022-06-30,9340.6,21.69
NIFTYMIDSMALLCAP400,NIFTY Midsmallcap 400,Broad Market,2022-07-31,2022-07-29,10331.7,23.28
NIFTYMIDSMALLCAP400,NIFTY Midsmallcap 400,Broad Market,2022-08-31,2022-08-30,10940.75,23.53
NIFTYMIDSMALLCAP400,NIFTY Midsmallcap 400,Broad Market,2022-09-30,2022-09-30,10773.45,22.39
NIFTYMIDSMALLCAP400,NIFTY Midsmallcap 400,Broad Market,2022-10-31,2022-10-31,10972.8,22.37
NIFTYMIDSMALLCAP400,NIFTY Midsmallcap 400,Broad Market,2022-11-30,2022-11-30,11220.05,23.37
NIFTYMIDSMALLCAP400,NIFTY Midsmallcap 400,Broad Market,2022-12-31,2022-12-30,11025.7,23.26
NIFTYMIDSMALLCAP400,NIFTY Midsmallcap 400,Broad Market,2023-01-31,2023-01-31,10761.8,22.5
NIFTYMIDSMALLCAP400,NIFTY Midsmallcap 400,Broad Market,2023-02-28,2023-02-28,10516.95,21.48
NIFTYMIDSMALLCAP400,NIFTY Midsmallcap 400,Broad Market,2023-03-31,2023-03-31,10428.65,20.79
NIFTYMIDSMALLCAP400,NIFTY Midsmallcap 400,Broad Market,2023-04-30,2023-04-28,11030.1,22.05
NIFTYMIDSMALLCAP400,NIFTY Midsmallcap 400,Broad Market,2023-05-31,2023-05-31,11652.4,22.81
NIFTYMIDSMALLCAP400,NIFTY Midsmallcap 400,Broad Market,2023-06-30,2023-06-30,12378.5,24.24
NIFTYMIDSMALLCAP400,NIFTY Midsmallcap 400,Broad Market,2023-07-31,2023-07-31,13152.1,25.57
NIFTYMIDSMALLCAP400,NIFTY Midsmallcap 400,Broad Market,2023-08-31,2023-08-31,13719.8,24.86
NIFTYMIDSMALLCAP400,NIFTY Midsmallcap 400,Broad Market,2023-09-30,2023-09-29,14111.7,25.95
NIFTYMIDSMALLCAP400,NIFTY Midsmallcap 400,Broad Market,2023-10-31,2023-10-31,13679.75,24.48
NIFTYMIDSMALLCAP400,NIFTY Midsmallcap 400,Broad Market,2023-11-30,2023-11-30,15022,25.12
NIFTYMIDSMALLCAP400,NIFTY Midsmallcap 400,Broad Market,2023-12-31,2023-12-29,16015.55,26.8
NIFTYMIDSMALLCAP400,NIFTY Midsmallcap 400,Broad Market,2024-01-31,2024-01-31,16917.35,27.94
NIFTYMIDSMALLCAP400,NIFTY Midsmallcap 400,Broad Market,2024-02-29,2024-02-29,16845.15,27.61
NIFTYMIDSMALLCAP400,NIFTY Midsmallcap 400,Broad Market,2024-03-31,2024-03-28,16549.9,30.78
NIFTYMIDSMALLCAP400,NIFTY Midsmallcap 400,Broad Market,2024-04-30,2024-04-30,17839.95,32.84
NIFTYMIDSMALLCAP400,NIFTY Midsmallcap 400,Broad Market,2024-05-31,2024-05-31,18007.5,34.36
NIFTYMIDSMALLCAP400,NIFTY Midsmallcap 400,Broad Market,2024-06-30,2024-06-28,19529.65,37.31
NIFTYMIDSMALLCAP400,NIFTY Midsmallcap 400,Broad Market,2024-07-31,2024-07-31,20491.15,39.42
NIFTYMIDSMALLCAP400,NIFTY Midsmallcap 400,Broad Market,2024-08-31,2024-08-30,20620.05,38.7
NIFTYMIDSMALLCAP400,NIFTY Midsmallcap 400,Broad Market,2024-09-30,2024-09-30,20951.9,40.37
NIFTYMIDSMALLCAP400,NIFTY Midsmallcap 400,Broad Market,2024-10-31,2024-10-31,19818.1,38.39
NIFTYMIDSMALLCAP400,NIFTY Midsmallcap 400,Broad Market,2024-11-30,2024-11-29,19822.1,38.72
NIFTYMIDSMALLCAP400,NIFTY Midsmallcap 400,Broad Market,2024-12-31,2024-12-31,19978.1,39.56
NIFTYMIDSMALLCAP400,NIFTY Midsmallcap 400,Broad Market,2025-01-31,2025-01-31,18423.1,35.23
NIFTYMIDSMALLCAP400,NIFTY Midsmallcap 400,Broad Market,2025-02-28,2025-02-28,16338.65,30.46
NIFTYMIDSMALLCAP400,NIFTY Midsmallcap 400,Broad Market,2025-03-31,2025-03-28,17677.95,32.07
NIFTYMIDSMALLCAP400,NIFTY Midsmallcap 400,Broad Market,2025-04-30,2025-04-30,18234.6,32.52
NIFTYMIDSMALLCAP400,NIFTY Midsmallcap 400,Broad Market,2025-05-31,2025-05-30,19591.6,33.5
NIFTYMIDSMALLCAP400,NIFTY Midsmallcap 400,Broad Market,2025-06-30,2025-06-30,20506,34.75
NIFTYMIDSMALLCAP400,NIFTY Midsmallcap 400,Broad Market,2025-07-31,2025-07-31,19861.1,33.34
NIFTYMIDSMALLCAP400,NIFTY Midsmallcap 400,Broad Market,2025-08-31,2025-08-29,19232.3,31.89
NIFTYMIDSMALLCAP400,NIFTY Midsmallcap 400,Broad Market,2025-09-30,2025-09-30,19482.1,31.75
NIFTYMIDSMALLCAP400,NIFTY Midsmallcap 400,Broad Market,2025-10-31,2025-10-31,20340.95,32.85
NIFTYMIDSMALLCAP400,NIFTY Midsmallcap 400,Broad Market,2025-11-30,2025-11-28,20308.2,31.83
NIFTYMIDSMALLCAP400,NIFTY Midsmallcap 400,Broad Market,2025-12-31,2025-12-31,20217.5,32
NIFTYMIDSMALLCAP400,NIFTY Midsmallcap 400,Broad Market,2026-01-31,2026-01-30,19365.95,30.06
NIFTYMIDSMALLCAP400,NIFTY Midsmallcap 400,Broad Market,2026-02-28,2026-02-27,19627.5,30.08
NIFTYMIDSMALLCAP400,NIFTY Midsmallcap 400,Broad Market,2026-03-31,2026-03-30,17524.35,28.86
NIFTYMIDSMALLCAP400,NIFTY Midsmallcap 400,Broad Market,2026-04-30,2026-04-30,20064.95,32.2
NIFTYMIDSMALLCAP400,NIFTY Midsmallcap 400,Broad Market,2026-05-31,2026-05-29,20515.85,30.35
NIFTYMIDSMALLCAP400,NIFTY Midsmallcap 400,Broad Market,2026-06-30,2026-06-30,20932.8,31.08
NIFTYMIDSMALLCAP400,NIFTY Midsmallcap 400,Broad Market,2026-07-31,2026-07-31,21234.2,31.62
NIFTYMIDSMALLCAP400,NIFTY Midsmallcap 400,Broad Market,2026-08-31,2026-08-31,21658,30.82
NIFTYMIDSMALLCAP4005050,NIFTY Midsmallcap400 50:50,Broad Market,2026-02-28,2026-02-27,18894.93,29.03
NIFTYMIDSMALLCAP4005050,NIFTY Midsmallcap400 50:50,Broad Market,2026-03-31,2026-03-30,16900.67,28.02
NIFTYMIDSMALLCAP4005050,NIFTY Midsmallcap400 50:50,Broad Market,2026-04-30,2026-04-30,19464.06,31.59
NIFTYMIDSMALLCAP4005050,NIFTY Midsmallcap400 50:50,Broad Market,2026-05-31,2026-05-29,19870.35,31.1
NIFTYMIDSMALLCAP4005050,NIFTY Midsmallcap400 50:50,Broad Market,2026-06-30,2026-06-30,20383,32.04
NIFTYMIDSMALLCAP4005050,NIFTY Midsmallcap400 50:50,Broad Market,2026-07-31,2026-07-31,20661.35,32.21
NIFTYMIDSMALLCAP4005050,NIFTY Midsmallcap400 50:50,Broad Market,2026-08-31,2026-08-31,21099.9,31.5
NIFTYMIDSMALLCAP400MOMENTUMQUALITY100,NIFTY Midsmallcap400 Momentum Quality 100,Strategy / Thematic / Other,2024-02-29,2024-02-29,43433.42,22.79
NIFTYMIDSMALLCAP400MOMENTUMQUALITY100,NIFTY Midsmallcap400 Momentum Quality 100,Strategy / Thematic / Other,2024-03-31,2024-03-28,43604.09,22.88
NIFTYMIDSMALLCAP400MOMENTUMQUALITY100,NIFTY Midsmallcap400 Momentum Quality 100,Strategy / Thematic / Other,2024-04-30,2024-04-30,46866.62,24.38
NIFTYMIDSMALLCAP400MOMENTUMQUALITY100,NIFTY Midsmallcap400 Momentum Quality 100,Strategy / Thematic / Other,2024-05-31,2024-05-31,48416.58,24.43
NIFTYMIDSMALLCAP400MOMENTUMQUALITY100,NIFTY Midsmallcap400 Momentum Quality 100,Strategy / Thematic / Other,2024-06-30,2024-06-28,51948.14,35.16
NIFTYMIDSMALLCAP400MOMENTUMQUALITY100,NIFTY Midsmallcap400 Momentum Quality 100,Strategy / Thematic / Other,2024-07-31,2024-07-31,54942.34,36.52
NIFTYMIDSMALLCAP400MOMENTUMQUALITY100,NIFTY Midsmallcap400 Momentum Quality 100,Strategy / Thematic / Other,2024-08-31,2024-08-30,54826.74,34.96
NIFTYMIDSMALLCAP400MOMENTUMQUALITY100,NIFTY Midsmallcap400 Momentum Quality 100,Strategy / Thematic / Other,2024-09-30,2024-09-30,54519.17,34.76
NIFTYMIDSMALLCAP400MOMENTUMQUALITY100,NIFTY Midsmallcap400 Momentum Quality 100,Strategy / Thematic / Other,2024-10-31,2024-10-31,51377.65,32.66
NIFTYMIDSMALLCAP400MOMENTUMQUALITY100,NIFTY Midsmallcap400 Momentum Quality 100,Strategy / Thematic / Other,2024-11-30,2024-11-29,51690.65,31.61
NIFTYMIDSMALLCAP400MOMENTUMQUALITY100,NIFTY Midsmallcap400 Momentum Quality 100,Strategy / Thematic / Other,2024-12-31,2024-12-31,51384.65,38.79
NIFTYMIDSMALLCAP400MOMENTUMQUALITY100,NIFTY Midsmallcap400 Momentum Quality 100,Strategy / Thematic / Other,2025-01-31,2025-01-31,46196.95,33.8
NIFTYMIDSMALLCAP400MOMENTUMQUALITY100,NIFTY Midsmallcap400 Momentum Quality 100,Strategy / Thematic / Other,2025-02-28,2025-02-28,40874.3,29.15
NIFTYMIDSMALLCAP400MOMENTUMQUALITY100,NIFTY Midsmallcap400 Momentum Quality 100,Strategy / Thematic / Other,2025-03-31,2025-03-28,44180.65,33.08
NIFTYMIDSMALLCAP400MOMENTUMQUALITY100,NIFTY Midsmallcap400 Momentum Quality 100,Strategy / Thematic / Other,2025-04-30,2025-04-30,45939.6,34.51
NIFTYMIDSMALLCAP400MOMENTUMQUALITY100,NIFTY Midsmallcap400 Momentum Quality 100,Strategy / Thematic / Other,2025-05-31,2025-05-30,49415.35,35.29
NIFTYMIDSMALLCAP400MOMENTUMQUALITY100,NIFTY Midsmallcap400 Momentum Quality 100,Strategy / Thematic / Other,2025-06-30,2025-06-30,51291.3,36.21
NIFTYMIDSMALLCAP400MOMENTUMQUALITY100,NIFTY Midsmallcap400 Momentum Quality 100,Strategy / Thematic / Other,2025-07-31,2025-07-31,48578.7,33.97
NIFTYMIDSMALLCAP400MOMENTUMQUALITY100,NIFTY Midsmallcap400 Momentum Quality 100,Strategy / Thematic / Other,2025-08-31,2025-08-29,46704,32.5
NIFTYMIDSMALLCAP400MOMENTUMQUALITY100,NIFTY Midsmallcap400 Momentum Quality 100,Strategy / Thematic / Other,2025-09-30,2025-09-30,46707.9,32.52
NIFTYMIDSMALLCAP400MOMENTUMQUALITY100,NIFTY Midsmallcap400 Momentum Quality 100,Strategy / Thematic / Other,2025-10-31,2025-10-31,48725.95,33.69
NIFTYMIDSMALLCAP400MOMENTUMQUALITY100,NIFTY Midsmallcap400 Momentum Quality 100,Strategy / Thematic / Other,2025-11-30,2025-11-28,49231.6,32.72
NIFTYMIDSMALLCAP400MOMENTUMQUALITY100,NIFTY Midsmallcap400 Momentum Quality 100,Strategy / Thematic / Other,2025-12-31,2025-12-31,47565.9,29.42
NIFTYMIDSMALLCAP400MOMENTUMQUALITY100,NIFTY Midsmallcap400 Momentum Quality 100,Strategy / Thematic / Other,2026-01-31,2026-01-30,46821.65,28.46
NIFTYMIDSMALLCAP400MOMENTUMQUALITY100,NIFTY Midsmallcap400 Momentum Quality 100,Strategy / Thematic / Other,2026-02-28,2026-02-27,46952.05,28.07
NIFTYMIDSMALLCAP400MOMENTUMQUALITY100,NIFTY Midsmallcap400 Momentum Quality 100,Strategy / Thematic / Other,2026-03-31,2026-03-30,42723.25,25.54
NIFTYMIDSMALLCAP400MOMENTUMQUALITY100,NIFTY Midsmallcap400 Momentum Quality 100,Strategy / Thematic / Other,2026-04-30,2026-04-30,49320.8,28.94
NIFTYMIDSMALLCAP400MOMENTUMQUALITY100,NIFTY Midsmallcap400 Momentum Quality 100,Strategy / Thematic / Other,2026-05-31,2026-05-29,50771.7,28.76
NIFTYMIDSMALLCAP400MOMENTUMQUALITY100,NIFTY Midsmallcap400 Momentum Quality 100,Strategy / Thematic / Other,2026-06-30,2026-06-30,50605.4,31.5
NIFTYMIDSMALLCAP400MOMENTUMQUALITY100,NIFTY Midsmallcap400 Momentum Quality 100,Strategy / Thematic / Other,2026-07-31,2026-07-31,50904.5,30.81
NIFTYMIDSMALLCAP400MOMENTUMQUALITY100,NIFTY Midsmallcap400 Momentum Quality 100,Strategy / Thematic / Other,2026-08-31,2026-08-31,52543.45,30.89
NIFTYMIDSMALLFINANCIALSERVICES,NIFTY Midsmall Financial Services,Sectoral,2022-08-31,2022-08-30,8039.46,10.47
NIFTYMIDSMALLFINANCIALSERVICES,NIFTY Midsmall Financial Services,Sectoral,2022-09-30,2022-09-30,7668.42,10.1
NIFTYMIDSMALLFINANCIALSERVICES,NIFTY Midsmall Financial Services,Sectoral,2022-10-31,2022-10-31,8013.03,10.1
NIFTYMIDSMALLFINANCIALSERVICES,NIFTY Midsmall Financial Services,Sectoral,2022-11-30,2022-11-30,8478.4,10.7
NIFTYMIDSMALLFINANCIALSERVICES,NIFTY Midsmall Financial Services,Sectoral,2022-12-31,2022-12-30,8774.41,11.08
NIFTYMIDSMALLFINANCIALSERVICES,NIFTY Midsmall Financial Services,Sectoral,2023-01-31,2023-01-31,8457.6,10.57
NIFTYMIDSMALLFINANCIALSERVICES,NIFTY Midsmall Financial Services,Sectoral,2023-02-28,2023-02-28,8160.25,9.89
NIFTYMIDSMALLFINANCIALSERVICES,NIFTY Midsmall Financial Services,Sectoral,2023-03-31,2023-03-31,8014.9,10.9
NIFTYMIDSMALLFINANCIALSERVICES,NIFTY Midsmall Financial Services,Sectoral,2023-04-30,2023-04-28,8635.2,11.76
NIFTYMIDSMALLFINANCIALSERVICES,NIFTY Midsmall Financial Services,Sectoral,2023-05-31,2023-05-31,9156.79,11.77
NIFTYMIDSMALLFINANCIALSERVICES,NIFTY Midsmall Financial Services,Sectoral,2023-06-30,2023-06-30,9929.14,12.96
NIFTYMIDSMALLFINANCIALSERVICES,NIFTY Midsmall Financial Services,Sectoral,2023-07-31,2023-07-31,10560.98,13.34
NIFTYMIDSMALLFINANCIALSERVICES,NIFTY Midsmall Financial Services,Sectoral,2023-08-31,2023-08-31,10874.39,13.11
NIFTYMIDSMALLFINANCIALSERVICES,NIFTY Midsmall Financial Services,Sectoral,2023-09-30,2023-09-29,11527.46,14.51
NIFTYMIDSMALLFINANCIALSERVICES,NIFTY Midsmall Financial Services,Sectoral,2023-10-31,2023-10-31,11063.02,13.45
NIFTYMIDSMALLFINANCIALSERVICES,NIFTY Midsmall Financial Services,Sectoral,2023-11-30,2023-11-30,12361.29,13.99
NIFTYMIDSMALLFINANCIALSERVICES,NIFTY Midsmall Financial Services,Sectoral,2023-12-31,2023-12-29,12999.92,14.99
NIFTYMIDSMALLFINANCIALSERVICES,NIFTY Midsmall Financial Services,Sectoral,2024-01-31,2024-01-31,13601.93,16.3
NIFTYMIDSMALLFINANCIALSERVICES,NIFTY Midsmall Financial Services,Sectoral,2024-02-29,2024-02-29,13311.68,15.67
NIFTYMIDSMALLFINANCIALSERVICES,NIFTY Midsmall Financial Services,Sectoral,2024-03-31,2024-03-28,12833.33,20.12
NIFTYMIDSMALLFINANCIALSERVICES,NIFTY Midsmall Financial Services,Sectoral,2024-04-30,2024-04-30,14062.07,21.81
NIFTYMIDSMALLFINANCIALSERVICES,NIFTY Midsmall Financial Services,Sectoral,2024-05-31,2024-05-31,13515.3,20.62
NIFTYMIDSMALLFINANCIALSERVICES,NIFTY Midsmall Financial Services,Sectoral,2024-06-30,2024-06-28,14522.11,22.27
NIFTYMIDSMALLFINANCIALSERVICES,NIFTY Midsmall Financial Services,Sectoral,2024-07-31,2024-07-31,14932.58,22.39
NIFTYMIDSMALLFINANCIALSERVICES,NIFTY Midsmall Financial Services,Sectoral,2024-08-31,2024-08-30,15407.89,23.18
NIFTYMIDSMALLFINANCIALSERVICES,NIFTY Midsmall Financial Services,Sectoral,2024-09-30,2024-09-30,15937.09,25.53
NIFTYMIDSMALLFINANCIALSERVICES,NIFTY Midsmall Financial Services,Sectoral,2024-10-31,2024-10-31,15614.83,23.34
NIFTYMIDSMALLFINANCIALSERVICES,NIFTY Midsmall Financial Services,Sectoral,2024-11-30,2024-11-29,15644.7,23.03
NIFTYMIDSMALLFINANCIALSERVICES,NIFTY Midsmall Financial Services,Sectoral,2024-12-31,2024-12-31,15829.4,23.44
NIFTYMIDSMALLFINANCIALSERVICES,NIFTY Midsmall Financial Services,Sectoral,2025-01-31,2025-01-31,15166.95,21.16
NIFTYMIDSMALLFINANCIALSERVICES,NIFTY Midsmall Financial Services,Sectoral,2025-02-28,2025-02-28,13821.8,19.55
NIFTYMIDSMALLFINANCIALSERVICES,NIFTY Midsmall Financial Services,Sectoral,2025-03-31,2025-03-28,14961.35,20.2
NIFTYMIDSMALLFINANCIALSERVICES,NIFTY Midsmall Financial Services,Sectoral,2025-04-30,2025-04-30,16167.35,22.22
NIFTYMIDSMALLFINANCIALSERVICES,NIFTY Midsmall Financial Services,Sectoral,2025-05-31,2025-05-30,17713.05,23.84
NIFTYMIDSMALLFINANCIALSERVICES,NIFTY Midsmall Financial Services,Sectoral,2025-06-30,2025-06-30,19104.85,25.35
NIFTYMIDSMALLFINANCIALSERVICES,NIFTY Midsmall Financial Services,Sectoral,2025-07-31,2025-07-31,17867.55,23.57
NIFTYMIDSMALLFINANCIALSERVICES,NIFTY Midsmall Financial Services,Sectoral,2025-08-31,2025-08-29,17442,22.91
NIFTYMIDSMALLFINANCIALSERVICES,NIFTY Midsmall Financial Services,Sectoral,2025-09-30,2025-09-30,17964.9,24.12
NIFTYMIDSMALLFINANCIALSERVICES,NIFTY Midsmall Financial Services,Sectoral,2025-10-31,2025-10-31,19714.8,27.85
NIFTYMIDSMALLFINANCIALSERVICES,NIFTY Midsmall Financial Services,Sectoral,2025-11-30,2025-11-28,20845.75,29.69
NIFTYMIDSMALLFINANCIALSERVICES,NIFTY Midsmall Financial Services,Sectoral,2025-12-31,2025-12-31,20730.5,29.83
NIFTYMIDSMALLFINANCIALSERVICES,NIFTY Midsmall Financial Services,Sectoral,2026-01-31,2026-01-30,20616,29.71
NIFTYMIDSMALLFINANCIALSERVICES,NIFTY Midsmall Financial Services,Sectoral,2026-02-28,2026-02-27,20585.05,28.67
NIFTYMIDSMALLFINANCIALSERVICES,NIFTY Midsmall Financial Services,Sectoral,2026-03-31,2026-03-30,18073.8,27.8
NIFTYMIDSMALLFINANCIALSERVICES,NIFTY Midsmall Financial Services,Sectoral,2026-04-30,2026-04-30,21227.4,29.27
NIFTYMIDSMALLFINANCIALSERVICES,NIFTY Midsmall Financial Services,Sectoral,2026-05-31,2026-05-29,21990.95,28.43
NIFTYMIDSMALLFINANCIALSERVICES,NIFTY Midsmall Financial Services,Sectoral,2026-06-30,2026-06-30,22147.1,28.72
NIFTYMIDSMALLFINANCIALSERVICES,NIFTY Midsmall Financial Services,Sectoral,2026-07-31,2026-07-31,22312.3,27.54
NIFTYMIDSMALLFINANCIALSERVICES,NIFTY Midsmall Financial Services,Sectoral,2026-08-31,2026-08-31,23006.9,26.01
NIFTYMIDSMALLHEALTHCARE,NIFTY Midsmall Healthcare,Sectoral,2022-08-31,2022-08-30,20813.79,32.87
NIFTYMIDSMALLHEALTHCARE,NIFTY Midsmall Healthcare,Sectoral,2022-09-30,2022-09-30,20602.06,37.51
NIFTYMIDSMALLHEALTHCARE,NIFTY Midsmall Healthcare,Sectoral,2022-10-31,2022-10-31,20970.1,38.17
NIFTYMIDSMALLHEALTHCARE,NIFTY Midsmall Healthcare,Sectoral,2022-11-30,2022-11-30,20791.69,32.59
NIFTYMIDSMALLHEALTHCARE,NIFTY Midsmall Healthcare,Sectoral,2022-12-31,2022-12-30,20145.54,32.18
NIFTYMIDSMALLHEALTHCARE,NIFTY Midsmall Healthcare,Sectoral,2023-01-31,2023-01-31,19597.2,31.07
NIFTYMIDSMALLHEALTHCARE,NIFTY Midsmall Healthcare,Sectoral,2023-02-28,2023-02-28,19417.29,31.98
NIFTYMIDSMALLHEALTHCARE,NIFTY Midsmall Healthcare,Sectoral,2023-03-31,2023-03-31,19781.16,33.08
NIFTYMIDSMALLHEALTHCARE,NIFTY Midsmall Healthcare,Sectoral,2023-04-30,2023-04-28,20882.8,34.87
NIFTYMIDSMALLHEALTHCARE,NIFTY Midsmall Healthcare,Sectoral,2023-05-31,2023-05-31,21908.92,35.16
NIFTYMIDSMALLHEALTHCARE,NIFTY Midsmall Healthcare,Sectoral,2023-06-30,2023-06-30,24110.24,38.86
NIFTYMIDSMALLHEALTHCARE,NIFTY Midsmall Healthcare,Sectoral,2023-07-31,2023-07-31,25719.73,42.3
NIFTYMIDSMALLHEALTHCARE,NIFTY Midsmall Healthcare,Sectoral,2023-08-31,2023-08-31,26289.92,39.67
NIFTYMIDSMALLHEALTHCARE,NIFTY Midsmall Healthcare,Sectoral,2023-09-30,2023-09-29,26954.94,41.92
NIFTYMIDSMALLHEALTHCARE,NIFTY Midsmall Healthcare,Sectoral,2023-10-31,2023-10-31,25881.95,41.11
NIFTYMIDSMALLHEALTHCARE,NIFTY Midsmall Healthcare,Sectoral,2023-11-30,2023-11-30,29194.69,44.6
NIFTYMIDSMALLHEALTHCARE,NIFTY Midsmall Healthcare,Sectoral,2023-12-31,2023-12-29,30598.71,46.77
NIFTYMIDSMALLHEALTHCARE,NIFTY Midsmall Healthcare,Sectoral,2024-01-31,2024-01-31,32385.42,50.27
NIFTYMIDSMALLHEALTHCARE,NIFTY Midsmall Healthcare,Sectoral,2024-02-29,2024-02-29,32814.44,47.04
NIFTYMIDSMALLHEALTHCARE,NIFTY Midsmall Healthcare,Sectoral,2024-03-31,2024-03-28,32787.78,47.33
NIFTYMIDSMALLHEALTHCARE,NIFTY Midsmall Healthcare,Sectoral,2024-04-30,2024-04-30,34088.65,49.14
NIFTYMIDSMALLHEALTHCARE,NIFTY Midsmall Healthcare,Sectoral,2024-05-31,2024-05-31,33353.75,48.13
NIFTYMIDSMALLHEALTHCARE,NIFTY Midsmall Healthcare,Sectoral,2024-06-30,2024-06-28,35665.1,51.25
NIFTYMIDSMALLHEALTHCARE,NIFTY Midsmall Healthcare,Sectoral,2024-07-31,2024-07-31,38702.05,55.79
NIFTYMIDSMALLHEALTHCARE,NIFTY Midsmall Healthcare,Sectoral,2024-08-31,2024-08-30,41451.3,53.31
NIFTYMIDSMALLHEALTHCARE,NIFTY Midsmall Healthcare,Sectoral,2024-09-30,2024-09-30,42263.7,53.73
NIFTYMIDSMALLHEALTHCARE,NIFTY Midsmall Healthcare,Sectoral,2024-10-31,2024-10-31,42759.6,53.96
NIFTYMIDSMALLHEALTHCARE,NIFTY Midsmall Healthcare,Sectoral,2024-11-30,2024-11-29,42096.5,49.55
NIFTYMIDSMALLHEALTHCARE,NIFTY Midsmall Healthcare,Sectoral,2024-12-31,2024-12-31,44199.3,52.06
NIFTYMIDSMALLHEALTHCARE,NIFTY Midsmall Healthcare,Sectoral,2025-01-31,2025-01-31,40214.55,47.23
NIFTYMIDSMALLHEALTHCARE,NIFTY Midsmall Healthcare,Sectoral,2025-02-28,2025-02-28,37115.5,42.2
NIFTYMIDSMALLHEALTHCARE,NIFTY Midsmall Healthcare,Sectoral,2025-03-31,2025-03-28,40868.35,46.46
NIFTYMIDSMALLHEALTHCARE,NIFTY Midsmall Healthcare,Sectoral,2025-04-30,2025-04-30,40811.6,45.84
NIFTYMIDSMALLHEALTHCARE,NIFTY Midsmall Healthcare,Sectoral,2025-05-31,2025-05-30,41238.35,42.67
NIFTYMIDSMALLHEALTHCARE,NIFTY Midsmall Healthcare,Sectoral,2025-06-30,2025-06-30,43459.85,44.67
NIFTYMIDSMALLHEALTHCARE,NIFTY Midsmall Healthcare,Sectoral,2025-07-31,2025-07-31,45249,45.99
NIFTYMIDSMALLHEALTHCARE,NIFTY Midsmall Healthcare,Sectoral,2025-08-31,2025-08-29,43313.6,44.78
NIFTYMIDSMALLHEALTHCARE,NIFTY Midsmall Healthcare,Sectoral,2025-09-30,2025-09-30,43141.45,43.36
NIFTYMIDSMALLHEALTHCARE,NIFTY Midsmall Healthcare,Sectoral,2025-10-31,2025-10-31,44083.4,43.81
NIFTYMIDSMALLHEALTHCARE,NIFTY Midsmall Healthcare,Sectoral,2025-11-30,2025-11-28,44227.5,41.62
NIFTYMIDSMALLHEALTHCARE,NIFTY Midsmall Healthcare,Sectoral,2025-12-31,2025-12-31,43866,41.28
NIFTYMIDSMALLHEALTHCARE,NIFTY Midsmall Healthcare,Sectoral,2026-01-31,2026-01-30,41723.6,39.25
NIFTYMIDSMALLHEALTHCARE,NIFTY Midsmall Healthcare,Sectoral,2026-02-28,2026-02-27,43954.3,41.16
NIFTYMIDSMALLHEALTHCARE,NIFTY Midsmall Healthcare,Sectoral,2026-03-31,2026-03-30,41705.75,39.48
NIFTYMIDSMALLHEALTHCARE,NIFTY Midsmall Healthcare,Sectoral,2026-04-30,2026-04-30,44973.8,42.57
NIFTYMIDSMALLHEALTHCARE,NIFTY Midsmall Healthcare,Sectoral,2026-05-31,2026-05-29,47781.6,43.47
NIFTYMIDSMALLHEALTHCARE,NIFTY Midsmall Healthcare,Sectoral,2026-06-30,2026-06-30,50169.15,45.4
NIFTYMIDSMALLHEALTHCARE,NIFTY Midsmall Healthcare,Sectoral,2026-07-31,2026-07-31,51754.1,46.5
NIFTYMIDSMALLHEALTHCARE,NIFTY Midsmall Healthcare,Sectoral,2026-08-31,2026-08-31,52539.75,45.61
NIFTYMIDSMALLINDIACONSUMPTION,NIFTY Midsmall India Consumption,Strategy / Thematic / Other,2022-10-31,2022-10-31,11353.05,201.67
NIFTYMIDSMALLINDIACONSUMPTION,NIFTY Midsmall India Consumption,Strategy / Thematic / Other,2022-11-30,2022-11-30,11301.06,199.97
NIFTYMIDSMALLINDIACONSUMPTION,NIFTY Midsmall India Consumption,Strategy / Thematic / Other,2022-12-31,2022-12-30,10930.19,178.96
NIFTYMIDSMALLINDIACONSUMPTION,NIFTY Midsmall India Consumption,Strategy / Thematic / Other,2023-01-31,2023-01-31,10364.36,165.78
NIFTYMIDSMALLINDIACONSUMPTION,NIFTY Midsmall India Consumption,Strategy / Thematic / Other,2023-02-28,2023-02-28,10264.17,89.48
NIFTYMIDSMALLINDIACONSUMPTION,NIFTY Midsmall India Consumption,Strategy / Thematic / Other,2023-03-31,2023-03-31,10393.1,48.46
NIFTYMIDSMALLINDIACONSUMPTION,NIFTY Midsmall India Consumption,Strategy / Thematic / Other,2023-04-30,2023-04-28,10586.38,49.05
NIFTYMIDSMALLINDIACONSUMPTION,NIFTY Midsmall India Consumption,Strategy / Thematic / Other,2023-05-31,2023-05-31,11414.96,53.48
NIFTYMIDSMALLINDIACONSUMPTION,NIFTY Midsmall India Consumption,Strategy / Thematic / Other,2023-06-30,2023-06-30,12071.99,54.41
NIFTYMIDSMALLINDIACONSUMPTION,NIFTY Midsmall India Consumption,Strategy / Thematic / Other,2023-07-31,2023-07-31,12820.37,57.19
NIFTYMIDSMALLINDIACONSUMPTION,NIFTY Midsmall India Consumption,Strategy / Thematic / Other,2023-08-31,2023-08-31,13124.65,60.72
NIFTYMIDSMALLINDIACONSUMPTION,NIFTY Midsmall India Consumption,Strategy / Thematic / Other,2023-09-30,2023-09-29,13294.37,62.3
NIFTYMIDSMALLINDIACONSUMPTION,NIFTY Midsmall India Consumption,Strategy / Thematic / Other,2023-10-31,2023-10-31,12997.95,57.03
NIFTYMIDSMALLINDIACONSUMPTION,NIFTY Midsmall India Consumption,Strategy / Thematic / Other,2023-11-30,2023-11-30,14389.26,63.39
NIFTYMIDSMALLINDIACONSUMPTION,NIFTY Midsmall India Consumption,Strategy / Thematic / Other,2023-12-31,2023-12-29,15166.13,66.8
NIFTYMIDSMALLINDIACONSUMPTION,NIFTY Midsmall India Consumption,Strategy / Thematic / Other,2024-01-31,2024-01-31,15275.17,68.11
NIFTYMIDSMALLINDIACONSUMPTION,NIFTY Midsmall India Consumption,Strategy / Thematic / Other,2024-02-29,2024-02-29,15509.87,66.62
NIFTYMIDSMALLINDIACONSUMPTION,NIFTY Midsmall India Consumption,Strategy / Thematic / Other,2024-03-31,2024-03-28,15538.55,61.71
NIFTYMIDSMALLINDIACONSUMPTION,NIFTY Midsmall India Consumption,Strategy / Thematic / Other,2024-04-30,2024-04-30,16629.8,65.63
NIFTYMIDSMALLINDIACONSUMPTION,NIFTY Midsmall India Consumption,Strategy / Thematic / Other,2024-05-31,2024-05-31,16794.7,62.63
NIFTYMIDSMALLINDIACONSUMPTION,NIFTY Midsmall India Consumption,Strategy / Thematic / Other,2024-06-30,2024-06-28,18561.53,68.99
NIFTYMIDSMALLINDIACONSUMPTION,NIFTY Midsmall India Consumption,Strategy / Thematic / Other,2024-07-31,2024-07-31,19171.61,70.55
NIFTYMIDSMALLINDIACONSUMPTION,NIFTY Midsmall India Consumption,Strategy / Thematic / Other,2024-08-31,2024-08-30,19671.17,66.07
NIFTYMIDSMALLINDIACONSUMPTION,NIFTY Midsmall India Consumption,Strategy / Thematic / Other,2024-09-30,2024-09-30,20303.42,68.56
NIFTYMIDSMALLINDIACONSUMPTION,NIFTY Midsmall India Consumption,Strategy / Thematic / Other,2024-10-31,2024-10-31,19299.21,63.51
NIFTYMIDSMALLINDIACONSUMPTION,NIFTY Midsmall India Consumption,Strategy / Thematic / Other,2024-11-30,2024-11-29,19552.42,62.96
NIFTYMIDSMALLINDIACONSUMPTION,NIFTY Midsmall India Consumption,Strategy / Thematic / Other,2024-12-31,2024-12-31,20504.45,66.11
NIFTYMIDSMALLINDIACONSUMPTION,NIFTY Midsmall India Consumption,Strategy / Thematic / Other,2025-01-31,2025-01-31,18524.45,57.63
NIFTYMIDSMALLINDIACONSUMPTION,NIFTY Midsmall India Consumption,Strategy / Thematic / Other,2025-02-28,2025-02-28,17131.45,52.43
NIFTYMIDSMALLINDIACONSUMPTION,NIFTY Midsmall India Consumption,Strategy / Thematic / Other,2025-03-31,2025-03-28,18359.35,215.88
NIFTYMIDSMALLINDIACONSUMPTION,NIFTY Midsmall India Consumption,Strategy / Thematic / Other,2025-04-30,2025-04-30,19029.5,121.88
NIFTYMIDSMALLINDIACONSUMPTION,NIFTY Midsmall India Consumption,Strategy / Thematic / Other,2025-05-31,2025-05-30,18906.85,109.74
NIFTYMIDSMALLINDIACONSUMPTION,NIFTY Midsmall India Consumption,Strategy / Thematic / Other,2025-06-30,2025-06-30,19783.15,111.46
NIFTYMIDSMALLINDIACONSUMPTION,NIFTY Midsmall India Consumption,Strategy / Thematic / Other,2025-07-31,2025-07-31,19600.15,109.37
NIFTYMIDSMALLINDIACONSUMPTION,NIFTY Midsmall India Consumption,Strategy / Thematic / Other,2025-08-31,2025-08-29,19252.1,107.47
NIFTYMIDSMALLINDIACONSUMPTION,NIFTY Midsmall India Consumption,Strategy / Thematic / Other,2025-09-30,2025-09-30,19080.6,101.54
NIFTYMIDSMALLINDIACONSUMPTION,NIFTY Midsmall India Consumption,Strategy / Thematic / Other,2025-10-31,2025-10-31,19686.6,102.91
NIFTYMIDSMALLINDIACONSUMPTION,NIFTY Midsmall India Consumption,Strategy / Thematic / Other,2025-11-30,2025-11-28,19416.8,90.98
NIFTYMIDSMALLINDIACONSUMPTION,NIFTY Midsmall India Consumption,Strategy / Thematic / Other,2025-12-31,2025-12-31,18847.45,95.98
NIFTYMIDSMALLINDIACONSUMPTION,NIFTY Midsmall India Consumption,Strategy / Thematic / Other,2026-01-31,2026-01-30,17463.3,84.9
NIFTYMIDSMALLINDIACONSUMPTION,NIFTY Midsmall India Consumption,Strategy / Thematic / Other,2026-02-28,2026-02-27,18043.9,84.98
NIFTYMIDSMALLINDIACONSUMPTION,NIFTY Midsmall India Consumption,Strategy / Thematic / Other,2026-03-31,2026-03-30,15848.5,71.68
NIFTYMIDSMALLINDIACONSUMPTION,NIFTY Midsmall India Consumption,Strategy / Thematic / Other,2026-04-30,2026-04-30,17711.9,78.97
NIFTYMIDSMALLINDIACONSUMPTION,NIFTY Midsmall India Consumption,Strategy / Thematic / Other,2026-05-31,2026-05-29,17587.9,33.04
NIFTYMIDSMALLINDIACONSUMPTION,NIFTY Midsmall India Consumption,Strategy / Thematic / Other,2026-06-30,2026-06-30,18045.55,34.23
NIFTYMIDSMALLINDIACONSUMPTION,NIFTY Midsmall India Consumption,Strategy / Thematic / Other,2026-07-31,2026-07-31,19006.65,35.82
NIFTYMIDSMALLINDIACONSUMPTION,NIFTY Midsmall India Consumption,Strategy / Thematic / Other,2026-08-31,2026-08-31,18755.95,33.84
NIFTYMIDSMALLITTELECOM,NIFTY Midsmall IT & Telecom,Sectoral,2022-08-31,2022-08-30,6127.29,
NIFTYMIDSMALLITTELECOM,NIFTY Midsmall IT & Telecom,Sectoral,2022-09-30,2022-09-30,5885.28,
NIFTYMIDSMALLITTELECOM,NIFTY Midsmall IT & Telecom,Sectoral,2022-10-31,2022-10-31,5830.32,
NIFTYMIDSMALLITTELECOM,NIFTY Midsmall IT & Telecom,Sectoral,2022-11-30,2022-11-30,6104.37,
NIFTYMIDSMALLITTELECOM,NIFTY Midsmall IT & Telecom,Sectoral,2022-12-31,2022-12-30,5762.81,
NIFTYMIDSMALLITTELECOM,NIFTY Midsmall IT & Telecom,Sectoral,2023-01-31,2023-01-31,5990.49,
NIFTYMIDSMALLITTELECOM,NIFTY Midsmall IT & Telecom,Sectoral,2023-02-28,2023-02-28,6071.98,284.06
NIFTYMIDSMALLITTELECOM,NIFTY Midsmall IT & Telecom,Sectoral,2023-03-31,2023-03-31,5925.99,428.69
NIFTYMIDSMALLITTELECOM,NIFTY Midsmall IT & Telecom,Sectoral,2023-04-30,2023-04-28,6315.7,417.15
NIFTYMIDSMALLITTELECOM,NIFTY Midsmall IT & Telecom,Sectoral,2023-05-31,2023-05-31,6913.29,424.62
NIFTYMIDSMALLITTELECOM,NIFTY Midsmall IT & Telecom,Sectoral,2023-06-30,2023-06-30,7293.14,253.63
NIFTYMIDSMALLITTELECOM,NIFTY Midsmall IT & Telecom,Sectoral,2023-07-31,2023-07-31,7533.62,240.79
NIFTYMIDSMALLITTELECOM,NIFTY Midsmall IT & Telecom,Sectoral,2023-08-31,2023-08-31,8031.94,275.48
NIFTYMIDSMALLITTELECOM,NIFTY Midsmall IT & Telecom,Sectoral,2023-09-30,2023-09-29,8193.58,126
NIFTYMIDSMALLITTELECOM,NIFTY Midsmall IT & Telecom,Sectoral,2023-10-31,2023-10-31,8004.79,128.26
NIFTYMIDSMALLITTELECOM,NIFTY Midsmall IT & Telecom,Sectoral,2023-11-30,2023-11-30,8787.37,137.07
NIFTYMIDSMALLITTELECOM,NIFTY Midsmall IT & Telecom,Sectoral,2023-12-31,2023-12-29,9733.5,151.18
NIFTYMIDSMALLITTELECOM,NIFTY Midsmall IT & Telecom,Sectoral,2024-01-31,2024-01-31,9943.75,111.02
NIFTYMIDSMALLITTELECOM,NIFTY Midsmall IT & Telecom,Sectoral,2024-02-29,2024-02-29,10273.06,119.09
NIFTYMIDSMALLITTELECOM,NIFTY Midsmall IT & Telecom,Sectoral,2024-03-31,2024-03-28,9846.6,117.97
NIFTYMIDSMALLITTELECOM,NIFTY Midsmall IT & Telecom,Sectoral,2024-04-30,2024-04-30,9431.88,106.65
NIFTYMIDSMALLITTELECOM,NIFTY Midsmall IT & Telecom,Sectoral,2024-05-31,2024-05-31,9261.3,
NIFTYMIDSMALLITTELECOM,NIFTY Midsmall IT & Telecom,Sectoral,2024-06-30,2024-06-28,10430.4,
NIFTYMIDSMALLITTELECOM,NIFTY Midsmall IT & Telecom,Sectoral,2024-07-31,2024-07-31,11222.13,
NIFTYMIDSMALLITTELECOM,NIFTY Midsmall IT & Telecom,Sectoral,2024-08-31,2024-08-30,11600.42,
NIFTYMIDSMALLITTELECOM,NIFTY Midsmall IT & Telecom,Sectoral,2024-09-30,2024-09-30,11146.85,1427.61
NIFTYMIDSMALLITTELECOM,NIFTY Midsmall IT & Telecom,Sectoral,2024-10-31,2024-10-31,10382.13,390.89
NIFTYMIDSMALLITTELECOM,NIFTY Midsmall IT & Telecom,Sectoral,2024-11-30,2024-11-29,10834.56,271.04
NIFTYMIDSMALLITTELECOM,NIFTY Midsmall IT & Telecom,Sectoral,2024-12-31,2024-12-31,11093.7,660.51
NIFTYMIDSMALLITTELECOM,NIFTY Midsmall IT & Telecom,Sectoral,2025-01-31,2025-01-31,10272.6,201.7
NIFTYMIDSMALLITTELECOM,NIFTY Midsmall IT & Telecom,Sectoral,2025-02-28,2025-02-28,8780.8,155.3
NIFTYMIDSMALLITTELECOM,NIFTY Midsmall IT & Telecom,Sectoral,2025-03-31,2025-03-28,9146.75,137.39
NIFTYMIDSMALLITTELECOM,NIFTY Midsmall IT & Telecom,Sectoral,2025-04-30,2025-04-30,9344.75,64.53
NIFTYMIDSMALLITTELECOM,NIFTY Midsmall IT & Telecom,Sectoral,2025-05-31,2025-05-30,9946.85,68.31
NIFTYMIDSMALLITTELECOM,NIFTY Midsmall IT & Telecom,Sectoral,2025-06-30,2025-06-30,10487.45,70.94
NIFTYMIDSMALLITTELECOM,NIFTY Midsmall IT & Telecom,Sectoral,2025-07-31,2025-07-31,9675.9,65.11
NIFTYMIDSMALLITTELECOM,NIFTY Midsmall IT & Telecom,Sectoral,2025-08-31,2025-08-29,9326.05,64.88
NIFTYMIDSMALLITTELECOM,NIFTY Midsmall IT & Telecom,Sectoral,2025-09-30,2025-09-30,9140.75,62.02
NIFTYMIDSMALLITTELECOM,NIFTY Midsmall IT & Telecom,Sectoral,2025-10-31,2025-10-31,9949.15,67.47
NIFTYMIDSMALLITTELECOM,NIFTY Midsmall IT & Telecom,Sectoral,2025-11-30,2025-11-28,10280.2,64.24
NIFTYMIDSMALLITTELECOM,NIFTY Midsmall IT & Telecom,Sectoral,2025-12-31,2025-12-31,10125.6,64.08
NIFTYMIDSMALLITTELECOM,NIFTY Midsmall IT & Telecom,Sectoral,2026-01-31,2026-01-30,9836.45,58.94
NIFTYMIDSMALLITTELECOM,NIFTY Midsmall IT & Telecom,Sectoral,2026-02-28,2026-02-27,8499.4,60.43
NIFTYMIDSMALLITTELECOM,NIFTY Midsmall IT & Telecom,Sectoral,2026-03-31,2026-03-30,7779.1,53.77
NIFTYMIDSMALLITTELECOM,NIFTY Midsmall IT & Telecom,Sectoral,2026-04-30,2026-04-30,8532.15,60.01
NIFTYMIDSMALLITTELECOM,NIFTY Midsmall IT & Telecom,Sectoral,2026-05-31,2026-05-29,9511.5,18.77
NIFTYMIDSMALLITTELECOM,NIFTY Midsmall IT & Telecom,Sectoral,2026-06-30,2026-06-30,9157.5,17.88
NIFTYMIDSMALLITTELECOM,NIFTY Midsmall IT & Telecom,Sectoral,2026-07-31,2026-07-31,9681.75,18.95
NIFTYMIDSMALLITTELECOM,NIFTY Midsmall IT & Telecom,Sectoral,2026-08-31,2026-08-31,10314,19.39
NIFTYMNC,NIFTY Mnc,Strategy / Thematic / Other,2021-04-30,2021-04-30,15935.75,
NIFTYMNC,NIFTY Mnc,Strategy / Thematic / Other,2021-05-31,2021-05-31,16913.5,2986.15
NIFTYMNC,NIFTY Mnc,Strategy / Thematic / Other,2021-06-30,2021-06-30,17506.7,1534.2
NIFTYMNC,NIFTY Mnc,Strategy / Thematic / Other,2021-07-31,2021-07-30,17762.4,146.84
NIFTYMNC,NIFTY Mnc,Strategy / Thematic / Other,2021-08-31,2021-08-31,18717.5,61.29
NIFTYMNC,NIFTY Mnc,Strategy / Thematic / Other,2021-09-30,2021-09-30,19220.6,62.29
NIFTYMNC,NIFTY Mnc,Strategy / Thematic / Other,2021-10-31,2021-10-29,19069.95,61.1
NIFTYMNC,NIFTY Mnc,Strategy / Thematic / Other,2021-11-30,2021-11-30,18540.55,50.58
NIFTYMNC,NIFTY Mnc,Strategy / Thematic / Other,2021-12-31,2021-12-31,19225.8,52.7
NIFTYMNC,NIFTY Mnc,Strategy / Thematic / Other,2022-01-31,2022-01-31,18827.2,56.12
NIFTYMNC,NIFTY Mnc,Strategy / Thematic / Other,2022-02-28,2022-02-28,18357.85,53.07
NIFTYMNC,NIFTY Mnc,Strategy / Thematic / Other,2022-03-31,2022-03-31,18107.3,57.64
NIFTYMNC,NIFTY Mnc,Strategy / Thematic / Other,2022-04-30,2022-04-29,18456.75,58.31
NIFTYMNC,NIFTY Mnc,Strategy / Thematic / Other,2022-05-31,2022-05-31,18355.3,53.24
NIFTYMNC,NIFTY Mnc,Strategy / Thematic / Other,2022-06-30,2022-06-30,17594.65,51
NIFTYMNC,NIFTY Mnc,Strategy / Thematic / Other,2022-07-31,2022-07-29,19200.55,54.75
NIFTYMNC,NIFTY Mnc,Strategy / Thematic / Other,2022-08-31,2022-08-30,19768.65,54.37
NIFTYMNC,NIFTY Mnc,Strategy / Thematic / Other,2022-09-30,2022-09-30,19707.75,58
NIFTYMNC,NIFTY Mnc,Strategy / Thematic / Other,2022-10-31,2022-10-31,19909.6,59.44
NIFTYMNC,NIFTY Mnc,Strategy / Thematic / Other,2022-11-30,2022-11-30,20371.3,63.61
NIFTYMNC,NIFTY Mnc,Strategy / Thematic / Other,2022-12-31,2022-12-30,19701.3,61.2
NIFTYMNC,NIFTY Mnc,Strategy / Thematic / Other,2023-01-31,2023-01-31,19364.9,62.49
NIFTYMNC,NIFTY Mnc,Strategy / Thematic / Other,2023-02-28,2023-02-28,19009.6,46.52
NIFTYMNC,NIFTY Mnc,Strategy / Thematic / Other,2023-03-31,2023-03-31,19134.9,33.1
NIFTYMNC,NIFTY Mnc,Strategy / Thematic / Other,2023-04-30,2023-04-28,19811.55,34.01
NIFTYMNC,NIFTY Mnc,Strategy / Thematic / Other,2023-05-31,2023-05-31,20801.4,36.74
NIFTYMNC,NIFTY Mnc,Strategy / Thematic / Other,2023-06-30,2023-06-30,21839.55,38.04
NIFTYMNC,NIFTY Mnc,Strategy / Thematic / Other,2023-07-31,2023-07-31,22491,39.74
NIFTYMNC,NIFTY Mnc,Strategy / Thematic / Other,2023-08-31,2023-08-31,21926.65,36.93
NIFTYMNC,NIFTY Mnc,Strategy / Thematic / Other,2023-09-30,2023-09-29,21962.8,38.01
NIFTYMNC,NIFTY Mnc,Strategy / Thematic / Other,2023-10-31,2023-10-31,21713.25,36.76
NIFTYMNC,NIFTY Mnc,Strategy / Thematic / Other,2023-11-30,2023-11-30,22664.85,39.21
NIFTYMNC,NIFTY Mnc,Strategy / Thematic / Other,2023-12-31,2023-12-29,24208.35,41.29
NIFTYMNC,NIFTY Mnc,Strategy / Thematic / Other,2024-01-31,2024-01-31,24306.35,41.23
NIFTYMNC,NIFTY Mnc,Strategy / Thematic / Other,2024-02-29,2024-02-29,25090.65,41.43
NIFTYMNC,NIFTY Mnc,Strategy / Thematic / Other,2024-03-31,2024-03-28,25873.65,43.66
NIFTYMNC,NIFTY Mnc,Strategy / Thematic / Other,2024-04-30,2024-04-30,27071.4,45.57
NIFTYMNC,NIFTY Mnc,Strategy / Thematic / Other,2024-05-31,2024-05-31,28550.8,47
NIFTYMNC,NIFTY Mnc,Strategy / Thematic / Other,2024-06-30,2024-06-28,30362.4,49.03
NIFTYMNC,NIFTY Mnc,Strategy / Thematic / Other,2024-07-31,2024-07-31,31305.8,49.93
NIFTYMNC,NIFTY Mnc,Strategy / Thematic / Other,2024-08-31,2024-08-30,30975.7,46.8
NIFTYMNC,NIFTY Mnc,Strategy / Thematic / Other,2024-09-30,2024-09-30,32582,48.78
NIFTYMNC,NIFTY Mnc,Strategy / Thematic / Other,2024-10-31,2024-10-31,29235.15,43.82
NIFTYMNC,NIFTY Mnc,Strategy / Thematic / Other,2024-11-30,2024-11-29,28852,38.54
NIFTYMNC,NIFTY Mnc,Strategy / Thematic / Other,2024-12-31,2024-12-31,27932.5,37.25
NIFTYMNC,NIFTY Mnc,Strategy / Thematic / Other,2025-01-31,2025-01-31,27463.4,35.83
NIFTYMNC,NIFTY Mnc,Strategy / Thematic / Other,2025-02-28,2025-02-28,24934.4,31.36
NIFTYMNC,NIFTY Mnc,Strategy / Thematic / Other,2025-03-31,2025-03-28,26241.5,33.39
NIFTYMNC,NIFTY Mnc,Strategy / Thematic / Other,2025-04-30,2025-04-30,27015.7,34.32
NIFTYMNC,NIFTY Mnc,Strategy / Thematic / Other,2025-05-31,2025-05-30,28115.8,33.98
NIFTYMNC,NIFTY Mnc,Strategy / Thematic / Other,2025-06-30,2025-06-30,28937.7,34.22
NIFTYMNC,NIFTY Mnc,Strategy / Thematic / Other,2025-07-31,2025-07-31,28746.85,34.01
NIFTYMNC,NIFTY Mnc,Strategy / Thematic / Other,2025-08-31,2025-08-29,29337.55,34.46
NIFTYMNC,NIFTY Mnc,Strategy / Thematic / Other,2025-09-30,2025-09-30,29829.95,35.8
NIFTYMNC,NIFTY Mnc,Strategy / Thematic / Other,2025-10-31,2025-10-31,30204.95,36.26
NIFTYMNC,NIFTY Mnc,Strategy / Thematic / Other,2025-11-30,2025-11-28,30392.45,36.72
NIFTYMNC,NIFTY Mnc,Strategy / Thematic / Other,2025-12-31,2025-12-31,30568.1,37.11
NIFTYMNC,NIFTY Mnc,Strategy / Thematic / Other,2026-01-31,2026-01-30,30419.45,36.79
NIFTYMNC,NIFTY Mnc,Strategy / Thematic / Other,2026-02-28,2026-02-27,31703.1,39.25
NIFTYMNC,NIFTY Mnc,Strategy / Thematic / Other,2026-03-31,2026-03-30,27791.25,34.66
NIFTYMNC,NIFTY Mnc,Strategy / Thematic / Other,2026-04-30,2026-04-30,31886.6,39.51
NIFTYMNC,NIFTY Mnc,Strategy / Thematic / Other,2026-05-31,2026-05-29,32455.9,39.94
NIFTYMNC,NIFTY Mnc,Strategy / Thematic / Other,2026-06-30,2026-06-30,32514.35,35.95
NIFTYMNC,NIFTY Mnc,Strategy / Thematic / Other,2026-07-31,2026-07-31,33056.15,36.25
NIFTYMNC,NIFTY Mnc,Strategy / Thematic / Other,2026-08-31,2026-08-31,33033.55,35.85
NIFTYMOBILITY,NIFTY Mobility,Strategy / Thematic / Other,2021-12-31,2021-12-31,9804.37,35.63
NIFTYMOBILITY,NIFTY Mobility,Strategy / Thematic / Other,2022-01-31,2022-01-31,10176.23,37.5
NIFTYMOBILITY,NIFTY Mobility,Strategy / Thematic / Other,2022-02-28,2022-02-28,9546.75,35.76
NIFTYMOBILITY,NIFTY Mobility,Strategy / Thematic / Other,2022-03-31,2022-03-31,9650.01,45.62
NIFTYMOBILITY,NIFTY Mobility,Strategy / Thematic / Other,2022-04-30,2022-04-29,10027.89,47.52
NIFTYMOBILITY,NIFTY Mobility,Strategy / Thematic / Other,2022-05-31,2022-05-31,10128.01,42.72
NIFTYMOBILITY,NIFTY Mobility,Strategy / Thematic / Other,2022-06-30,2022-06-30,9888.88,42.84
NIFTYMOBILITY,NIFTY Mobility,Strategy / Thematic / Other,2022-07-31,2022-07-29,10722.36,46.34
NIFTYMOBILITY,NIFTY Mobility,Strategy / Thematic / Other,2022-08-31,2022-08-30,11325.24,46.66
NIFTYMOBILITY,NIFTY Mobility,Strategy / Thematic / Other,2022-09-30,2022-09-30,10926.25,48.51
NIFTYMOBILITY,NIFTY Mobility,Strategy / Thematic / Other,2022-10-31,2022-10-31,11441.71,51.34
NIFTYMOBILITY,NIFTY Mobility,Strategy / Thematic / Other,2022-11-30,2022-11-30,11558.51,47.09
NIFTYMOBILITY,NIFTY Mobility,Strategy / Thematic / Other,2022-12-31,2022-12-30,11054.63,46.79
NIFTYMOBILITY,NIFTY Mobility,Strategy / Thematic / Other,2023-01-31,2023-01-31,10934.08,41.28
NIFTYMOBILITY,NIFTY Mobility,Strategy / Thematic / Other,2023-02-28,2023-02-28,10423.14,38.63
NIFTYMOBILITY,NIFTY Mobility,Strategy / Thematic / Other,2023-03-31,2023-03-31,10219.42,37.93
NIFTYMOBILITY,NIFTY Mobility,Strategy / Thematic / Other,2023-04-30,2023-04-28,11041.45,40.64
NIFTYMOBILITY,NIFTY Mobility,Strategy / Thematic / Other,2023-05-31,2023-05-31,11816.34,34.08
NIFTYMOBILITY,NIFTY Mobility,Strategy / Thematic / Other,2023-06-30,2023-06-30,12429.33,35.69
NIFTYMOBILITY,NIFTY Mobility,Strategy / Thematic / Other,2023-07-31,2023-07-31,13017.62,30.8
NIFTYMOBILITY,NIFTY Mobility,Strategy / Thematic / Other,2023-08-31,2023-08-31,12952.27,25.55
NIFTYMOBILITY,NIFTY Mobility,Strategy / Thematic / Other,2023-09-30,2023-09-29,13354.5,25.83
NIFTYMOBILITY,NIFTY Mobility,Strategy / Thematic / Other,2023-10-31,2023-10-31,13136.5,24.27
NIFTYMOBILITY,NIFTY Mobility,Strategy / Thematic / Other,2023-11-30,2023-11-30,14482.39,23.27
NIFTYMOBILITY,NIFTY Mobility,Strategy / Thematic / Other,2023-12-31,2023-12-29,15800.51,25.5
NIFTYMOBILITY,NIFTY Mobility,Strategy / Thematic / Other,2024-01-31,2024-01-31,16707.85,26
NIFTYMOBILITY,NIFTY Mobility,Strategy / Thematic / Other,2024-02-29,2024-02-29,17682.04,25.41
NIFTYMOBILITY,NIFTY Mobility,Strategy / Thematic / Other,2024-03-31,2024-03-28,18433.37,26.51
NIFTYMOBILITY,NIFTY Mobility,Strategy / Thematic / Other,2024-04-30,2024-04-30,19170.68,27.3
NIFTYMOBILITY,NIFTY Mobility,Strategy / Thematic / Other,2024-05-31,2024-05-31,19862.12,25.8
NIFTYMOBILITY,NIFTY Mobility,Strategy / Thematic / Other,2024-06-30,2024-06-28,21159.92,26.17
NIFTYMOBILITY,NIFTY Mobility,Strategy / Thematic / Other,2024-07-31,2024-07-31,22375.09,28.68
NIFTYMOBILITY,NIFTY Mobility,Strategy / Thematic / Other,2024-08-31,2024-08-30,22349.6,28.58
NIFTYMOBILITY,NIFTY Mobility,Strategy / Thematic / Other,2024-09-30,2024-09-30,22997.99,29.31
NIFTYMOBILITY,NIFTY Mobility,Strategy / Thematic / Other,2024-10-31,2024-10-31,20258.18,27.67
NIFTYMOBILITY,NIFTY Mobility,Strategy / Thematic / Other,2024-11-30,2024-11-29,20015.55,27.04
NIFTYMOBILITY,NIFTY Mobility,Strategy / Thematic / Other,2024-12-31,2024-12-31,19628.9,25.75
NIFTYMOBILITY,NIFTY Mobility,Strategy / Thematic / Other,2025-01-31,2025-01-31,18979.9,24.9
NIFTYMOBILITY,NIFTY Mobility,Strategy / Thematic / Other,2025-02-28,2025-02-28,17413,22.61
NIFTYMOBILITY,NIFTY Mobility,Strategy / Thematic / Other,2025-03-31,2025-03-28,18309.45,24.34
NIFTYMOBILITY,NIFTY Mobility,Strategy / Thematic / Other,2025-04-30,2025-04-30,19311.95,25.65
NIFTYMOBILITY,NIFTY Mobility,Strategy / Thematic / Other,2025-05-31,2025-05-30,20314.9,27.37
NIFTYMOBILITY,NIFTY Mobility,Strategy / Thematic / Other,2025-06-30,2025-06-30,20984.55,27.66
NIFTYMOBILITY,NIFTY Mobility,Strategy / Thematic / Other,2025-07-31,2025-07-31,20853.1,27.37
NIFTYMOBILITY,NIFTY Mobility,Strategy / Thematic / Other,2025-08-31,2025-08-29,21339.45,27.16
NIFTYMOBILITY,NIFTY Mobility,Strategy / Thematic / Other,2025-09-30,2025-09-30,22392.8,28.34
NIFTYMOBILITY,NIFTY Mobility,Strategy / Thematic / Other,2025-10-31,2025-10-31,22757.6,28.01
NIFTYMOBILITY,NIFTY Mobility,Strategy / Thematic / Other,2025-11-30,2025-11-28,23241.95,29.71
NIFTYMOBILITY,NIFTY Mobility,Strategy / Thematic / Other,2025-12-31,2025-12-31,23105.9,31.13
NIFTYMOBILITY,NIFTY Mobility,Strategy / Thematic / Other,2026-01-31,2026-01-30,21894.15,29.71
NIFTYMOBILITY,NIFTY Mobility,Strategy / Thematic / Other,2026-02-28,2026-02-27,22872.3,33.02
NIFTYMOBILITY,NIFTY Mobility,Strategy / Thematic / Other,2026-03-31,2026-03-30,19388.85,28.8
NIFTYMOBILITY,NIFTY Mobility,Strategy / Thematic / Other,2026-04-30,2026-04-30,21271.8,31.65
NIFTYMOBILITY,NIFTY Mobility,Strategy / Thematic / Other,2026-05-31,2026-05-29,21545.9,30.67
NIFTYMOBILITY,NIFTY Mobility,Strategy / Thematic / Other,2026-06-30,2026-06-30,22084.25,32.19
NIFTYMOBILITY,NIFTY Mobility,Strategy / Thematic / Other,2026-07-31,2026-07-31,23404.85,37.79
NIFTYMOBILITY,NIFTY Mobility,Strategy / Thematic / Other,2026-08-31,2026-08-31,23604.05,38.96
NIFTYNBFC,NIFTY NBFC,Sectoral,2026-06-30,2026-06-30,56716.05,24.26
NIFTYNBFC,NIFTY NBFC,Sectoral,2026-07-31,2026-07-31,59930.33,23.82
NIFTYNBFC,NIFTY NBFC,Sectoral,2026-08-31,2026-08-31,59793.82,23.02
NIFTYNEXT100,NIFTY Next 100,Broad Market,2026-08-31,2026-08-31,6091.89,22.33
NIFTYNEXT50,NIFTY Next 50,Broad Market,2021-04-30,2021-04-30,34759.2,42.66
NIFTYNEXT50,NIFTY Next 50,Broad Market,2021-05-31,2021-05-31,37728.55,31.51
NIFTYNEXT50,NIFTY Next 50,Broad Market,2021-06-30,2021-06-30,38513.25,30.75
NIFTYNEXT50,NIFTY Next 50,Broad Market,2021-07-31,2021-07-30,39363.65,29.67
NIFTYNEXT50,NIFTY Next 50,Broad Market,2021-08-31,2021-08-31,41585.45,28.93
NIFTYNEXT50,NIFTY Next 50,Broad Market,2021-09-30,2021-09-30,42383.85,26.25
NIFTYNEXT50,NIFTY Next 50,Broad Market,2021-10-31,2021-10-29,42087,25.76
NIFTYNEXT50,NIFTY Next 50,Broad Market,2021-11-30,2021-11-30,41782.35,22.55
NIFTYNEXT50,NIFTY Next 50,Broad Market,2021-12-31,2021-12-31,42217.9,22.94
NIFTYNEXT50,NIFTY Next 50,Broad Market,2022-01-31,2022-01-31,41097.25,22.13
NIFTYNEXT50,NIFTY Next 50,Broad Market,2022-02-28,2022-02-28,40052.1,20.77
NIFTYNEXT50,NIFTY Next 50,Broad Market,2022-03-31,2022-03-31,41115.4,21.02
NIFTYNEXT50,NIFTY Next 50,Broad Market,2022-04-30,2022-04-29,42533.95,21.74
NIFTYNEXT50,NIFTY Next 50,Broad Market,2022-05-31,2022-05-31,38981.8,19.65
NIFTYNEXT50,NIFTY Next 50,Broad Market,2022-06-30,2022-06-30,36505.4,18.32
NIFTYNEXT50,NIFTY Next 50,Broad Market,2022-07-31,2022-07-29,40906.15,20.31
NIFTYNEXT50,NIFTY Next 50,Broad Market,2022-08-31,2022-08-30,43709.15,23.42
NIFTYNEXT50,NIFTY Next 50,Broad Market,2022-09-30,2022-09-30,42385.45,21.82
NIFTYNEXT50,NIFTY Next 50,Broad Market,2022-10-31,2022-10-31,42623.85,22.25
NIFTYNEXT50,NIFTY Next 50,Broad Market,2022-11-30,2022-11-30,43687.9,25.42
NIFTYNEXT50,NIFTY Next 50,Broad Market,2022-12-31,2022-12-30,42187.65,25.63
NIFTYNEXT50,NIFTY Next 50,Broad Market,2023-01-31,2023-01-31,39199.3,25.4
NIFTYNEXT50,NIFTY Next 50,Broad Market,2023-02-28,2023-02-28,37252.55,25.78
NIFTYNEXT50,NIFTY Next 50,Broad Market,2023-03-31,2023-03-31,37797.75,25.7
NIFTYNEXT50,NIFTY Next 50,Broad Market,2023-04-30,2023-04-28,39514.2,26.8
NIFTYNEXT50,NIFTY Next 50,Broad Market,2023-05-31,2023-05-31,42049.3,28.11
NIFTYNEXT50,NIFTY Next 50,Broad Market,2023-06-30,2023-06-30,43750.3,29.09
NIFTYNEXT50,NIFTY Next 50,Broad Market,2023-07-31,2023-07-31,45287,29.14
NIFTYNEXT50,NIFTY Next 50,Broad Market,2023-08-31,2023-08-31,44415.5,25.1
NIFTYNEXT50,NIFTY Next 50,Broad Market,2023-09-30,2023-09-29,45036.65,24.72
NIFTYNEXT50,NIFTY Next 50,Broad Market,2023-10-31,2023-10-31,44019.1,23.52
NIFTYNEXT50,NIFTY Next 50,Broad Market,2023-11-30,2023-11-30,48020.4,23.24
NIFTYNEXT50,NIFTY Next 50,Broad Market,2023-12-31,2023-12-29,53344.8,25.65
NIFTYNEXT50,NIFTY Next 50,Broad Market,2024-01-31,2024-01-31,55299.25,24.78
NIFTYNEXT50,NIFTY Next 50,Broad Market,2024-02-29,2024-02-29,58991.35,25.52
NIFTYNEXT50,NIFTY Next 50,Broad Market,2024-03-31,2024-03-28,60624.3,22.43
NIFTYNEXT50,NIFTY Next 50,Broad Market,2024-04-30,2024-04-30,64900.5,24.06
NIFTYNEXT50,NIFTY Next 50,Broad Market,2024-05-31,2024-05-31,67527.65,24.1
NIFTYNEXT50,NIFTY Next 50,Broad Market,2024-06-30,2024-06-28,71523.45,25.63
NIFTYNEXT50,NIFTY Next 50,Broad Market,2024-07-31,2024-07-31,74788.1,26.44
NIFTYNEXT50,NIFTY Next 50,Broad Market,2024-08-31,2024-08-30,75279.8,26.79
NIFTYNEXT50,NIFTY Next 50,Broad Market,2024-09-30,2024-09-30,77095.15,24.8
NIFTYNEXT50,NIFTY Next 50,Broad Market,2024-10-31,2024-10-31,69911.75,23.2
NIFTYNEXT50,NIFTY Next 50,Broad Market,2024-11-30,2024-11-29,70726.85,22.58
NIFTYNEXT50,NIFTY Next 50,Broad Market,2024-12-31,2024-12-31,67988.35,24.9
NIFTYNEXT50,NIFTY Next 50,Broad Market,2025-01-31,2025-01-31,63127.35,23.34
NIFTYNEXT50,NIFTY Next 50,Broad Market,2025-02-28,2025-02-28,57063.05,20.37
NIFTYNEXT50,NIFTY Next 50,Broad Market,2025-03-31,2025-03-28,63043.2,21.48
NIFTYNEXT50,NIFTY Next 50,Broad Market,2025-04-30,2025-04-30,64508.85,21.91
NIFTYNEXT50,NIFTY Next 50,Broad Market,2025-05-31,2025-05-30,66761.3,21.85
NIFTYNEXT50,NIFTY Next 50,Broad Market,2025-06-30,2025-06-30,68998.2,22.11
NIFTYNEXT50,NIFTY Next 50,Broad Market,2025-07-31,2025-07-31,67096.15,21.47
NIFTYNEXT50,NIFTY Next 50,Broad Market,2025-08-31,2025-08-29,65745.75,20.34
NIFTYNEXT50,NIFTY Next 50,Broad Market,2025-09-30,2025-09-30,67845.15,20.66
NIFTYNEXT50,NIFTY Next 50,Broad Market,2025-10-31,2025-10-31,69824.75,20.66
NIFTYNEXT50,NIFTY Next 50,Broad Market,2025-11-30,2025-11-28,69137.45,20.12
NIFTYNEXT50,NIFTY Next 50,Broad Market,2025-12-31,2025-12-31,69364.5,20.18
NIFTYNEXT50,NIFTY Next 50,Broad Market,2026-01-31,2026-01-30,67839.85,19.37
NIFTYNEXT50,NIFTY Next 50,Broad Market,2026-02-28,2026-02-27,69710.9,19.49
NIFTYNEXT50,NIFTY Next 50,Broad Market,2026-03-31,2026-03-30,60349.8,17.09
NIFTYNEXT50,NIFTY Next 50,Broad Market,2026-04-30,2026-04-30,69643.9,19.7
NIFTYNEXT50,NIFTY Next 50,Broad Market,2026-05-31,2026-05-29,71073.65,19.27
NIFTYNEXT50,NIFTY Next 50,Broad Market,2026-06-30,2026-06-30,71629.45,18.67
NIFTYNEXT50,NIFTY Next 50,Broad Market,2026-07-31,2026-07-31,73651.3,19.49
NIFTYNEXT50,NIFTY Next 50,Broad Market,2026-08-31,2026-08-31,73759.7,19.5
NIFTYNONCYCLICALCONSUMER,NIFTY Non-Cyclical Consumer,Strategy / Thematic / Other,2021-11-30,2021-11-30,10248.58,59.08
NIFTYNONCYCLICALCONSUMER,NIFTY Non-Cyclical Consumer,Strategy / Thematic / Other,2021-12-31,2021-12-31,10363.74,59.04
NIFTYNONCYCLICALCONSUMER,NIFTY Non-Cyclical Consumer,Strategy / Thematic / Other,2022-01-31,2022-01-31,9924.59,56.43
NIFTYNONCYCLICALCONSUMER,NIFTY Non-Cyclical Consumer,Strategy / Thematic / Other,2022-02-28,2022-02-28,9764.61,43.23
NIFTYNONCYCLICALCONSUMER,NIFTY Non-Cyclical Consumer,Strategy / Thematic / Other,2022-03-31,2022-03-31,9934.16,46.46
NIFTYNONCYCLICALCONSUMER,NIFTY Non-Cyclical Consumer,Strategy / Thematic / Other,2022-04-30,2022-04-29,10131.42,47.33
NIFTYNONCYCLICALCONSUMER,NIFTY Non-Cyclical Consumer,Strategy / Thematic / Other,2022-05-31,2022-05-31,9764.38,44.55
NIFTYNONCYCLICALCONSUMER,NIFTY Non-Cyclical Consumer,Strategy / Thematic / Other,2022-06-30,2022-06-30,9151.36,41.56
NIFTYNONCYCLICALCONSUMER,NIFTY Non-Cyclical Consumer,Strategy / Thematic / Other,2022-07-31,2022-07-29,10384.52,46.14
NIFTYNONCYCLICALCONSUMER,NIFTY Non-Cyclical Consumer,Strategy / Thematic / Other,2022-08-31,2022-08-30,10867.95,44.76
NIFTYNONCYCLICALCONSUMER,NIFTY Non-Cyclical Consumer,Strategy / Thematic / Other,2022-09-30,2022-09-30,10903.75,45.31
NIFTYNONCYCLICALCONSUMER,NIFTY Non-Cyclical Consumer,Strategy / Thematic / Other,2022-10-31,2022-10-31,10876.47,44.14
NIFTYNONCYCLICALCONSUMER,NIFTY Non-Cyclical Consumer,Strategy / Thematic / Other,2022-11-30,2022-11-30,10945.98,51.01
NIFTYNONCYCLICALCONSUMER,NIFTY Non-Cyclical Consumer,Strategy / Thematic / Other,2022-12-31,2022-12-30,10527.99,49.69
NIFTYNONCYCLICALCONSUMER,NIFTY Non-Cyclical Consumer,Strategy / Thematic / Other,2023-01-31,2023-01-31,10115.22,47.68
NIFTYNONCYCLICALCONSUMER,NIFTY Non-Cyclical Consumer,Strategy / Thematic / Other,2023-02-28,2023-02-28,10055.66,50.64
NIFTYNONCYCLICALCONSUMER,NIFTY Non-Cyclical Consumer,Strategy / Thematic / Other,2023-03-31,2023-03-31,10208.41,54.87
NIFTYNONCYCLICALCONSUMER,NIFTY Non-Cyclical Consumer,Strategy / Thematic / Other,2023-04-30,2023-04-28,10624.7,56.94
NIFTYNONCYCLICALCONSUMER,NIFTY Non-Cyclical Consumer,Strategy / Thematic / Other,2023-05-31,2023-05-31,11375.34,58.82
NIFTYNONCYCLICALCONSUMER,NIFTY Non-Cyclical Consumer,Strategy / Thematic / Other,2023-06-30,2023-06-30,11862.79,61.42
NIFTYNONCYCLICALCONSUMER,NIFTY Non-Cyclical Consumer,Strategy / Thematic / Other,2023-07-31,2023-07-31,11961.33,60.8
NIFTYNONCYCLICALCONSUMER,NIFTY Non-Cyclical Consumer,Strategy / Thematic / Other,2023-08-31,2023-08-31,11926.16,57.76
NIFTYNONCYCLICALCONSUMER,NIFTY Non-Cyclical Consumer,Strategy / Thematic / Other,2023-09-30,2023-09-29,12095.34,58.31
NIFTYNONCYCLICALCONSUMER,NIFTY Non-Cyclical Consumer,Strategy / Thematic / Other,2023-10-31,2023-10-31,11926.76,56.79
NIFTYNONCYCLICALCONSUMER,NIFTY Non-Cyclical Consumer,Strategy / Thematic / Other,2023-11-30,2023-11-30,12736.38,59.17
NIFTYNONCYCLICALCONSUMER,NIFTY Non-Cyclical Consumer,Strategy / Thematic / Other,2023-12-31,2023-12-29,13640.74,62.75
NIFTYNONCYCLICALCONSUMER,NIFTY Non-Cyclical Consumer,Strategy / Thematic / Other,2024-01-31,2024-01-31,13471.67,61.44
NIFTYNONCYCLICALCONSUMER,NIFTY Non-Cyclical Consumer,Strategy / Thematic / Other,2024-02-29,2024-02-29,13671.78,59.94
NIFTYNONCYCLICALCONSUMER,NIFTY Non-Cyclical Consumer,Strategy / Thematic / Other,2024-03-31,2024-03-28,14015.21,60.64
NIFTYNONCYCLICALCONSUMER,NIFTY Non-Cyclical Consumer,Strategy / Thematic / Other,2024-04-30,2024-04-30,14419.96,62.26
NIFTYNONCYCLICALCONSUMER,NIFTY Non-Cyclical Consumer,Strategy / Thematic / Other,2024-05-31,2024-05-31,14411.67,61.66
NIFTYNONCYCLICALCONSUMER,NIFTY Non-Cyclical Consumer,Strategy / Thematic / Other,2024-06-30,2024-06-28,15402.79,64.05
NIFTYNONCYCLICALCONSUMER,NIFTY Non-Cyclical Consumer,Strategy / Thematic / Other,2024-07-31,2024-07-31,16426.36,68.72
NIFTYNONCYCLICALCONSUMER,NIFTY Non-Cyclical Consumer,Strategy / Thematic / Other,2024-08-31,2024-08-30,17136.74,68.2
NIFTYNONCYCLICALCONSUMER,NIFTY Non-Cyclical Consumer,Strategy / Thematic / Other,2024-09-30,2024-09-30,17947.62,71.69
NIFTYNONCYCLICALCONSUMER,NIFTY Non-Cyclical Consumer,Strategy / Thematic / Other,2024-10-31,2024-10-31,16094.12,63.39
NIFTYNONCYCLICALCONSUMER,NIFTY Non-Cyclical Consumer,Strategy / Thematic / Other,2024-11-30,2024-11-29,16146.67,63.68
NIFTYNONCYCLICALCONSUMER,NIFTY Non-Cyclical Consumer,Strategy / Thematic / Other,2024-12-31,2024-12-31,16068.25,63.82
NIFTYNONCYCLICALCONSUMER,NIFTY Non-Cyclical Consumer,Strategy / Thematic / Other,2025-01-31,2025-01-31,15374.05,60.59
NIFTYNONCYCLICALCONSUMER,NIFTY Non-Cyclical Consumer,Strategy / Thematic / Other,2025-02-28,2025-02-28,14118.45,51.01
NIFTYNONCYCLICALCONSUMER,NIFTY Non-Cyclical Consumer,Strategy / Thematic / Other,2025-03-31,2025-03-28,14951.2,74.7
NIFTYNONCYCLICALCONSUMER,NIFTY Non-Cyclical Consumer,Strategy / Thematic / Other,2025-04-30,2025-04-30,15782.05,70.73
NIFTYNONCYCLICALCONSUMER,NIFTY Non-Cyclical Consumer,Strategy / Thematic / Other,2025-05-31,2025-05-30,15691.05,64.21
NIFTYNONCYCLICALCONSUMER,NIFTY Non-Cyclical Consumer,Strategy / Thematic / Other,2025-06-30,2025-06-30,16252.6,64.02
NIFTYNONCYCLICALCONSUMER,NIFTY Non-Cyclical Consumer,Strategy / Thematic / Other,2025-07-31,2025-07-31,16172.05,63.93
NIFTYNONCYCLICALCONSUMER,NIFTY Non-Cyclical Consumer,Strategy / Thematic / Other,2025-08-31,2025-08-29,16393.8,63.93
NIFTYNONCYCLICALCONSUMER,NIFTY Non-Cyclical Consumer,Strategy / Thematic / Other,2025-09-30,2025-09-30,15962.8,53.23
NIFTYNONCYCLICALCONSUMER,NIFTY Non-Cyclical Consumer,Strategy / Thematic / Other,2025-10-31,2025-10-31,16389.1,54.51
NIFTYNONCYCLICALCONSUMER,NIFTY Non-Cyclical Consumer,Strategy / Thematic / Other,2025-11-30,2025-11-28,16344.65,53.84
NIFTYNONCYCLICALCONSUMER,NIFTY Non-Cyclical Consumer,Strategy / Thematic / Other,2025-12-31,2025-12-31,15996.45,54.72
NIFTYNONCYCLICALCONSUMER,NIFTY Non-Cyclical Consumer,Strategy / Thematic / Other,2026-01-31,2026-01-30,14926.3,52.15
NIFTYNONCYCLICALCONSUMER,NIFTY Non-Cyclical Consumer,Strategy / Thematic / Other,2026-02-28,2026-02-27,14897.05,53.24
NIFTYNONCYCLICALCONSUMER,NIFTY Non-Cyclical Consumer,Strategy / Thematic / Other,2026-03-31,2026-03-30,13339.65,47.13
NIFTYNONCYCLICALCONSUMER,NIFTY Non-Cyclical Consumer,Strategy / Thematic / Other,2026-04-30,2026-04-30,14851.55,52.24
NIFTYNONCYCLICALCONSUMER,NIFTY Non-Cyclical Consumer,Strategy / Thematic / Other,2026-05-31,2026-05-29,14584.9,50.83
NIFTYNONCYCLICALCONSUMER,NIFTY Non-Cyclical Consumer,Strategy / Thematic / Other,2026-06-30,2026-06-30,15009.15,54.79
NIFTYNONCYCLICALCONSUMER,NIFTY Non-Cyclical Consumer,Strategy / Thematic / Other,2026-07-31,2026-07-31,15526.2,58.26
NIFTYNONCYCLICALCONSUMER,NIFTY Non-Cyclical Consumer,Strategy / Thematic / Other,2026-08-31,2026-08-31,15180.1,55.13
NIFTYOILGAS,NIFTY Oil & Gas,Sectoral,2021-04-30,2021-04-30,6265.34,17.54
NIFTYOILGAS,NIFTY Oil & Gas,Sectoral,2021-05-31,2021-05-31,6887.25,12
NIFTYOILGAS,NIFTY Oil & Gas,Sectoral,2021-06-30,2021-06-30,6762.85,10.66
NIFTYOILGAS,NIFTY Oil & Gas,Sectoral,2021-07-31,2021-07-30,6526.35,10.21
NIFTYOILGAS,NIFTY Oil & Gas,Sectoral,2021-08-31,2021-08-31,7174.7,10.03
NIFTYOILGAS,NIFTY Oil & Gas,Sectoral,2021-09-30,2021-09-30,7774.4,10.41
NIFTYOILGAS,NIFTY Oil & Gas,Sectoral,2021-10-31,2021-10-29,7704.3,10.22
NIFTYOILGAS,NIFTY Oil & Gas,Sectoral,2021-11-30,2021-11-30,7390.1,8.86
NIFTYOILGAS,NIFTY Oil & Gas,Sectoral,2021-12-31,2021-12-31,7348.8,8.93
NIFTYOILGAS,NIFTY Oil & Gas,Sectoral,2022-01-31,2022-01-31,7754.6,9.33
NIFTYOILGAS,NIFTY Oil & Gas,Sectoral,2022-02-28,2022-02-28,7268.35,8.05
NIFTYOILGAS,NIFTY Oil & Gas,Sectoral,2022-03-31,2022-03-31,7866.25,8.68
NIFTYOILGAS,NIFTY Oil & Gas,Sectoral,2022-04-30,2022-04-29,8194.9,9.04
NIFTYOILGAS,NIFTY Oil & Gas,Sectoral,2022-05-31,2022-05-31,7828.5,9.17
NIFTYOILGAS,NIFTY Oil & Gas,Sectoral,2022-06-30,2022-06-30,7600.7,8.78
NIFTYOILGAS,NIFTY Oil & Gas,Sectoral,2022-07-31,2022-07-29,7841.7,8.97
NIFTYOILGAS,NIFTY Oil & Gas,Sectoral,2022-08-31,2022-08-30,8357.75,11.51
NIFTYOILGAS,NIFTY Oil & Gas,Sectoral,2022-09-30,2022-09-30,7643.9,10.59
NIFTYOILGAS,NIFTY Oil & Gas,Sectoral,2022-10-31,2022-10-31,8076.4,11.19
NIFTYOILGAS,NIFTY Oil & Gas,Sectoral,2022-11-30,2022-11-30,8609.6,15.48
NIFTYOILGAS,NIFTY Oil & Gas,Sectoral,2022-12-31,2022-12-30,8438.25,15.21
NIFTYOILGAS,NIFTY Oil & Gas,Sectoral,2023-01-31,2023-01-31,7586.3,14.7
NIFTYOILGAS,NIFTY Oil & Gas,Sectoral,2023-02-28,2023-02-28,6941.65,14.18
NIFTYOILGAS,NIFTY Oil & Gas,Sectoral,2023-03-31,2023-03-31,7148.85,14.23
NIFTYOILGAS,NIFTY Oil & Gas,Sectoral,2023-04-30,2023-04-28,7491.8,14.76
NIFTYOILGAS,NIFTY Oil & Gas,Sectoral,2023-05-31,2023-05-31,7432.15,14.61
NIFTYOILGAS,NIFTY Oil & Gas,Sectoral,2023-06-30,2023-06-30,7535.7,14.63
NIFTYOILGAS,NIFTY Oil & Gas,Sectoral,2023-07-31,2023-07-31,8141.15,12.45
NIFTYOILGAS,NIFTY Oil & Gas,Sectoral,2023-08-31,2023-08-31,7729.05,8.78
NIFTYOILGAS,NIFTY Oil & Gas,Sectoral,2023-09-30,2023-09-29,7902.8,8.91
NIFTYOILGAS,NIFTY Oil & Gas,Sectoral,2023-10-31,2023-10-31,7609.45,7.87
NIFTYOILGAS,NIFTY Oil & Gas,Sectoral,2023-11-30,2023-11-30,8476.4,7.2
NIFTYOILGAS,NIFTY Oil & Gas,Sectoral,2023-12-31,2023-12-29,9496.15,8.2
NIFTYOILGAS,NIFTY Oil & Gas,Sectoral,2024-01-31,2024-01-31,10728.65,8.66
NIFTYOILGAS,NIFTY Oil & Gas,Sectoral,2024-02-29,2024-02-29,11457.5,9.25
NIFTYOILGAS,NIFTY Oil & Gas,Sectoral,2024-03-31,2024-03-28,11440.9,9.38
NIFTYOILGAS,NIFTY Oil & Gas,Sectoral,2024-04-30,2024-04-30,11826.5,9.69
NIFTYOILGAS,NIFTY Oil & Gas,Sectoral,2024-05-31,2024-05-31,11625,9.51
NIFTYOILGAS,NIFTY Oil & Gas,Sectoral,2024-06-30,2024-06-28,12223.35,10.13
NIFTYOILGAS,NIFTY Oil & Gas,Sectoral,2024-07-31,2024-07-31,13254.85,12.04
NIFTYOILGAS,NIFTY Oil & Gas,Sectoral,2024-08-31,2024-08-30,13456.9,13.05
NIFTYOILGAS,NIFTY Oil & Gas,Sectoral,2024-09-30,2024-09-30,13035.6,12.8
NIFTYOILGAS,NIFTY Oil & Gas,Sectoral,2024-10-31,2024-10-31,11347.1,13.16
NIFTYOILGAS,NIFTY Oil & Gas,Sectoral,2024-11-30,2024-11-29,11103.75,13.23
NIFTYOILGAS,NIFTY Oil & Gas,Sectoral,2024-12-31,2024-12-31,10744.25,12.87
NIFTYOILGAS,NIFTY Oil & Gas,Sectoral,2025-01-31,2025-01-31,10588.1,12.89
NIFTYOILGAS,NIFTY Oil & Gas,Sectoral,2025-02-28,2025-02-28,9590.6,11.74
NIFTYOILGAS,NIFTY Oil & Gas,Sectoral,2025-03-31,2025-03-28,10549.7,12.68
NIFTYOILGAS,NIFTY Oil & Gas,Sectoral,2025-04-30,2025-04-30,11179.55,13.39
NIFTYOILGAS,NIFTY Oil & Gas,Sectoral,2025-05-31,2025-05-30,11388.4,13.71
NIFTYOILGAS,NIFTY Oil & Gas,Sectoral,2025-06-30,2025-06-30,11800.95,14.05
NIFTYOILGAS,NIFTY Oil & Gas,Sectoral,2025-07-31,2025-07-31,11262.25,13.13
NIFTYOILGAS,NIFTY Oil & Gas,Sectoral,2025-08-31,2025-08-29,10789.75,11.44
NIFTYOILGAS,NIFTY Oil & Gas,Sectoral,2025-09-30,2025-09-30,11280.5,12.04
NIFTYOILGAS,NIFTY Oil & Gas,Sectoral,2025-10-31,2025-10-31,11990.25,11.84
NIFTYOILGAS,NIFTY Oil & Gas,Sectoral,2025-11-30,2025-11-28,12034.4,11.38
NIFTYOILGAS,NIFTY Oil & Gas,Sectoral,2025-12-31,2025-12-31,12231.2,11.33
NIFTYOILGAS,NIFTY Oil & Gas,Sectoral,2026-01-31,2026-01-30,11791.7,10.51
NIFTYOILGAS,NIFTY Oil & Gas,Sectoral,2026-02-28,2026-02-27,12264.9,10.36
NIFTYOILGAS,NIFTY Oil & Gas,Sectoral,2026-03-31,2026-03-30,10788.05,9
NIFTYOILGAS,NIFTY Oil & Gas,Sectoral,2026-04-30,2026-04-30,11694.65,9.74
NIFTYOILGAS,NIFTY Oil & Gas,Sectoral,2026-05-31,2026-05-29,11200.25,8.99
NIFTYOILGAS,NIFTY Oil & Gas,Sectoral,2026-06-30,2026-06-30,11030.25,8.76
NIFTYOILGAS,NIFTY Oil & Gas,Sectoral,2026-07-31,2026-07-31,11247.7,10.81
NIFTYOILGAS,NIFTY Oil & Gas,Sectoral,2026-08-31,2026-08-31,11103.8,10.99
NIFTYPHARMA,NIFTY Pharma,Sectoral,2021-04-30,2021-04-30,13469.25,35.5
NIFTYPHARMA,NIFTY Pharma,Sectoral,2021-05-31,2021-05-31,14051.75,35.92
NIFTYPHARMA,NIFTY Pharma,Sectoral,2021-06-30,2021-06-30,14308.9,36.44
NIFTYPHARMA,NIFTY Pharma,Sectoral,2021-07-31,2021-07-30,14425.3,37.4
NIFTYPHARMA,NIFTY Pharma,Sectoral,2021-08-31,2021-08-31,14344.75,30.54
NIFTYPHARMA,NIFTY Pharma,Sectoral,2021-09-30,2021-09-30,14466.5,31.04
NIFTYPHARMA,NIFTY Pharma,Sectoral,2021-10-31,2021-10-29,13879.35,29.73
NIFTYPHARMA,NIFTY Pharma,Sectoral,2021-11-30,2021-11-30,13662.8,31.97
NIFTYPHARMA,NIFTY Pharma,Sectoral,2021-12-31,2021-12-31,14223,33.31
NIFTYPHARMA,NIFTY Pharma,Sectoral,2022-01-31,2022-01-31,13179.9,31
NIFTYPHARMA,NIFTY Pharma,Sectoral,2022-02-28,2022-02-28,12927.6,31.41
NIFTYPHARMA,NIFTY Pharma,Sectoral,2022-03-31,2022-03-31,13584.1,33
NIFTYPHARMA,NIFTY Pharma,Sectoral,2022-04-30,2022-04-29,13462.85,32.7
NIFTYPHARMA,NIFTY Pharma,Sectoral,2022-05-31,2022-05-31,12604.45,33.41
NIFTYPHARMA,NIFTY Pharma,Sectoral,2022-06-30,2022-06-30,12159.35,36.76
NIFTYPHARMA,NIFTY Pharma,Sectoral,2022-07-31,2022-07-29,12776.55,38.66
NIFTYPHARMA,NIFTY Pharma,Sectoral,2022-08-31,2022-08-30,12699.4,37.44
NIFTYPHARMA,NIFTY Pharma,Sectoral,2022-09-30,2022-09-30,12971.9,36.55
NIFTYPHARMA,NIFTY Pharma,Sectoral,2022-10-31,2022-10-31,13212.25,37.11
NIFTYPHARMA,NIFTY Pharma,Sectoral,2022-11-30,2022-11-30,13144.2,34.21
NIFTYPHARMA,NIFTY Pharma,Sectoral,2022-12-31,2022-12-30,12597.6,32.74
NIFTYPHARMA,NIFTY Pharma,Sectoral,2023-01-31,2023-01-31,12360.25,31
NIFTYPHARMA,NIFTY Pharma,Sectoral,2023-02-28,2023-02-28,11747.1,30.86
NIFTYPHARMA,NIFTY Pharma,Sectoral,2023-03-31,2023-03-31,12017.05,31.55
NIFTYPHARMA,NIFTY Pharma,Sectoral,2023-04-30,2023-04-28,12613.95,33.09
NIFTYPHARMA,NIFTY Pharma,Sectoral,2023-05-31,2023-05-31,12678.4,27.89
NIFTYPHARMA,NIFTY Pharma,Sectoral,2023-06-30,2023-06-30,13767.5,30.06
NIFTYPHARMA,NIFTY Pharma,Sectoral,2023-07-31,2023-07-31,14992.15,32.34
NIFTYPHARMA,NIFTY Pharma,Sectoral,2023-08-31,2023-08-31,15095.9,31.85
NIFTYPHARMA,NIFTY Pharma,Sectoral,2023-09-30,2023-09-29,15422.75,32.55
NIFTYPHARMA,NIFTY Pharma,Sectoral,2023-10-31,2023-10-31,14683.65,30.37
NIFTYPHARMA,NIFTY Pharma,Sectoral,2023-11-30,2023-11-30,16238.9,32.71
NIFTYPHARMA,NIFTY Pharma,Sectoral,2023-12-31,2023-12-29,16831.8,33.91
NIFTYPHARMA,NIFTY Pharma,Sectoral,2024-01-31,2024-01-31,17938.65,36.05
NIFTYPHARMA,NIFTY Pharma,Sectoral,2024-02-29,2024-02-29,19003.15,36.28
NIFTYPHARMA,NIFTY Pharma,Sectoral,2024-03-31,2024-03-28,18996.15,36.57
NIFTYPHARMA,NIFTY Pharma,Sectoral,2024-04-30,2024-04-30,18970.6,36.57
NIFTYPHARMA,NIFTY Pharma,Sectoral,2024-05-31,2024-05-31,18796.3,34.15
NIFTYPHARMA,NIFTY Pharma,Sectoral,2024-06-30,2024-06-28,19731.55,35.76
NIFTYPHARMA,NIFTY Pharma,Sectoral,2024-07-31,2024-07-31,21777.15,39.27
NIFTYPHARMA,NIFTY Pharma,Sectoral,2024-08-31,2024-08-30,23217.6,38.77
NIFTYPHARMA,NIFTY Pharma,Sectoral,2024-09-30,2024-09-30,23281.2,38.79
NIFTYPHARMA,NIFTY Pharma,Sectoral,2024-10-31,2024-10-31,22735.55,37.34
NIFTYPHARMA,NIFTY Pharma,Sectoral,2024-11-30,2024-11-29,22240.2,35.12
NIFTYPHARMA,NIFTY Pharma,Sectoral,2024-12-31,2024-12-31,23412.25,37.04
NIFTYPHARMA,NIFTY Pharma,Sectoral,2025-01-31,2025-01-31,21438.6,33.31
NIFTYPHARMA,NIFTY Pharma,Sectoral,2025-02-28,2025-02-28,19813.5,29.95
NIFTYPHARMA,NIFTY Pharma,Sectoral,2025-03-31,2025-03-28,21137.45,32.02
NIFTYPHARMA,NIFTY Pharma,Sectoral,2025-04-30,2025-04-30,21772.45,32.82
NIFTYPHARMA,NIFTY Pharma,Sectoral,2025-05-31,2025-05-30,21442.05,30.7
NIFTYPHARMA,NIFTY Pharma,Sectoral,2025-06-30,2025-06-30,22038.7,31.61
NIFTYPHARMA,NIFTY Pharma,Sectoral,2025-07-31,2025-07-31,22771.05,32.34
NIFTYPHARMA,NIFTY Pharma,Sectoral,2025-08-31,2025-08-29,21804.05,31.63
NIFTYPHARMA,NIFTY Pharma,Sectoral,2025-09-30,2025-09-30,21454.25,33.07
NIFTYPHARMA,NIFTY Pharma,Sectoral,2025-10-31,2025-10-31,22175.4,33.94
NIFTYPHARMA,NIFTY Pharma,Sectoral,2025-11-30,2025-11-28,22998.3,34.01
NIFTYPHARMA,NIFTY Pharma,Sectoral,2025-12-31,2025-12-31,22723.65,33.57
NIFTYPHARMA,NIFTY Pharma,Sectoral,2026-01-31,2026-01-30,21715.1,33.1
NIFTYPHARMA,NIFTY Pharma,Sectoral,2026-02-28,2026-02-27,22952.35,34.35
NIFTYPHARMA,NIFTY Pharma,Sectoral,2026-03-31,2026-03-30,22232.25,33.28
NIFTYPHARMA,NIFTY Pharma,Sectoral,2026-04-30,2026-04-30,23267.7,34.83
NIFTYPHARMA,NIFTY Pharma,Sectoral,2026-05-31,2026-05-29,24345.8,37.61
NIFTYPHARMA,NIFTY Pharma,Sectoral,2026-06-30,2026-06-30,25326.4,38.69
NIFTYPHARMA,NIFTY Pharma,Sectoral,2026-07-31,2026-07-31,26534.8,42.93
NIFTYPHARMA,NIFTY Pharma,Sectoral,2026-08-31,2026-08-31,27186.45,42.09
NIFTYPOWER,NIFTY Power,Sectoral,2026-06-30,2026-06-30,9202.49,21.46
NIFTYPOWER,NIFTY Power,Sectoral,2026-07-31,2026-07-31,8998.58,20.33
NIFTYPOWER,NIFTY Power,Sectoral,2026-08-31,2026-08-31,8316.73,18.91
NIFTYPRIVATEBANK,NIFTY Private Bank,Sectoral,2021-04-30,2021-04-30,17582.45,30.53
NIFTYPRIVATEBANK,NIFTY Private Bank,Sectoral,2021-05-31,2021-05-31,18694.9,29.04
NIFTYPRIVATEBANK,NIFTY Private Bank,Sectoral,2021-06-30,2021-06-30,18293.5,28.44
NIFTYPRIVATEBANK,NIFTY Private Bank,Sectoral,2021-07-31,2021-07-30,17975.85,26.09
NIFTYPRIVATEBANK,NIFTY Private Bank,Sectoral,2021-08-31,2021-08-31,18837.65,28.83
NIFTYPRIVATEBANK,NIFTY Private Bank,Sectoral,2021-09-30,2021-09-30,19447.95,26.53
NIFTYPRIVATEBANK,NIFTY Private Bank,Sectoral,2021-10-31,2021-10-29,20192.2,25.64
NIFTYPRIVATEBANK,NIFTY Private Bank,Sectoral,2021-11-30,2021-11-30,18213.85,25.06
NIFTYPRIVATEBANK,NIFTY Private Bank,Sectoral,2021-12-31,2021-12-31,18041.85,24.81
NIFTYPRIVATEBANK,NIFTY Private Bank,Sectoral,2022-01-31,2022-01-31,19037.15,24.37
NIFTYPRIVATEBANK,NIFTY Private Bank,Sectoral,2022-02-28,2022-02-28,18397.85,22.91
NIFTYPRIVATEBANK,NIFTY Private Bank,Sectoral,2022-03-31,2022-03-31,18420.8,23.1
NIFTYPRIVATEBANK,NIFTY Private Bank,Sectoral,2022-04-30,2022-04-29,18326.3,21.98
NIFTYPRIVATEBANK,NIFTY Private Bank,Sectoral,2022-05-31,2022-05-31,18112.4,19.89
NIFTYPRIVATEBANK,NIFTY Private Bank,Sectoral,2022-06-30,2022-06-30,16720.95,18.27
NIFTYPRIVATEBANK,NIFTY Private Bank,Sectoral,2022-07-31,2022-07-29,19045.7,18.36
NIFTYPRIVATEBANK,NIFTY Private Bank,Sectoral,2022-08-31,2022-08-30,20320.5,19.17
NIFTYPRIVATEBANK,NIFTY Private Bank,Sectoral,2022-09-30,2022-09-30,19932.45,19.03
NIFTYPRIVATEBANK,NIFTY Private Bank,Sectoral,2022-10-31,2022-10-31,21193.9,18.54
NIFTYPRIVATEBANK,NIFTY Private Bank,Sectoral,2022-11-30,2022-11-30,22018.6,18.25
NIFTYPRIVATEBANK,NIFTY Private Bank,Sectoral,2022-12-31,2022-12-30,21862,18.12
NIFTYPRIVATEBANK,NIFTY Private Bank,Sectoral,2023-01-31,2023-01-31,20731.35,16.04
NIFTYPRIVATEBANK,NIFTY Private Bank,Sectoral,2023-02-28,2023-02-28,20587,15.92
NIFTYPRIVATEBANK,NIFTY Private Bank,Sectoral,2023-03-31,2023-03-31,20618.1,15.79
NIFTYPRIVATEBANK,NIFTY Private Bank,Sectoral,2023-04-30,2023-04-28,21885.75,16.19
NIFTYPRIVATEBANK,NIFTY Private Bank,Sectoral,2023-05-31,2023-05-31,22470.7,17.5
NIFTYPRIVATEBANK,NIFTY Private Bank,Sectoral,2023-06-30,2023-06-30,22923.15,17.99
NIFTYPRIVATEBANK,NIFTY Private Bank,Sectoral,2023-07-31,2023-07-31,23411.1,18.36
NIFTYPRIVATEBANK,NIFTY Private Bank,Sectoral,2023-08-31,2023-08-31,22921.85,17.91
NIFTYPRIVATEBANK,NIFTY Private Bank,Sectoral,2023-09-30,2023-09-29,23101.9,18.38
NIFTYPRIVATEBANK,NIFTY Private Bank,Sectoral,2023-10-31,2023-10-31,22235.25,16.34
NIFTYPRIVATEBANK,NIFTY Private Bank,Sectoral,2023-11-30,2023-11-30,23136.8,17
NIFTYPRIVATEBANK,NIFTY Private Bank,Sectoral,2023-12-31,2023-12-29,24875.65,18.45
NIFTYPRIVATEBANK,NIFTY Private Bank,Sectoral,2024-01-31,2024-01-31,23594.45,16.66
NIFTYPRIVATEBANK,NIFTY Private Bank,Sectoral,2024-02-29,2024-02-29,23104.7,16.22
NIFTYPRIVATEBANK,NIFTY Private Bank,Sectoral,2024-03-31,2024-03-28,23555.85,16.42
NIFTYPRIVATEBANK,NIFTY Private Bank,Sectoral,2024-04-30,2024-04-30,24535.95,15.48
NIFTYPRIVATEBANK,NIFTY Private Bank,Sectoral,2024-05-31,2024-05-31,24224.1,15.35
NIFTYPRIVATEBANK,NIFTY Private Bank,Sectoral,2024-06-30,2024-06-28,26075.5,16.52
NIFTYPRIVATEBANK,NIFTY Private Bank,Sectoral,2024-07-31,2024-07-31,25712.1,15.56
NIFTYPRIVATEBANK,NIFTY Private Bank,Sectoral,2024-08-31,2024-08-30,25687.75,15.55
NIFTYPRIVATEBANK,NIFTY Private Bank,Sectoral,2024-09-30,2024-09-30,26501.85,16.06
NIFTYPRIVATEBANK,NIFTY Private Bank,Sectoral,2024-10-31,2024-10-31,25220.45,15.1
NIFTYPRIVATEBANK,NIFTY Private Bank,Sectoral,2024-11-30,2024-11-29,25327.95,15.17
NIFTYPRIVATEBANK,NIFTY Private Bank,Sectoral,2024-12-31,2024-12-31,24780,14.62
NIFTYPRIVATEBANK,NIFTY Private Bank,Sectoral,2025-01-31,2025-01-31,24386,14.24
NIFTYPRIVATEBANK,NIFTY Private Bank,Sectoral,2025-02-28,2025-02-28,24225.15,14.39
NIFTYPRIVATEBANK,NIFTY Private Bank,Sectoral,2025-03-31,2025-03-28,25733.35,15.41
NIFTYPRIVATEBANK,NIFTY Private Bank,Sectoral,2025-04-30,2025-04-30,27450.3,16.41
NIFTYPRIVATEBANK,NIFTY Private Bank,Sectoral,2025-05-31,2025-05-30,27576.65,17.6
NIFTYPRIVATEBANK,NIFTY Private Bank,Sectoral,2025-06-30,2025-06-30,28254.6,18.06
NIFTYPRIVATEBANK,NIFTY Private Bank,Sectoral,2025-07-31,2025-07-31,27085.45,18.14
NIFTYPRIVATEBANK,NIFTY Private Bank,Sectoral,2025-08-31,2025-08-29,26058.2,17.48
NIFTYPRIVATEBANK,NIFTY Private Bank,Sectoral,2025-09-30,2025-09-30,26462.45,17.77
NIFTYPRIVATEBANK,NIFTY Private Bank,Sectoral,2025-10-31,2025-10-31,28050.65,19.75
NIFTYPRIVATEBANK,NIFTY Private Bank,Sectoral,2025-11-30,2025-11-28,28789.4,20.29
NIFTYPRIVATEBANK,NIFTY Private Bank,Sectoral,2025-12-31,2025-12-31,28721.15,20.14
NIFTYPRIVATEBANK,NIFTY Private Bank,Sectoral,2026-01-31,2026-01-30,28553.15,20.03
NIFTYPRIVATEBANK,NIFTY Private Bank,Sectoral,2026-02-28,2026-02-27,28617.55,20.04
NIFTYPRIVATEBANK,NIFTY Private Bank,Sectoral,2026-03-31,2026-03-30,24144.85,16.86
NIFTYPRIVATEBANK,NIFTY Private Bank,Sectoral,2026-04-30,2026-04-30,26281.75,17.44
NIFTYPRIVATEBANK,NIFTY Private Bank,Sectoral,2026-05-31,2026-05-29,26326.4,17.3
NIFTYPRIVATEBANK,NIFTY Private Bank,Sectoral,2026-06-30,2026-06-30,27929.15,18.21
NIFTYPRIVATEBANK,NIFTY Private Bank,Sectoral,2026-07-31,2026-07-31,27522.65,17.15
NIFTYPRIVATEBANK,NIFTY Private Bank,Sectoral,2026-08-31,2026-08-31,28005.75,17.44
NIFTYPSE,NIFTY Pse,Strategy / Thematic / Other,2021-04-30,2021-04-30,3175.85,9.81
NIFTYPSE,NIFTY Pse,Strategy / Thematic / Other,2021-05-31,2021-05-31,3516.75,8.5
NIFTYPSE,NIFTY Pse,Strategy / Thematic / Other,2021-06-30,2021-06-30,3609.45,7.35
NIFTYPSE,NIFTY Pse,Strategy / Thematic / Other,2021-07-31,2021-07-30,3584.95,7.29
NIFTYPSE,NIFTY Pse,Strategy / Thematic / Other,2021-08-31,2021-08-31,3646.4,6.36
NIFTYPSE,NIFTY Pse,Strategy / Thematic / Other,2021-09-30,2021-09-30,4096.7,7.06
NIFTYPSE,NIFTY Pse,Strategy / Thematic / Other,2021-10-31,2021-10-29,4005.65,6.9
NIFTYPSE,NIFTY Pse,Strategy / Thematic / Other,2021-11-30,2021-11-30,3820.05,5.93
NIFTYPSE,NIFTY Pse,Strategy / Thematic / Other,2021-12-31,2021-12-31,3835.25,5.91
NIFTYPSE,NIFTY Pse,Strategy / Thematic / Other,2022-01-31,2022-01-31,4156.35,6.4
NIFTYPSE,NIFTY Pse,Strategy / Thematic / Other,2022-02-28,2022-02-28,3955.3,5.69
NIFTYPSE,NIFTY Pse,Strategy / Thematic / Other,2022-03-31,2022-03-31,4086.25,5.88
NIFTYPSE,NIFTY Pse,Strategy / Thematic / Other,2022-04-30,2022-04-29,4234.2,6.09
NIFTYPSE,NIFTY Pse,Strategy / Thematic / Other,2022-05-31,2022-05-31,4081.95,5.96
NIFTYPSE,NIFTY Pse,Strategy / Thematic / Other,2022-06-30,2022-06-30,3819.95,5.56
NIFTYPSE,NIFTY Pse,Strategy / Thematic / Other,2022-07-31,2022-07-29,4017.6,5.84
NIFTYPSE,NIFTY Pse,Strategy / Thematic / Other,2022-08-31,2022-08-30,4236.6,7.08
NIFTYPSE,NIFTY Pse,Strategy / Thematic / Other,2022-09-30,2022-09-30,3990.6,6.71
NIFTYPSE,NIFTY Pse,Strategy / Thematic / Other,2022-10-31,2022-10-31,4276.55,7.19
NIFTYPSE,NIFTY Pse,Strategy / Thematic / Other,2022-11-30,2022-11-30,4455.9,8.41
NIFTYPSE,NIFTY Pse,Strategy / Thematic / Other,2022-12-31,2022-12-30,4367,8.29
NIFTYPSE,NIFTY Pse,Strategy / Thematic / Other,2023-01-31,2023-01-31,4399.95,8.56
NIFTYPSE,NIFTY Pse,Strategy / Thematic / Other,2023-02-28,2023-02-28,4389.5,8.5
NIFTYPSE,NIFTY Pse,Strategy / Thematic / Other,2023-03-31,2023-03-31,4474,8.56
NIFTYPSE,NIFTY Pse,Strategy / Thematic / Other,2023-04-30,2023-04-28,4683.15,8.96
NIFTYPSE,NIFTY Pse,Strategy / Thematic / Other,2023-05-31,2023-05-31,4799.65,9.11
NIFTYPSE,NIFTY Pse,Strategy / Thematic / Other,2023-06-30,2023-06-30,5081.6,9.55
NIFTYPSE,NIFTY Pse,Strategy / Thematic / Other,2023-07-31,2023-07-31,5511.05,9.29
NIFTYPSE,NIFTY Pse,Strategy / Thematic / Other,2023-08-31,2023-08-31,5456.6,7.8
NIFTYPSE,NIFTY Pse,Strategy / Thematic / Other,2023-09-30,2023-09-29,5991.75,8.57
NIFTYPSE,NIFTY Pse,Strategy / Thematic / Other,2023-10-31,2023-10-31,5887.4,8.01
NIFTYPSE,NIFTY Pse,Strategy / Thematic / Other,2023-11-30,2023-11-30,6779.05,8.07
NIFTYPSE,NIFTY Pse,Strategy / Thematic / Other,2023-12-31,2023-12-29,7854.95,9.33
NIFTYPSE,NIFTY Pse,Strategy / Thematic / Other,2024-01-31,2024-01-31,8670.25,9.88
NIFTYPSE,NIFTY Pse,Strategy / Thematic / Other,2024-02-29,2024-02-29,9138.85,10.27
NIFTYPSE,NIFTY Pse,Strategy / Thematic / Other,2024-03-31,2024-03-28,9122.15,10.27
NIFTYPSE,NIFTY Pse,Strategy / Thematic / Other,2024-04-30,2024-04-30,9993.35,11.25
NIFTYPSE,NIFTY Pse,Strategy / Thematic / Other,2024-05-31,2024-05-31,10511.1,11.51
NIFTYPSE,NIFTY Pse,Strategy / Thematic / Other,2024-06-30,2024-06-28,10685.5,11.66
NIFTYPSE,NIFTY Pse,Strategy / Thematic / Other,2024-07-31,2024-07-31,11684.2,13.39
NIFTYPSE,NIFTY Pse,Strategy / Thematic / Other,2024-08-31,2024-08-30,11493.6,13.43
NIFTYPSE,NIFTY Pse,Strategy / Thematic / Other,2024-09-30,2024-09-30,11286,13.31
NIFTYPSE,NIFTY Pse,Strategy / Thematic / Other,2024-10-31,2024-10-31,10175.25,13.05
NIFTYPSE,NIFTY Pse,Strategy / Thematic / Other,2024-11-30,2024-11-29,10121.45,13.11
NIFTYPSE,NIFTY Pse,Strategy / Thematic / Other,2024-12-31,2024-12-31,9532.2,12.35
NIFTYPSE,NIFTY Pse,Strategy / Thematic / Other,2025-01-31,2025-01-31,9278.65,12.13
NIFTYPSE,NIFTY Pse,Strategy / Thematic / Other,2025-02-28,2025-02-28,8064.05,10.43
NIFTYPSE,NIFTY Pse,Strategy / Thematic / Other,2025-03-31,2025-03-28,9342.7,12.17
NIFTYPSE,NIFTY Pse,Strategy / Thematic / Other,2025-04-30,2025-04-30,9559,12.45
NIFTYPSE,NIFTY Pse,Strategy / Thematic / Other,2025-05-31,2025-05-30,9867.95,12.66
NIFTYPSE,NIFTY Pse,Strategy / Thematic / Other,2025-06-30,2025-06-30,10093.65,12.94
NIFTYPSE,NIFTY Pse,Strategy / Thematic / Other,2025-07-31,2025-07-31,9682.7,12.35
NIFTYPSE,NIFTY Pse,Strategy / Thematic / Other,2025-08-31,2025-08-29,9202.45,11.2
NIFTYPSE,NIFTY Pse,Strategy / Thematic / Other,2025-09-30,2025-09-30,9800.85,11.93
NIFTYPSE,NIFTY Pse,Strategy / Thematic / Other,2025-10-31,2025-10-31,10062.95,11.85
NIFTYPSE,NIFTY Pse,Strategy / Thematic / Other,2025-11-30,2025-11-28,9744.3,11.15
NIFTYPSE,NIFTY Pse,Strategy / Thematic / Other,2025-12-31,2025-12-31,9853.65,11.23
NIFTYPSE,NIFTY Pse,Strategy / Thematic / Other,2026-01-31,2026-01-30,10171.25,11.34
NIFTYPSE,NIFTY Pse,Strategy / Thematic / Other,2026-02-28,2026-02-27,10456.1,11.34
NIFTYPSE,NIFTY Pse,Strategy / Thematic / Other,2026-03-31,2026-03-30,9559,10.35
NIFTYPSE,NIFTY Pse,Strategy / Thematic / Other,2026-04-30,2026-04-30,10629.05,11.51
NIFTYPSE,NIFTY Pse,Strategy / Thematic / Other,2026-05-31,2026-05-29,10227.35,10.55
NIFTYPSE,NIFTY Pse,Strategy / Thematic / Other,2026-06-30,2026-06-30,9980.7,10.16
NIFTYPSE,NIFTY Pse,Strategy / Thematic / Other,2026-07-31,2026-07-31,9941.9,11.11
NIFTYPSE,NIFTY Pse,Strategy / Thematic / Other,2026-08-31,2026-08-31,9704.4,11.01
NIFTYPSUBANK,NIFTY PSU Bank,Sectoral,2021-04-30,2021-04-30,2055.25,64.48
NIFTYPSUBANK,NIFTY PSU Bank,Sectoral,2021-05-31,2021-05-31,2426.3,22.48
NIFTYPSUBANK,NIFTY PSU Bank,Sectoral,2021-06-30,2021-06-30,2518.8,15.12
NIFTYPSUBANK,NIFTY PSU Bank,Sectoral,2021-07-31,2021-07-30,2441.35,13.13
NIFTYPSUBANK,NIFTY PSU Bank,Sectoral,2021-08-31,2021-08-31,2335.1,10.8
NIFTYPSUBANK,NIFTY PSU Bank,Sectoral,2021-09-30,2021-09-30,2483.05,11.51
NIFTYPSUBANK,NIFTY PSU Bank,Sectoral,2021-10-31,2021-10-29,2825.15,12.42
NIFTYPSUBANK,NIFTY PSU Bank,Sectoral,2021-11-30,2021-11-30,2560.15,10.08
NIFTYPSUBANK,NIFTY PSU Bank,Sectoral,2021-12-31,2021-12-31,2530.4,10.07
NIFTYPSUBANK,NIFTY PSU Bank,Sectoral,2022-01-31,2022-01-31,2982.25,11.23
NIFTYPSUBANK,NIFTY PSU Bank,Sectoral,2022-02-28,2022-02-28,2667.6,9.05
NIFTYPSUBANK,NIFTY PSU Bank,Sectoral,2022-03-31,2022-03-31,2725.65,9.1
NIFTYPSUBANK,NIFTY PSU Bank,Sectoral,2022-04-30,2022-04-29,2758.55,9.21
NIFTYPSUBANK,NIFTY PSU Bank,Sectoral,2022-05-31,2022-05-31,2575.6,7.49
NIFTYPSUBANK,NIFTY PSU Bank,Sectoral,2022-06-30,2022-06-30,2434.75,7.05
NIFTYPSUBANK,NIFTY PSU Bank,Sectoral,2022-07-31,2022-07-29,2784.95,7.76
NIFTYPSUBANK,NIFTY PSU Bank,Sectoral,2022-08-31,2022-08-30,3003.35,8.44
NIFTYPSUBANK,NIFTY PSU Bank,Sectoral,2022-09-30,2022-09-30,2995,8.36
NIFTYPSUBANK,NIFTY PSU Bank,Sectoral,2022-10-31,2022-10-31,3461.05,9.19
NIFTYPSUBANK,NIFTY PSU Bank,Sectoral,2022-11-30,2022-11-30,4000.75,10.18
NIFTYPSUBANK,NIFTY PSU Bank,Sectoral,2022-12-31,2022-12-30,4318.55,11.1
NIFTYPSUBANK,NIFTY PSU Bank,Sectoral,2023-01-31,2023-01-31,4006.55,9.77
NIFTYPSUBANK,NIFTY PSU Bank,Sectoral,2023-02-28,2023-02-28,3658.35,8.29
NIFTYPSUBANK,NIFTY PSU Bank,Sectoral,2023-03-31,2023-03-31,3716.15,8.47
NIFTYPSUBANK,NIFTY PSU Bank,Sectoral,2023-04-30,2023-04-28,4167.65,9.47
NIFTYPSUBANK,NIFTY PSU Bank,Sectoral,2023-05-31,2023-05-31,4029.7,7.59
NIFTYPSUBANK,NIFTY PSU Bank,Sectoral,2023-06-30,2023-06-30,4110.2,7.63
NIFTYPSUBANK,NIFTY PSU Bank,Sectoral,2023-07-31,2023-07-31,4620.55,7.95
NIFTYPSUBANK,NIFTY PSU Bank,Sectoral,2023-08-31,2023-08-31,4467.2,7.03
NIFTYPSUBANK,NIFTY PSU Bank,Sectoral,2023-09-30,2023-09-29,5258.3,8.01
NIFTYPSUBANK,NIFTY PSU Bank,Sectoral,2023-10-31,2023-10-31,4934.4,7.11
NIFTYPSUBANK,NIFTY PSU Bank,Sectoral,2023-11-30,2023-11-30,5041,7.1
NIFTYPSUBANK,NIFTY PSU Bank,Sectoral,2023-12-31,2023-12-29,5713.45,8.11
NIFTYPSUBANK,NIFTY PSU Bank,Sectoral,2024-01-31,2024-01-31,6271.65,8.52
NIFTYPSUBANK,NIFTY PSU Bank,Sectoral,2024-02-29,2024-02-29,6929.85,9.46
NIFTYPSUBANK,NIFTY PSU Bank,Sectoral,2024-03-31,2024-03-28,7007.25,9.57
NIFTYPSUBANK,NIFTY PSU Bank,Sectoral,2024-04-30,2024-04-30,7605.6,10.37
NIFTYPSUBANK,NIFTY PSU Bank,Sectoral,2024-05-31,2024-05-31,7386,9.6
NIFTYPSUBANK,NIFTY PSU Bank,Sectoral,2024-06-30,2024-06-28,7365.95,9.45
NIFTYPSUBANK,NIFTY PSU Bank,Sectoral,2024-07-31,2024-07-31,7396.95,9.12
NIFTYPSUBANK,NIFTY PSU Bank,Sectoral,2024-08-31,2024-08-30,6985.8,8.53
NIFTYPSUBANK,NIFTY PSU Bank,Sectoral,2024-09-30,2024-09-30,6756.15,8.2
NIFTYPSUBANK,NIFTY PSU Bank,Sectoral,2024-10-31,2024-10-31,6725.35,7.8
NIFTYPSUBANK,NIFTY PSU Bank,Sectoral,2024-11-30,2024-11-29,6813.85,7.71
NIFTYPSUBANK,NIFTY PSU Bank,Sectoral,2024-12-31,2024-12-31,6540.7,7.44
NIFTYPSUBANK,NIFTY PSU Bank,Sectoral,2025-01-31,2025-01-31,6317.3,7.02
NIFTYPSUBANK,NIFTY PSU Bank,Sectoral,2025-02-28,2025-02-28,5652.1,5.98
NIFTYPSUBANK,NIFTY PSU Bank,Sectoral,2025-03-31,2025-03-28,6263.4,6.62
NIFTYPSUBANK,NIFTY PSU Bank,Sectoral,2025-04-30,2025-04-30,6542.25,6.92
NIFTYPSUBANK,NIFTY PSU Bank,Sectoral,2025-05-31,2025-05-30,6976,7.07
NIFTYPSUBANK,NIFTY PSU Bank,Sectoral,2025-06-30,2025-06-30,7202.4,7.31
NIFTYPSUBANK,NIFTY PSU Bank,Sectoral,2025-07-31,2025-07-31,6850.95,7.02
NIFTYPSUBANK,NIFTY PSU Bank,Sectoral,2025-08-31,2025-08-29,6756.05,6.96
NIFTYPSUBANK,NIFTY PSU Bank,Sectoral,2025-09-30,2025-09-30,7526.75,7.82
NIFTYPSUBANK,NIFTY PSU Bank,Sectoral,2025-10-31,2025-10-31,8184.35,8.38
NIFTYPSUBANK,NIFTY PSU Bank,Sectoral,2025-11-30,2025-11-28,8514.4,8.71
NIFTYPSUBANK,NIFTY PSU Bank,Sectoral,2025-12-31,2025-12-31,8533.15,8.75
NIFTYPSUBANK,NIFTY PSU Bank,Sectoral,2026-01-31,2026-01-30,9019.35,9.11
NIFTYPSUBANK,NIFTY PSU Bank,Sectoral,2026-02-28,2026-02-27,9820.45,9.74
NIFTYPSUBANK,NIFTY PSU Bank,Sectoral,2026-03-31,2026-03-30,7873.45,7.76
NIFTYPSUBANK,NIFTY PSU Bank,Sectoral,2026-04-30,2026-04-30,8482.6,8.3
NIFTYPSUBANK,NIFTY PSU Bank,Sectoral,2026-05-31,2026-05-29,8156.15,7.91
NIFTYPSUBANK,NIFTY PSU Bank,Sectoral,2026-06-30,2026-06-30,8492.65,8.14
NIFTYPSUBANK,NIFTY PSU Bank,Sectoral,2026-07-31,2026-07-31,8367.2,7.59
NIFTYPSUBANK,NIFTY PSU Bank,Sectoral,2026-08-31,2026-08-31,8609.55,7.75
NIFTYQUALITYLOWVOLATILITY30,NIFTY Quality Low-Volatility 30,Strategy / Thematic / Other,2021-04-30,2021-04-30,10386.65,31.04
NIFTYQUALITYLOWVOLATILITY30,NIFTY Quality Low-Volatility 30,Strategy / Thematic / Other,2021-05-31,2021-05-31,11200.79,32.34
NIFTYQUALITYLOWVOLATILITY30,NIFTY Quality Low-Volatility 30,Strategy / Thematic / Other,2021-06-30,2021-06-30,11435.85,32.51
NIFTYQUALITYLOWVOLATILITY30,NIFTY Quality Low-Volatility 30,Strategy / Thematic / Other,2021-07-31,2021-07-30,11582.44,32.11
NIFTYQUALITYLOWVOLATILITY30,NIFTY Quality Low-Volatility 30,Strategy / Thematic / Other,2021-08-31,2021-08-31,12414.31,33.06
NIFTYQUALITYLOWVOLATILITY30,NIFTY Quality Low-Volatility 30,Strategy / Thematic / Other,2021-09-30,2021-09-30,12707.26,33.85
NIFTYQUALITYLOWVOLATILITY30,NIFTY Quality Low-Volatility 30,Strategy / Thematic / Other,2021-10-31,2021-10-29,12367.46,32.18
NIFTYQUALITYLOWVOLATILITY30,NIFTY Quality Low-Volatility 30,Strategy / Thematic / Other,2021-11-30,2021-11-30,12085.28,31.76
NIFTYQUALITYLOWVOLATILITY30,NIFTY Quality Low-Volatility 30,Strategy / Thematic / Other,2021-12-31,2021-12-31,12550.62,29.87
NIFTYQUALITYLOWVOLATILITY30,NIFTY Quality Low-Volatility 30,Strategy / Thematic / Other,2022-01-31,2022-01-31,12099.08,28.79
NIFTYQUALITYLOWVOLATILITY30,NIFTY Quality Low-Volatility 30,Strategy / Thematic / Other,2022-02-28,2022-02-28,11825.49,28.04
NIFTYQUALITYLOWVOLATILITY30,NIFTY Quality Low-Volatility 30,Strategy / Thematic / Other,2022-03-31,2022-03-31,12028.61,28.51
NIFTYQUALITYLOWVOLATILITY30,NIFTY Quality Low-Volatility 30,Strategy / Thematic / Other,2022-04-30,2022-04-29,12014.72,28.21
NIFTYQUALITYLOWVOLATILITY30,NIFTY Quality Low-Volatility 30,Strategy / Thematic / Other,2022-05-31,2022-05-31,11822.15,27.44
NIFTYQUALITYLOWVOLATILITY30,NIFTY Quality Low-Volatility 30,Strategy / Thematic / Other,2022-06-30,2022-06-30,11202.56,27.18
NIFTYQUALITYLOWVOLATILITY30,NIFTY Quality Low-Volatility 30,Strategy / Thematic / Other,2022-07-31,2022-07-29,12278.03,29.97
NIFTYQUALITYLOWVOLATILITY30,NIFTY Quality Low-Volatility 30,Strategy / Thematic / Other,2022-08-31,2022-08-30,12509.07,29.33
NIFTYQUALITYLOWVOLATILITY30,NIFTY Quality Low-Volatility 30,Strategy / Thematic / Other,2022-09-30,2022-09-30,12232.22,28.66
NIFTYQUALITYLOWVOLATILITY30,NIFTY Quality Low-Volatility 30,Strategy / Thematic / Other,2022-10-31,2022-10-31,12393.37,29.19
NIFTYQUALITYLOWVOLATILITY30,NIFTY Quality Low-Volatility 30,Strategy / Thematic / Other,2022-11-30,2022-11-30,12810.51,29.76
NIFTYQUALITYLOWVOLATILITY30,NIFTY Quality Low-Volatility 30,Strategy / Thematic / Other,2022-12-31,2022-12-30,12361.73,27.44
NIFTYQUALITYLOWVOLATILITY30,NIFTY Quality Low-Volatility 30,Strategy / Thematic / Other,2023-01-31,2023-01-31,12203.66,26.82
NIFTYQUALITYLOWVOLATILITY30,NIFTY Quality Low-Volatility 30,Strategy / Thematic / Other,2023-02-28,2023-02-28,11946.16,25.76
NIFTYQUALITYLOWVOLATILITY30,NIFTY Quality Low-Volatility 30,Strategy / Thematic / Other,2023-03-31,2023-03-31,12019.96,25.91
NIFTYQUALITYLOWVOLATILITY30,NIFTY Quality Low-Volatility 30,Strategy / Thematic / Other,2023-04-30,2023-04-28,12507.08,26.71
NIFTYQUALITYLOWVOLATILITY30,NIFTY Quality Low-Volatility 30,Strategy / Thematic / Other,2023-05-31,2023-05-31,13013.84,27.85
NIFTYQUALITYLOWVOLATILITY30,NIFTY Quality Low-Volatility 30,Strategy / Thematic / Other,2023-06-30,2023-06-30,13440.23,27.08
NIFTYQUALITYLOWVOLATILITY30,NIFTY Quality Low-Volatility 30,Strategy / Thematic / Other,2023-07-31,2023-07-31,13846.23,27.74
NIFTYQUALITYLOWVOLATILITY30,NIFTY Quality Low-Volatility 30,Strategy / Thematic / Other,2023-08-31,2023-08-31,13655.84,27.06
NIFTYQUALITYLOWVOLATILITY30,NIFTY Quality Low-Volatility 30,Strategy / Thematic / Other,2023-09-30,2023-09-29,13940,27.56
NIFTYQUALITYLOWVOLATILITY30,NIFTY Quality Low-Volatility 30,Strategy / Thematic / Other,2023-10-31,2023-10-31,13741.47,26.59
NIFTYQUALITYLOWVOLATILITY30,NIFTY Quality Low-Volatility 30,Strategy / Thematic / Other,2023-11-30,2023-11-30,14619.85,27.64
NIFTYQUALITYLOWVOLATILITY30,NIFTY Quality Low-Volatility 30,Strategy / Thematic / Other,2023-12-31,2023-12-29,15663.41,31.02
NIFTYQUALITYLOWVOLATILITY30,NIFTY Quality Low-Volatility 30,Strategy / Thematic / Other,2024-01-31,2024-01-31,15694.74,30.5
NIFTYQUALITYLOWVOLATILITY30,NIFTY Quality Low-Volatility 30,Strategy / Thematic / Other,2024-02-29,2024-02-29,16078.71,30.72
NIFTYQUALITYLOWVOLATILITY30,NIFTY Quality Low-Volatility 30,Strategy / Thematic / Other,2024-03-31,2024-03-28,16202.79,30.96
NIFTYQUALITYLOWVOLATILITY30,NIFTY Quality Low-Volatility 30,Strategy / Thematic / Other,2024-04-30,2024-04-30,16092.85,30.26
NIFTYQUALITYLOWVOLATILITY30,NIFTY Quality Low-Volatility 30,Strategy / Thematic / Other,2024-05-31,2024-05-31,16232.94,29.5
NIFTYQUALITYLOWVOLATILITY30,NIFTY Quality Low-Volatility 30,Strategy / Thematic / Other,2024-06-30,2024-06-28,17190.01,34.19
NIFTYQUALITYLOWVOLATILITY30,NIFTY Quality Low-Volatility 30,Strategy / Thematic / Other,2024-07-31,2024-07-31,18361.79,35.81
NIFTYQUALITYLOWVOLATILITY30,NIFTY Quality Low-Volatility 30,Strategy / Thematic / Other,2024-08-31,2024-08-30,18714.14,35.81
NIFTYQUALITYLOWVOLATILITY30,NIFTY Quality Low-Volatility 30,Strategy / Thematic / Other,2024-09-30,2024-09-30,19389.59,37.12
NIFTYQUALITYLOWVOLATILITY30,NIFTY Quality Low-Volatility 30,Strategy / Thematic / Other,2024-10-31,2024-10-31,17519.91,33.38
NIFTYQUALITYLOWVOLATILITY30,NIFTY Quality Low-Volatility 30,Strategy / Thematic / Other,2024-11-30,2024-11-29,17252.74,33.2
NIFTYQUALITYLOWVOLATILITY30,NIFTY Quality Low-Volatility 30,Strategy / Thematic / Other,2024-12-31,2024-12-31,16868.65,30.95
NIFTYQUALITYLOWVOLATILITY30,NIFTY Quality Low-Volatility 30,Strategy / Thematic / Other,2025-01-31,2025-01-31,16910.1,30.71
NIFTYQUALITYLOWVOLATILITY30,NIFTY Quality Low-Volatility 30,Strategy / Thematic / Other,2025-02-28,2025-02-28,15493.7,28.15
NIFTYQUALITYLOWVOLATILITY30,NIFTY Quality Low-Volatility 30,Strategy / Thematic / Other,2025-03-31,2025-03-28,16205.05,29.44
NIFTYQUALITYLOWVOLATILITY30,NIFTY Quality Low-Volatility 30,Strategy / Thematic / Other,2025-04-30,2025-04-30,16871.85,30.57
NIFTYQUALITYLOWVOLATILITY30,NIFTY Quality Low-Volatility 30,Strategy / Thematic / Other,2025-05-31,2025-05-30,16948.05,30.44
NIFTYQUALITYLOWVOLATILITY30,NIFTY Quality Low-Volatility 30,Strategy / Thematic / Other,2025-06-30,2025-06-30,17227.65,30.01
NIFTYQUALITYLOWVOLATILITY30,NIFTY Quality Low-Volatility 30,Strategy / Thematic / Other,2025-07-31,2025-07-31,16914.75,29.58
NIFTYQUALITYLOWVOLATILITY30,NIFTY Quality Low-Volatility 30,Strategy / Thematic / Other,2025-08-31,2025-08-29,17138.95,29.82
NIFTYQUALITYLOWVOLATILITY30,NIFTY Quality Low-Volatility 30,Strategy / Thematic / Other,2025-09-30,2025-09-30,16974.3,29.54
NIFTYQUALITYLOWVOLATILITY30,NIFTY Quality Low-Volatility 30,Strategy / Thematic / Other,2025-10-31,2025-10-31,17384.8,30.36
NIFTYQUALITYLOWVOLATILITY30,NIFTY Quality Low-Volatility 30,Strategy / Thematic / Other,2025-11-30,2025-11-28,17715.85,30.63
NIFTYQUALITYLOWVOLATILITY30,NIFTY Quality Low-Volatility 30,Strategy / Thematic / Other,2025-12-31,2025-12-31,17655.85,28.93
NIFTYQUALITYLOWVOLATILITY30,NIFTY Quality Low-Volatility 30,Strategy / Thematic / Other,2026-01-31,2026-01-30,17010.55,28.14
NIFTYQUALITYLOWVOLATILITY30,NIFTY Quality Low-Volatility 30,Strategy / Thematic / Other,2026-02-28,2026-02-27,16860.9,27.82
NIFTYQUALITYLOWVOLATILITY30,NIFTY Quality Low-Volatility 30,Strategy / Thematic / Other,2026-03-31,2026-03-30,15088.65,24.9
NIFTYQUALITYLOWVOLATILITY30,NIFTY Quality Low-Volatility 30,Strategy / Thematic / Other,2026-04-30,2026-04-30,16310.4,26.46
NIFTYQUALITYLOWVOLATILITY30,NIFTY Quality Low-Volatility 30,Strategy / Thematic / Other,2026-05-31,2026-05-29,16093.2,26.13
NIFTYQUALITYLOWVOLATILITY30,NIFTY Quality Low-Volatility 30,Strategy / Thematic / Other,2026-06-30,2026-06-30,16152.4,26.39
NIFTYQUALITYLOWVOLATILITY30,NIFTY Quality Low-Volatility 30,Strategy / Thematic / Other,2026-07-31,2026-07-31,16963.85,27.64
NIFTYQUALITYLOWVOLATILITY30,NIFTY Quality Low-Volatility 30,Strategy / Thematic / Other,2026-08-31,2026-08-31,16734.05,27.26
NIFTYREALTY,NIFTY Realty,Sectoral,2021-04-30,2021-04-30,309.6,755.03
NIFTYREALTY,NIFTY Realty,Sectoral,2021-05-31,2021-05-31,336.15,
NIFTYREALTY,NIFTY Realty,Sectoral,2021-06-30,2021-06-30,343.95,60.64
NIFTYREALTY,NIFTY Realty,Sectoral,2021-07-31,2021-07-30,398.65,65.98
NIFTYREALTY,NIFTY Realty,Sectoral,2021-08-31,2021-08-31,386.8,57.09
NIFTYREALTY,NIFTY Realty,Sectoral,2021-09-30,2021-09-30,513.8,75.26
NIFTYREALTY,NIFTY Realty,Sectoral,2021-10-31,2021-10-29,498.7,69.89
NIFTYREALTY,NIFTY Realty,Sectoral,2021-11-30,2021-11-30,487.6,61.78
NIFTYREALTY,NIFTY Realty,Sectoral,2021-12-31,2021-12-31,484.15,61.66
NIFTYREALTY,NIFTY Realty,Sectoral,2022-01-31,2022-01-31,480.25,66.16
NIFTYREALTY,NIFTY Realty,Sectoral,2022-02-28,2022-02-28,436.4,55.69
NIFTYREALTY,NIFTY Realty,Sectoral,2022-03-31,2022-03-31,463.55,59.48
NIFTYREALTY,NIFTY Realty,Sectoral,2022-04-30,2022-04-29,443.75,55.55
NIFTYREALTY,NIFTY Realty,Sectoral,2022-05-31,2022-05-31,411.7,55.74
NIFTYREALTY,NIFTY Realty,Sectoral,2022-06-30,2022-06-30,385.3,52.33
NIFTYREALTY,NIFTY Realty,Sectoral,2022-07-31,2022-07-29,450.95,56.73
NIFTYREALTY,NIFTY Realty,Sectoral,2022-08-31,2022-08-30,463.2,43.64
NIFTYREALTY,NIFTY Realty,Sectoral,2022-09-30,2022-09-30,424,39.95
NIFTYREALTY,NIFTY Realty,Sectoral,2022-10-31,2022-10-31,438.65,40.58
NIFTYREALTY,NIFTY Realty,Sectoral,2022-11-30,2022-11-30,450.15,42.13
NIFTYREALTY,NIFTY Realty,Sectoral,2022-12-31,2022-12-30,431.8,41.79
NIFTYREALTY,NIFTY Realty,Sectoral,2023-01-31,2023-01-31,411.55,38.73
NIFTYREALTY,NIFTY Realty,Sectoral,2023-02-28,2023-02-28,393.2,36.71
NIFTYREALTY,NIFTY Realty,Sectoral,2023-03-31,2023-03-31,387.35,35.11
NIFTYREALTY,NIFTY Realty,Sectoral,2023-04-30,2023-04-28,445.1,40.57
NIFTYREALTY,NIFTY Realty,Sectoral,2023-05-31,2023-05-31,478.8,38.26
NIFTYREALTY,NIFTY Realty,Sectoral,2023-06-30,2023-06-30,520,49.31
NIFTYREALTY,NIFTY Realty,Sectoral,2023-07-31,2023-07-31,566.75,54.85
NIFTYREALTY,NIFTY Realty,Sectoral,2023-08-31,2023-08-31,558.4,82.48
NIFTYREALTY,NIFTY Realty,Sectoral,2023-09-30,2023-09-29,575.65,47.68
NIFTYREALTY,NIFTY Realty,Sectoral,2023-10-31,2023-10-31,603,44.44
NIFTYREALTY,NIFTY Realty,Sectoral,2023-11-30,2023-11-30,713.6,45.73
NIFTYREALTY,NIFTY Realty,Sectoral,2023-12-31,2023-12-29,783.05,50.39
NIFTYREALTY,NIFTY Realty,Sectoral,2024-01-31,2024-01-31,856.2,55.9
NIFTYREALTY,NIFTY Realty,Sectoral,2024-02-29,2024-02-29,910.55,56.97
NIFTYREALTY,NIFTY Realty,Sectoral,2024-03-31,2024-03-28,900.65,59.04
NIFTYREALTY,NIFTY Realty,Sectoral,2024-04-30,2024-04-30,973.25,63.16
NIFTYREALTY,NIFTY Realty,Sectoral,2024-05-31,2024-05-31,1019.4,63.89
NIFTYREALTY,NIFTY Realty,Sectoral,2024-06-30,2024-06-28,1104.75,66.89
NIFTYREALTY,NIFTY Realty,Sectoral,2024-07-31,2024-07-31,1093.75,64.05
NIFTYREALTY,NIFTY Realty,Sectoral,2024-08-31,2024-08-30,1053.4,57.28
NIFTYREALTY,NIFTY Realty,Sectoral,2024-09-30,2024-09-30,1099,57.09
NIFTYREALTY,NIFTY Realty,Sectoral,2024-10-31,2024-10-31,999.55,47.56
NIFTYREALTY,NIFTY Realty,Sectoral,2024-11-30,2024-11-29,1020.15,51.87
NIFTYREALTY,NIFTY Realty,Sectoral,2024-12-31,2024-12-31,1052.35,54.42
NIFTYREALTY,NIFTY Realty,Sectoral,2025-01-31,2025-01-31,921.35,44.26
NIFTYREALTY,NIFTY Realty,Sectoral,2025-02-28,2025-02-28,797.9,38.68
NIFTYREALTY,NIFTY Realty,Sectoral,2025-03-31,2025-03-28,851.3,41.08
NIFTYREALTY,NIFTY Realty,Sectoral,2025-04-30,2025-04-30,885.85,42.99
NIFTYREALTY,NIFTY Realty,Sectoral,2025-05-31,2025-05-30,949.35,46.62
NIFTYREALTY,NIFTY Realty,Sectoral,2025-06-30,2025-06-30,986.55,49.06
NIFTYREALTY,NIFTY Realty,Sectoral,2025-07-31,2025-07-31,912.35,44.61
NIFTYREALTY,NIFTY Realty,Sectoral,2025-08-31,2025-08-29,870.75,41.75
NIFTYREALTY,NIFTY Realty,Sectoral,2025-09-30,2025-09-30,867.6,42.51
NIFTYREALTY,NIFTY Realty,Sectoral,2025-10-31,2025-10-31,947.55,45.02
NIFTYREALTY,NIFTY Realty,Sectoral,2025-11-30,2025-11-28,903.15,41.55
NIFTYREALTY,NIFTY Realty,Sectoral,2025-12-31,2025-12-31,877.95,40.46
NIFTYREALTY,NIFTY Realty,Sectoral,2026-01-31,2026-01-30,783,35.68
NIFTYREALTY,NIFTY Realty,Sectoral,2026-02-28,2026-02-27,780.6,35.16
NIFTYREALTY,NIFTY Realty,Sectoral,2026-03-31,2026-03-30,651.15,30.8
NIFTYREALTY,NIFTY Realty,Sectoral,2026-04-30,2026-04-30,793.55,36.87
NIFTYREALTY,NIFTY Realty,Sectoral,2026-05-31,2026-05-29,782.55,34.32
NIFTYREALTY,NIFTY Realty,Sectoral,2026-06-30,2026-06-30,829.55,36.49
NIFTYREALTY,NIFTY Realty,Sectoral,2026-07-31,2026-07-31,901.45,37.73
NIFTYREALTY,NIFTY Realty,Sectoral,2026-08-31,2026-08-31,904.15,38.4
NIFTYREITSINVITS,NIFTY REITS & Invits,Strategy / Thematic / Other,2023-04-30,2023-04-28,1030.89,50.17
NIFTYREITSINVITS,NIFTY REITS & Invits,Strategy / Thematic / Other,2023-05-31,2023-05-31,996.79,58.21
NIFTYREITSINVITS,NIFTY REITS & Invits,Strategy / Thematic / Other,2023-06-30,2023-06-30,977.53,71.79
NIFTYREITSINVITS,NIFTY REITS & Invits,Strategy / Thematic / Other,2023-07-31,2023-07-31,1005.42,70.21
NIFTYREITSINVITS,NIFTY REITS & Invits,Strategy / Thematic / Other,2023-08-31,2023-08-31,985.94,74.8
NIFTYREITSINVITS,NIFTY REITS & Invits,Strategy / Thematic / Other,2023-09-30,2023-09-29,968.67,86.03
NIFTYREITSINVITS,NIFTY REITS & Invits,Strategy / Thematic / Other,2023-10-31,2023-10-31,976.59,66.89
NIFTYREITSINVITS,NIFTY REITS & Invits,Strategy / Thematic / Other,2023-11-30,2023-11-30,998.17,32.6
NIFTYREITSINVITS,NIFTY REITS & Invits,Strategy / Thematic / Other,2023-12-31,2023-12-29,1008.09,33.07
NIFTYREITSINVITS,NIFTY REITS & Invits,Strategy / Thematic / Other,2024-01-31,2024-01-31,1051.1,34.64
NIFTYREITSINVITS,NIFTY REITS & Invits,Strategy / Thematic / Other,2024-02-29,2024-02-29,1068.12,32.8
NIFTYREITSINVITS,NIFTY REITS & Invits,Strategy / Thematic / Other,2024-03-31,2024-03-28,1065.9,32.27
NIFTYREITSINVITS,NIFTY REITS & Invits,Strategy / Thematic / Other,2024-04-30,2024-04-30,1077.76,32.51
NIFTYREITSINVITS,NIFTY REITS & Invits,Strategy / Thematic / Other,2024-05-31,2024-05-31,1058.37,31.69
NIFTYREITSINVITS,NIFTY REITS & Invits,Strategy / Thematic / Other,2024-06-30,2024-06-28,1082.58,29.43
NIFTYREITSINVITS,NIFTY REITS & Invits,Strategy / Thematic / Other,2024-07-31,2024-07-31,1120.88,30.79
NIFTYREITSINVITS,NIFTY REITS & Invits,Strategy / Thematic / Other,2024-08-31,2024-08-30,1122.84,30.39
NIFTYREITSINVITS,NIFTY REITS & Invits,Strategy / Thematic / Other,2024-09-30,2024-09-30,1150.71,30.3
NIFTYREITSINVITS,NIFTY REITS & Invits,Strategy / Thematic / Other,2024-10-31,2024-10-31,1171.73,30.99
NIFTYREITSINVITS,NIFTY REITS & Invits,Strategy / Thematic / Other,2024-11-30,2024-11-29,1142.44,30.12
NIFTYREITSINVITS,NIFTY REITS & Invits,Strategy / Thematic / Other,2024-12-31,2024-12-31,1116.73,21.43
NIFTYREITSINVITS,NIFTY REITS & Invits,Strategy / Thematic / Other,2025-01-31,2025-01-31,1141.52,21.75
NIFTYREITSINVITS,NIFTY REITS & Invits,Strategy / Thematic / Other,2025-02-28,2025-02-28,1118.67,21.43
NIFTYREITSINVITS,NIFTY REITS & Invits,Strategy / Thematic / Other,2025-03-31,2025-03-28,1107.07,21.55
NIFTYREITSINVITS,NIFTY REITS & Invits,Strategy / Thematic / Other,2025-04-30,2025-04-30,1139.13,22.13
NIFTYREITSINVITS,NIFTY REITS & Invits,Strategy / Thematic / Other,2025-05-31,2025-05-30,1169.78,22.55
NIFTYREITSINVITS,NIFTY REITS & Invits,Strategy / Thematic / Other,2025-06-30,2025-06-30,1205.46,23.85
NIFTYREITSINVITS,NIFTY REITS & Invits,Strategy / Thematic / Other,2025-07-31,2025-07-31,1240.1,24.43
NIFTYREITSINVITS,NIFTY REITS & Invits,Strategy / Thematic / Other,2025-08-31,2025-08-29,1250.33,24.55
NIFTYREITSINVITS,NIFTY REITS & Invits,Strategy / Thematic / Other,2025-09-30,2025-09-30,1336.78,26.46
NIFTYREITSINVITS,NIFTY REITS & Invits,Strategy / Thematic / Other,2025-10-31,2025-10-31,1353.91,27.4
NIFTYREITSINVITS,NIFTY REITS & Invits,Strategy / Thematic / Other,2025-11-30,2025-11-28,1345.93,27.23
NIFTYREITSINVITS,NIFTY REITS & Invits,Strategy / Thematic / Other,2025-12-31,2025-12-31,1340.64,32.37
NIFTYREITSINVITS,NIFTY REITS & Invits,Strategy / Thematic / Other,2026-01-31,2026-01-30,1356.61,46.22
NIFTYREITSINVITS,NIFTY REITS & Invits,Strategy / Thematic / Other,2026-02-28,2026-02-27,1367.09,46.27
NIFTYREITSINVITS,NIFTY REITS & Invits,Strategy / Thematic / Other,2026-03-31,2026-03-30,1308.87,40.08
NIFTYREITSINVITS,NIFTY REITS & Invits,Strategy / Thematic / Other,2026-04-30,2026-04-30,1339.9,41.66
NIFTYREITSINVITS,NIFTY REITS & Invits,Strategy / Thematic / Other,2026-05-31,2026-05-29,1341.24,46.13
NIFTYREITSINVITS,NIFTY REITS & Invits,Strategy / Thematic / Other,2026-06-30,2026-06-30,1376.86,50.2
NIFTYREITSINVITS,NIFTY REITS & Invits,Strategy / Thematic / Other,2026-07-31,2026-07-31,1409.57,51.22
NIFTYREITSINVITS,NIFTY REITS & Invits,Strategy / Thematic / Other,2026-08-31,2026-08-31,1414.44,51.19
NIFTYREITSINVITS9010,NIFTY REITS & Invits 90:10,Strategy / Thematic / Other,2026-07-31,2026-07-31,1426.08,64.6
NIFTYREITSINVITS9010,NIFTY REITS & Invits 90:10,Strategy / Thematic / Other,2026-08-31,2026-08-31,1418.71,64.18
NIFTYREITSREALTY,NIFTY REITS & Realty,Sectoral,2026-03-31,2026-03-30,1632.57,44.75
NIFTYREITSREALTY,NIFTY REITS & Realty,Sectoral,2026-04-30,2026-04-30,1793.86,49.36
NIFTYREITSREALTY,NIFTY REITS & Realty,Sectoral,2026-05-31,2026-05-29,1781.45,47.53
NIFTYREITSREALTY,NIFTY REITS & Realty,Sectoral,2026-06-30,2026-06-30,1857.45,50.71
NIFTYREITSREALTY,NIFTY REITS & Realty,Sectoral,2026-07-31,2026-07-31,1945.7,51.67
NIFTYREITSREALTY,NIFTY REITS & Realty,Sectoral,2026-08-31,2026-08-31,1941,51.96
NIFTYRETAIL,NIFTY Retail,Sectoral,2026-06-30,2026-06-30,2994.03,250.1
NIFTYRETAIL,NIFTY Retail,Sectoral,2026-07-31,2026-07-31,3079.45,242.2
NIFTYRETAIL,NIFTY Retail,Sectoral,2026-08-31,2026-08-31,3191.29,218.3
NIFTYRURAL,NIFTY Rural,Strategy / Thematic / Other,2024-07-31,2024-07-31,15589.6,31.27
NIFTYRURAL,NIFTY Rural,Strategy / Thematic / Other,2024-08-31,2024-08-30,15600.6,30.84
NIFTYRURAL,NIFTY Rural,Strategy / Thematic / Other,2024-09-30,2024-09-30,16195.97,32.08
NIFTYRURAL,NIFTY Rural,Strategy / Thematic / Other,2024-10-31,2024-10-31,14740.42,28.88
NIFTYRURAL,NIFTY Rural,Strategy / Thematic / Other,2024-11-30,2024-11-29,14397.74,27.9
NIFTYRURAL,NIFTY Rural,Strategy / Thematic / Other,2024-12-31,2024-12-31,13959.7,27.21
NIFTYRURAL,NIFTY Rural,Strategy / Thematic / Other,2025-01-31,2025-01-31,13983.1,26.79
NIFTYRURAL,NIFTY Rural,Strategy / Thematic / Other,2025-02-28,2025-02-28,12954.7,23.22
NIFTYRURAL,NIFTY Rural,Strategy / Thematic / Other,2025-03-31,2025-03-28,13900.85,24.59
NIFTYRURAL,NIFTY Rural,Strategy / Thematic / Other,2025-04-30,2025-04-30,14429.65,25.1
NIFTYRURAL,NIFTY Rural,Strategy / Thematic / Other,2025-05-31,2025-05-30,14599.5,24.73
NIFTYRURAL,NIFTY Rural,Strategy / Thematic / Other,2025-06-30,2025-06-30,15100.15,25.31
NIFTYRURAL,NIFTY Rural,Strategy / Thematic / Other,2025-07-31,2025-07-31,14811.35,24.78
NIFTYRURAL,NIFTY Rural,Strategy / Thematic / Other,2025-08-31,2025-08-29,14971.85,24.64
NIFTYRURAL,NIFTY Rural,Strategy / Thematic / Other,2025-09-30,2025-09-30,15383.4,25.28
NIFTYRURAL,NIFTY Rural,Strategy / Thematic / Other,2025-10-31,2025-10-31,15935.7,26.11
NIFTYRURAL,NIFTY Rural,Strategy / Thematic / Other,2025-11-30,2025-11-28,16127.7,25.88
NIFTYRURAL,NIFTY Rural,Strategy / Thematic / Other,2025-12-31,2025-12-31,16169.6,26.34
NIFTYRURAL,NIFTY Rural,Strategy / Thematic / Other,2026-01-31,2026-01-30,15581.55,25.33
NIFTYRURAL,NIFTY Rural,Strategy / Thematic / Other,2026-02-28,2026-02-27,16018.75,26.77
NIFTYRURAL,NIFTY Rural,Strategy / Thematic / Other,2026-03-31,2026-03-30,13918.35,24.02
NIFTYRURAL,NIFTY Rural,Strategy / Thematic / Other,2026-04-30,2026-04-30,15298.95,26.43
NIFTYRURAL,NIFTY Rural,Strategy / Thematic / Other,2026-05-31,2026-05-29,15110.7,23.74
NIFTYRURAL,NIFTY Rural,Strategy / Thematic / Other,2026-06-30,2026-06-30,15178.25,23.81
NIFTYRURAL,NIFTY Rural,Strategy / Thematic / Other,2026-07-31,2026-07-31,15736.85,24.24
NIFTYRURAL,NIFTY Rural,Strategy / Thematic / Other,2026-08-31,2026-08-31,15253.25,22.83
NIFTYSERVICESSECTOR,NIFTY Services Sector,Strategy / Thematic / Other,2021-04-30,2021-04-30,20387.55,29.2
NIFTYSERVICESSECTOR,NIFTY Services Sector,Strategy / Thematic / Other,2021-05-31,2021-05-31,21612.85,28.75
NIFTYSERVICESSECTOR,NIFTY Services Sector,Strategy / Thematic / Other,2021-06-30,2021-06-30,21889.75,28.95
NIFTYSERVICESSECTOR,NIFTY Services Sector,Strategy / Thematic / Other,2021-07-31,2021-07-30,21930.6,28.03
NIFTYSERVICESSECTOR,NIFTY Services Sector,Strategy / Thematic / Other,2021-08-31,2021-08-31,24180.65,28.64
NIFTYSERVICESSECTOR,NIFTY Services Sector,Strategy / Thematic / Other,2021-09-30,2021-09-30,24619.25,29.52
NIFTYSERVICESSECTOR,NIFTY Services Sector,Strategy / Thematic / Other,2021-10-31,2021-10-29,24740.35,28.7
NIFTYSERVICESSECTOR,NIFTY Services Sector,Strategy / Thematic / Other,2021-11-30,2021-11-30,23997.3,26.71
NIFTYSERVICESSECTOR,NIFTY Services Sector,Strategy / Thematic / Other,2021-12-31,2021-12-31,24396.3,27.13
NIFTYSERVICESSECTOR,NIFTY Services Sector,Strategy / Thematic / Other,2022-01-31,2022-01-31,24333.35,26.19
NIFTYSERVICESSECTOR,NIFTY Services Sector,Strategy / Thematic / Other,2022-02-28,2022-02-28,23387.15,23.8
NIFTYSERVICESSECTOR,NIFTY Services Sector,Strategy / Thematic / Other,2022-03-31,2022-03-31,24210.9,24.89
NIFTYSERVICESSECTOR,NIFTY Services Sector,Strategy / Thematic / Other,2022-04-30,2022-04-29,23236.95,23.12
NIFTYSERVICESSECTOR,NIFTY Services Sector,Strategy / Thematic / Other,2022-05-31,2022-05-31,22464.4,21.49
NIFTYSERVICESSECTOR,NIFTY Services Sector,Strategy / Thematic / Other,2022-06-30,2022-06-30,21243.05,20.33
NIFTYSERVICESSECTOR,NIFTY Services Sector,Strategy / Thematic / Other,2022-07-31,2022-07-29,23452.05,21.64
NIFTYSERVICESSECTOR,NIFTY Services Sector,Strategy / Thematic / Other,2022-08-31,2022-08-30,24345.35,22.32
NIFTYSERVICESSECTOR,NIFTY Services Sector,Strategy / Thematic / Other,2022-09-30,2022-09-30,23379.9,21.45
NIFTYSERVICESSECTOR,NIFTY Services Sector,Strategy / Thematic / Other,2022-10-31,2022-10-31,24726.4,21.87
NIFTYSERVICESSECTOR,NIFTY Services Sector,Strategy / Thematic / Other,2022-11-30,2022-11-30,25693.45,22.72
NIFTYSERVICESSECTOR,NIFTY Services Sector,Strategy / Thematic / Other,2022-12-31,2022-12-30,24842.4,21.97
NIFTYSERVICESSECTOR,NIFTY Services Sector,Strategy / Thematic / Other,2023-01-31,2023-01-31,23671.25,20.24
NIFTYSERVICESSECTOR,NIFTY Services Sector,Strategy / Thematic / Other,2023-02-28,2023-02-28,22972.9,19.48
NIFTYSERVICESSECTOR,NIFTY Services Sector,Strategy / Thematic / Other,2023-03-31,2023-03-31,23037,19.47
NIFTYSERVICESSECTOR,NIFTY Services Sector,Strategy / Thematic / Other,2023-04-30,2023-04-28,23733.75,19.63
NIFTYSERVICESSECTOR,NIFTY Services Sector,Strategy / Thematic / Other,2023-05-31,2023-05-31,24192.1,20.4
NIFTYSERVICESSECTOR,NIFTY Services Sector,Strategy / Thematic / Other,2023-06-30,2023-06-30,24873.15,21.06
NIFTYSERVICESSECTOR,NIFTY Services Sector,Strategy / Thematic / Other,2023-07-31,2023-07-31,25294.1,22.12
NIFTYSERVICESSECTOR,NIFTY Services Sector,Strategy / Thematic / Other,2023-08-31,2023-08-31,24709.2,21.19
NIFTYSERVICESSECTOR,NIFTY Services Sector,Strategy / Thematic / Other,2023-09-30,2023-09-29,25124.9,21.62
NIFTYSERVICESSECTOR,NIFTY Services Sector,Strategy / Thematic / Other,2023-10-31,2023-10-31,24331.95,19.9
NIFTYSERVICESSECTOR,NIFTY Services Sector,Strategy / Thematic / Other,2023-11-30,2023-11-30,25596.35,20.87
NIFTYSERVICESSECTOR,NIFTY Services Sector,Strategy / Thematic / Other,2023-12-31,2023-12-29,27687.8,22.57
NIFTYSERVICESSECTOR,NIFTY Services Sector,Strategy / Thematic / Other,2024-01-31,2024-01-31,27385.7,21.58
NIFTYSERVICESSECTOR,NIFTY Services Sector,Strategy / Thematic / Other,2024-02-29,2024-02-29,27683.95,21.85
NIFTYSERVICESSECTOR,NIFTY Services Sector,Strategy / Thematic / Other,2024-03-31,2024-03-28,27843.65,22.61
NIFTYSERVICESSECTOR,NIFTY Services Sector,Strategy / Thematic / Other,2024-04-30,2024-04-30,28503.4,21.35
NIFTYSERVICESSECTOR,NIFTY Services Sector,Strategy / Thematic / Other,2024-05-31,2024-05-31,28178.35,20.86
NIFTYSERVICESSECTOR,NIFTY Services Sector,Strategy / Thematic / Other,2024-06-30,2024-06-28,30428.05,22.59
NIFTYSERVICESSECTOR,NIFTY Services Sector,Strategy / Thematic / Other,2024-07-31,2024-07-31,31458.3,22.48
NIFTYSERVICESSECTOR,NIFTY Services Sector,Strategy / Thematic / Other,2024-08-31,2024-08-30,32057.3,22.66
NIFTYSERVICESSECTOR,NIFTY Services Sector,Strategy / Thematic / Other,2024-09-30,2024-09-30,33007.5,23.35
NIFTYSERVICESSECTOR,NIFTY Services Sector,Strategy / Thematic / Other,2024-10-31,2024-10-31,31547,21.76
NIFTYSERVICESSECTOR,NIFTY Services Sector,Strategy / Thematic / Other,2024-11-30,2024-11-29,31964.85,21.88
NIFTYSERVICESSECTOR,NIFTY Services Sector,Strategy / Thematic / Other,2024-12-31,2024-12-31,31417.1,21.58
NIFTYSERVICESSECTOR,NIFTY Services Sector,Strategy / Thematic / Other,2025-01-31,2025-01-31,30708.1,20.66
NIFTYSERVICESSECTOR,NIFTY Services Sector,Strategy / Thematic / Other,2025-02-28,2025-02-28,29406.7,19.2
NIFTYSERVICESSECTOR,NIFTY Services Sector,Strategy / Thematic / Other,2025-03-31,2025-03-28,31163.35,20.38
NIFTYSERVICESSECTOR,NIFTY Services Sector,Strategy / Thematic / Other,2025-04-30,2025-04-30,32175.6,20.84
NIFTYSERVICESSECTOR,NIFTY Services Sector,Strategy / Thematic / Other,2025-05-31,2025-05-30,32629.95,20.98
NIFTYSERVICESSECTOR,NIFTY Services Sector,Strategy / Thematic / Other,2025-06-30,2025-06-30,33740.2,21.74
NIFTYSERVICESSECTOR,NIFTY Services Sector,Strategy / Thematic / Other,2025-07-31,2025-07-31,32739.2,21.11
NIFTYSERVICESSECTOR,NIFTY Services Sector,Strategy / Thematic / Other,2025-08-31,2025-08-29,31771.35,20.36
NIFTYSERVICESSECTOR,NIFTY Services Sector,Strategy / Thematic / Other,2025-09-30,2025-09-30,31851.4,20.52
NIFTYSERVICESSECTOR,NIFTY Services Sector,Strategy / Thematic / Other,2025-10-31,2025-10-31,33206.35,21.45
NIFTYSERVICESSECTOR,NIFTY Services Sector,Strategy / Thematic / Other,2025-11-30,2025-11-28,34003.55,21.76
NIFTYSERVICESSECTOR,NIFTY Services Sector,Strategy / Thematic / Other,2025-12-31,2025-12-31,33656.4,21.54
NIFTYSERVICESSECTOR,NIFTY Services Sector,Strategy / Thematic / Other,2026-01-31,2026-01-30,33128.45,21.28
NIFTYSERVICESSECTOR,NIFTY Services Sector,Strategy / Thematic / Other,2026-02-28,2026-02-27,32325.6,20.92
NIFTYSERVICESSECTOR,NIFTY Services Sector,Strategy / Thematic / Other,2026-03-31,2026-03-30,28363.6,18.48
NIFTYSERVICESSECTOR,NIFTY Services Sector,Strategy / Thematic / Other,2026-04-30,2026-04-30,30248.4,19.32
NIFTYSERVICESSECTOR,NIFTY Services Sector,Strategy / Thematic / Other,2026-05-31,2026-05-29,29685.15,18.9
NIFTYSERVICESSECTOR,NIFTY Services Sector,Strategy / Thematic / Other,2026-06-30,2026-06-30,30504.7,19.6
NIFTYSERVICESSECTOR,NIFTY Services Sector,Strategy / Thematic / Other,2026-07-31,2026-07-31,31268.65,19.55
NIFTYSERVICESSECTOR,NIFTY Services Sector,Strategy / Thematic / Other,2026-08-31,2026-08-31,30836.2,19.01
NIFTYSHARIAH25,NIFTY Shariah 25,Strategy / Thematic / Other,2021-04-30,2021-04-30,5447.94,31.06
NIFTYSHARIAH25,NIFTY Shariah 25,Strategy / Thematic / Other,2021-05-31,2021-05-31,5897.73,32.17
NIFTYSHARIAH25,NIFTY Shariah 25,Strategy / Thematic / Other,2021-06-30,2021-06-30,6019.6,29.56
NIFTYSHARIAH25,NIFTY Shariah 25,Strategy / Thematic / Other,2021-07-31,2021-07-30,6040.68,29.24
NIFTYSHARIAH25,NIFTY Shariah 25,Strategy / Thematic / Other,2021-08-31,2021-08-31,6456.01,28.23
NIFTYSHARIAH25,NIFTY Shariah 25,Strategy / Thematic / Other,2021-09-30,2021-09-30,6562.49,29.22
NIFTYSHARIAH25,NIFTY Shariah 25,Strategy / Thematic / Other,2021-10-31,2021-10-29,6269.61,27.65
NIFTYSHARIAH25,NIFTY Shariah 25,Strategy / Thematic / Other,2021-11-30,2021-11-30,6258.85,25.8
NIFTYSHARIAH25,NIFTY Shariah 25,Strategy / Thematic / Other,2021-12-31,2021-12-31,6635.56,27.55
NIFTYSHARIAH25,NIFTY Shariah 25,Strategy / Thematic / Other,2022-01-31,2022-01-31,6315.82,26.23
NIFTYSHARIAH25,NIFTY Shariah 25,Strategy / Thematic / Other,2022-02-28,2022-02-28,6085.32,24.2
NIFTYSHARIAH25,NIFTY Shariah 25,Strategy / Thematic / Other,2022-03-31,2022-03-31,6261.27,25.94
NIFTYSHARIAH25,NIFTY Shariah 25,Strategy / Thematic / Other,2022-04-30,2022-04-29,6226.4,25.29
NIFTYSHARIAH25,NIFTY Shariah 25,Strategy / Thematic / Other,2022-05-31,2022-05-31,5990.72,23.99
NIFTYSHARIAH25,NIFTY Shariah 25,Strategy / Thematic / Other,2022-06-30,2022-06-30,5675.88,22.21
NIFTYSHARIAH25,NIFTY Shariah 25,Strategy / Thematic / Other,2022-07-31,2022-07-29,6172.99,24.1
NIFTYSHARIAH25,NIFTY Shariah 25,Strategy / Thematic / Other,2022-08-31,2022-08-30,6327.91,23.73
NIFTYSHARIAH25,NIFTY Shariah 25,Strategy / Thematic / Other,2022-09-30,2022-09-30,6224.05,23.61
NIFTYSHARIAH25,NIFTY Shariah 25,Strategy / Thematic / Other,2022-10-31,2022-10-31,6298.23,23.77
NIFTYSHARIAH25,NIFTY Shariah 25,Strategy / Thematic / Other,2022-11-30,2022-11-30,6589.43,26.57
NIFTYSHARIAH25,NIFTY Shariah 25,Strategy / Thematic / Other,2022-12-31,2022-12-30,6290.99,25.37
NIFTYSHARIAH25,NIFTY Shariah 25,Strategy / Thematic / Other,2023-01-31,2023-01-31,6133.18,24.82
NIFTYSHARIAH25,NIFTY Shariah 25,Strategy / Thematic / Other,2023-02-28,2023-02-28,5853.16,23.24
NIFTYSHARIAH25,NIFTY Shariah 25,Strategy / Thematic / Other,2023-03-31,2023-03-31,5916.96,20.56
NIFTYSHARIAH25,NIFTY Shariah 25,Strategy / Thematic / Other,2023-04-30,2023-04-28,6019.58,20.76
NIFTYSHARIAH25,NIFTY Shariah 25,Strategy / Thematic / Other,2023-05-31,2023-05-31,6305.24,22.94
NIFTYSHARIAH25,NIFTY Shariah 25,Strategy / Thematic / Other,2023-06-30,2023-06-30,6467.32,23.54
NIFTYSHARIAH25,NIFTY Shariah 25,Strategy / Thematic / Other,2023-07-31,2023-07-31,6596.48,23.86
NIFTYSHARIAH25,NIFTY Shariah 25,Strategy / Thematic / Other,2023-08-31,2023-08-31,6577.47,23.4
NIFTYSHARIAH25,NIFTY Shariah 25,Strategy / Thematic / Other,2023-09-30,2023-09-29,6737.23,24.62
NIFTYSHARIAH25,NIFTY Shariah 25,Strategy / Thematic / Other,2023-10-31,2023-10-31,6597.94,23.83
NIFTYSHARIAH25,NIFTY Shariah 25,Strategy / Thematic / Other,2023-11-30,2023-11-30,6974.23,24
NIFTYSHARIAH25,NIFTY Shariah 25,Strategy / Thematic / Other,2023-12-31,2023-12-29,7591.14,26.01
NIFTYSHARIAH25,NIFTY Shariah 25,Strategy / Thematic / Other,2024-01-31,2024-01-31,7718.94,26.02
NIFTYSHARIAH25,NIFTY Shariah 25,Strategy / Thematic / Other,2024-02-29,2024-02-29,7937.62,27.34
NIFTYSHARIAH25,NIFTY Shariah 25,Strategy / Thematic / Other,2024-03-31,2024-03-28,7731.52,26.69
NIFTYSHARIAH25,NIFTY Shariah 25,Strategy / Thematic / Other,2024-04-30,2024-04-30,7759.28,26.62
NIFTYSHARIAH25,NIFTY Shariah 25,Strategy / Thematic / Other,2024-05-31,2024-05-31,7874.1,25.25
NIFTYSHARIAH25,NIFTY Shariah 25,Strategy / Thematic / Other,2024-06-30,2024-06-28,8434.38,27.07
NIFTYSHARIAH25,NIFTY Shariah 25,Strategy / Thematic / Other,2024-07-31,2024-07-31,9166.79,30.18
NIFTYSHARIAH25,NIFTY Shariah 25,Strategy / Thematic / Other,2024-08-31,2024-08-30,9322.5,30.7
NIFTYSHARIAH25,NIFTY Shariah 25,Strategy / Thematic / Other,2024-09-30,2024-09-30,9396.81,30.98
NIFTYSHARIAH25,NIFTY Shariah 25,Strategy / Thematic / Other,2024-10-31,2024-10-31,8651.13,28.36
NIFTYSHARIAH25,NIFTY Shariah 25,Strategy / Thematic / Other,2024-11-30,2024-11-29,8629.5,28.91
NIFTYSHARIAH25,NIFTY Shariah 25,Strategy / Thematic / Other,2024-12-31,2024-12-31,8475.35,28.49
NIFTYSHARIAH25,NIFTY Shariah 25,Strategy / Thematic / Other,2025-01-31,2025-01-31,8361.65,27.79
NIFTYSHARIAH25,NIFTY Shariah 25,Strategy / Thematic / Other,2025-02-28,2025-02-28,7494.15,25.02
NIFTYSHARIAH25,NIFTY Shariah 25,Strategy / Thematic / Other,2025-03-31,2025-03-28,7879.35,26.24
NIFTYSHARIAH25,NIFTY Shariah 25,Strategy / Thematic / Other,2025-04-30,2025-04-30,8078.05,26.67
NIFTYSHARIAH25,NIFTY Shariah 25,Strategy / Thematic / Other,2025-05-31,2025-05-30,8129.2,26.73
NIFTYSHARIAH25,NIFTY Shariah 25,Strategy / Thematic / Other,2025-06-30,2025-06-30,8325.2,26.91
NIFTYSHARIAH25,NIFTY Shariah 25,Strategy / Thematic / Other,2025-07-31,2025-07-31,8066.15,25.92
NIFTYSHARIAH25,NIFTY Shariah 25,Strategy / Thematic / Other,2025-08-31,2025-08-29,8233.9,26.29
NIFTYSHARIAH25,NIFTY Shariah 25,Strategy / Thematic / Other,2025-09-30,2025-09-30,8011.7,28.89
NIFTYSHARIAH25,NIFTY Shariah 25,Strategy / Thematic / Other,2025-10-31,2025-10-31,8301.2,29.55
NIFTYSHARIAH25,NIFTY Shariah 25,Strategy / Thematic / Other,2025-11-30,2025-11-28,8499.55,29.67
NIFTYSHARIAH25,NIFTY Shariah 25,Strategy / Thematic / Other,2025-12-31,2025-12-31,8401.9,29.52
NIFTYSHARIAH25,NIFTY Shariah 25,Strategy / Thematic / Other,2026-01-31,2026-01-30,8289.2,29.5
NIFTYSHARIAH25,NIFTY Shariah 25,Strategy / Thematic / Other,2026-02-28,2026-02-27,7917.3,28.16
NIFTYSHARIAH25,NIFTY Shariah 25,Strategy / Thematic / Other,2026-03-31,2026-03-30,7255.85,25.54
NIFTYSHARIAH25,NIFTY Shariah 25,Strategy / Thematic / Other,2026-04-30,2026-04-30,7795.1,27.03
NIFTYSHARIAH25,NIFTY Shariah 25,Strategy / Thematic / Other,2026-05-31,2026-05-29,7836.85,27.39
NIFTYSHARIAH25,NIFTY Shariah 25,Strategy / Thematic / Other,2026-06-30,2026-06-30,7605.4,25.62
NIFTYSHARIAH25,NIFTY Shariah 25,Strategy / Thematic / Other,2026-07-31,2026-07-31,8126.85,27.36
NIFTYSHARIAH25,NIFTY Shariah 25,Strategy / Thematic / Other,2026-08-31,2026-08-31,8031.5,26.98
NIFTYSMALLCAP100,NIFTY Smallcap 100,Broad Market,2021-04-30,2021-04-30,8565.1,64.61
NIFTYSMALLCAP100,NIFTY Smallcap 100,Broad Market,2021-05-31,2021-05-31,9267.2,55.65
NIFTYSMALLCAP100,NIFTY Smallcap 100,Broad Market,2021-06-30,2021-06-30,9733.75,41.11
NIFTYSMALLCAP100,NIFTY Smallcap 100,Broad Market,2021-07-31,2021-07-30,10522.1,32.77
NIFTYSMALLCAP100,NIFTY Smallcap 100,Broad Market,2021-08-31,2021-08-31,10263,32.09
NIFTYSMALLCAP100,NIFTY Smallcap 100,Broad Market,2021-09-30,2021-09-30,10890,28.01
NIFTYSMALLCAP100,NIFTY Smallcap 100,Broad Market,2021-10-31,2021-10-29,10766.85,29.52
NIFTYSMALLCAP100,NIFTY Smallcap 100,Broad Market,2021-11-30,2021-11-30,10660.9,29.92
NIFTYSMALLCAP100,NIFTY Smallcap 100,Broad Market,2021-12-31,2021-12-31,11289,32.11
NIFTYSMALLCAP100,NIFTY Smallcap 100,Broad Market,2022-01-31,2022-01-31,11116.45,31.43
NIFTYSMALLCAP100,NIFTY Smallcap 100,Broad Market,2022-02-28,2022-02-28,9844.65,26.74
NIFTYSMALLCAP100,NIFTY Smallcap 100,Broad Market,2022-03-31,2022-03-31,10436.25,24.71
NIFTYSMALLCAP100,NIFTY Smallcap 100,Broad Market,2022-04-30,2022-04-29,10256.95,24.27
NIFTYSMALLCAP100,NIFTY Smallcap 100,Broad Market,2022-05-31,2022-05-31,9208.5,20.22
NIFTYSMALLCAP100,NIFTY Smallcap 100,Broad Market,2022-06-30,2022-06-30,8445.25,18.64
NIFTYSMALLCAP100,NIFTY Smallcap 100,Broad Market,2022-07-31,2022-07-29,9171.2,19.29
NIFTYSMALLCAP100,NIFTY Smallcap 100,Broad Market,2022-08-31,2022-08-30,9621.95,17.55
NIFTYSMALLCAP100,NIFTY Smallcap 100,Broad Market,2022-09-30,2022-09-30,9441.8,16.72
NIFTYSMALLCAP100,NIFTY Smallcap 100,Broad Market,2022-10-31,2022-10-31,9686.1,16.98
NIFTYSMALLCAP100,NIFTY Smallcap 100,Broad Market,2022-11-30,2022-11-30,9976.05,17.12
NIFTYSMALLCAP100,NIFTY Smallcap 100,Broad Market,2022-12-31,2022-12-30,9731.3,16.78
NIFTYSMALLCAP100,NIFTY Smallcap 100,Broad Market,2023-01-31,2023-01-31,9501.75,16.39
NIFTYSMALLCAP100,NIFTY Smallcap 100,Broad Market,2023-02-28,2023-02-28,9155.6,15.89
NIFTYSMALLCAP100,NIFTY Smallcap 100,Broad Market,2023-03-31,2023-03-31,8994.75,16.17
NIFTYSMALLCAP100,NIFTY Smallcap 100,Broad Market,2023-04-30,2023-04-28,9672.55,17.36
NIFTYSMALLCAP100,NIFTY Smallcap 100,Broad Market,2023-05-31,2023-05-31,10166.1,18.67
NIFTYSMALLCAP100,NIFTY Smallcap 100,Broad Market,2023-06-30,2023-06-30,10837.1,19.66
NIFTYSMALLCAP100,NIFTY Smallcap 100,Broad Market,2023-07-31,2023-07-31,11702.85,21.86
NIFTYSMALLCAP100,NIFTY Smallcap 100,Broad Market,2023-08-31,2023-08-31,12243.65,22.69
NIFTYSMALLCAP100,NIFTY Smallcap 100,Broad Market,2023-09-30,2023-09-29,12748.5,26.14
NIFTYSMALLCAP100,NIFTY Smallcap 100,Broad Market,2023-10-31,2023-10-31,12649.9,24.53
NIFTYSMALLCAP100,NIFTY Smallcap 100,Broad Market,2023-11-30,2023-11-30,14171.35,26.81
NIFTYSMALLCAP100,NIFTY Smallcap 100,Broad Market,2023-12-31,2023-12-29,15143.65,28.74
NIFTYSMALLCAP100,NIFTY Smallcap 100,Broad Market,2024-01-31,2024-01-31,16026.3,29.51
NIFTYSMALLCAP100,NIFTY Smallcap 100,Broad Market,2024-02-29,2024-02-29,15976.2,29.44
NIFTYSMALLCAP100,NIFTY Smallcap 100,Broad Market,2024-03-31,2024-03-28,15270.45,25.52
NIFTYSMALLCAP100,NIFTY Smallcap 100,Broad Market,2024-04-30,2024-04-30,17011.8,28.09
NIFTYSMALLCAP100,NIFTY Smallcap 100,Broad Market,2024-05-31,2024-05-31,16696.7,26.33
NIFTYSMALLCAP100,NIFTY Smallcap 100,Broad Market,2024-06-30,2024-06-28,18317.7,29.28
NIFTYSMALLCAP100,NIFTY Smallcap 100,Broad Market,2024-07-31,2024-07-31,19137.65,30.34
NIFTYSMALLCAP100,NIFTY Smallcap 100,Broad Market,2024-08-31,2024-08-30,19307.1,30.28
NIFTYSMALLCAP100,NIFTY Smallcap 100,Broad Market,2024-09-30,2024-09-30,19179.65,35.76
NIFTYSMALLCAP100,NIFTY Smallcap 100,Broad Market,2024-10-31,2024-10-31,18602.6,35.13
NIFTYSMALLCAP100,NIFTY Smallcap 100,Broad Market,2024-11-30,2024-11-29,18650.95,34.54
NIFTYSMALLCAP100,NIFTY Smallcap 100,Broad Market,2024-12-31,2024-12-31,18769.2,34.68
NIFTYSMALLCAP100,NIFTY Smallcap 100,Broad Market,2025-01-31,2025-01-31,16910.5,29.64
NIFTYSMALLCAP100,NIFTY Smallcap 100,Broad Market,2025-02-28,2025-02-28,14700.2,25.19
NIFTYSMALLCAP100,NIFTY Smallcap 100,Broad Market,2025-03-31,2025-03-28,16095.7,28.92
NIFTYSMALLCAP100,NIFTY Smallcap 100,Broad Market,2025-04-30,2025-04-30,16448.85,29.5
NIFTYSMALLCAP100,NIFTY Smallcap 100,Broad Market,2025-05-31,2025-05-30,17883.3,31.65
NIFTYSMALLCAP100,NIFTY Smallcap 100,Broad Market,2025-06-30,2025-06-30,19075.1,33.69
NIFTYSMALLCAP100,NIFTY Smallcap 100,Broad Market,2025-07-31,2025-07-31,17966.85,31.66
NIFTYSMALLCAP100,NIFTY Smallcap 100,Broad Market,2025-08-31,2025-08-29,17227,30.79
NIFTYSMALLCAP100,NIFTY Smallcap 100,Broad Market,2025-09-30,2025-09-30,17562.75,30.33
NIFTYSMALLCAP100,NIFTY Smallcap 100,Broad Market,2025-10-31,2025-10-31,18380.8,31.8
NIFTYSMALLCAP100,NIFTY Smallcap 100,Broad Market,2025-11-30,2025-11-28,17829.25,32.07
NIFTYSMALLCAP100,NIFTY Smallcap 100,Broad Market,2025-12-31,2025-12-31,17713.95,32.18
NIFTYSMALLCAP100,NIFTY Smallcap 100,Broad Market,2026-01-31,2026-01-30,16879.1,30.03
NIFTYSMALLCAP100,NIFTY Smallcap 100,Broad Market,2026-02-28,2026-02-27,16928.9,30.14
NIFTYSMALLCAP100,NIFTY Smallcap 100,Broad Market,2026-03-31,2026-03-30,15203.8,25.91
NIFTYSMALLCAP100,NIFTY Smallcap 100,Broad Market,2026-04-30,2026-04-30,18007.15,30.36
NIFTYSMALLCAP100,NIFTY Smallcap 100,Broad Market,2026-05-31,2026-05-29,18138.8,30.54
NIFTYSMALLCAP100,NIFTY Smallcap 100,Broad Market,2026-06-30,2026-06-30,18863.1,32.52
NIFTYSMALLCAP100,NIFTY Smallcap 100,Broad Market,2026-07-31,2026-07-31,19339.65,32.19
NIFTYSMALLCAP100,NIFTY Smallcap 100,Broad Market,2026-08-31,2026-08-31,19931.65,31.57
NIFTYSMALLCAP250,NIFTY Smallcap 250,Broad Market,2021-04-30,2021-04-30,7271.15,48.01
NIFTYSMALLCAP250,NIFTY Smallcap 250,Broad Market,2021-05-31,2021-05-31,8004.75,41.78
NIFTYSMALLCAP250,NIFTY Smallcap 250,Broad Market,2021-06-30,2021-06-30,8452.25,36.81
NIFTYSMALLCAP250,NIFTY Smallcap 250,Broad Market,2021-07-31,2021-07-30,9131.3,32.21
NIFTYSMALLCAP250,NIFTY Smallcap 250,Broad Market,2021-08-31,2021-08-31,8854.85,29.45
NIFTYSMALLCAP250,NIFTY Smallcap 250,Broad Market,2021-09-30,2021-09-30,9364.5,28.86
NIFTYSMALLCAP250,NIFTY Smallcap 250,Broad Market,2021-10-31,2021-10-29,9376.85,29.11
NIFTYSMALLCAP250,NIFTY Smallcap 250,Broad Market,2021-11-30,2021-11-30,9336.2,29.34
NIFTYSMALLCAP250,NIFTY Smallcap 250,Broad Market,2021-12-31,2021-12-31,9840,31.04
NIFTYSMALLCAP250,NIFTY Smallcap 250,Broad Market,2022-01-31,2022-01-31,9813.1,30.31
NIFTYSMALLCAP250,NIFTY Smallcap 250,Broad Market,2022-02-28,2022-02-28,8887.65,26.16
NIFTYSMALLCAP250,NIFTY Smallcap 250,Broad Market,2022-03-31,2022-03-31,9441.45,24.41
NIFTYSMALLCAP250,NIFTY Smallcap 250,Broad Market,2022-04-30,2022-04-29,9493.3,24.46
NIFTYSMALLCAP250,NIFTY Smallcap 250,Broad Market,2022-05-31,2022-05-31,8673.1,20.91
NIFTYSMALLCAP250,NIFTY Smallcap 250,Broad Market,2022-06-30,2022-06-30,8088.6,19.63
NIFTYSMALLCAP250,NIFTY Smallcap 250,Broad Market,2022-07-31,2022-07-29,8790.55,20.58
NIFTYSMALLCAP250,NIFTY Smallcap 250,Broad Market,2022-08-31,2022-08-30,9285.8,19.35
NIFTYSMALLCAP250,NIFTY Smallcap 250,Broad Market,2022-09-30,2022-09-30,9198.75,18.82
NIFTYSMALLCAP250,NIFTY Smallcap 250,Broad Market,2022-10-31,2022-10-31,9372,19.05
NIFTYSMALLCAP250,NIFTY Smallcap 250,Broad Market,2022-11-30,2022-11-30,9651.05,19.07
NIFTYSMALLCAP250,NIFTY Smallcap 250,Broad Market,2022-12-31,2022-12-30,9481.25,19.04
NIFTYSMALLCAP250,NIFTY Smallcap 250,Broad Market,2023-01-31,2023-01-31,9261.7,18.48
NIFTYSMALLCAP250,NIFTY Smallcap 250,Broad Market,2023-02-28,2023-02-28,8924.15,17.77
NIFTYSMALLCAP250,NIFTY Smallcap 250,Broad Market,2023-03-31,2023-03-31,8787.9,16.94
NIFTYSMALLCAP250,NIFTY Smallcap 250,Broad Market,2023-04-30,2023-04-28,9392.6,18.23
NIFTYSMALLCAP250,NIFTY Smallcap 250,Broad Market,2023-05-31,2023-05-31,9913.4,19.5
NIFTYSMALLCAP250,NIFTY Smallcap 250,Broad Market,2023-06-30,2023-06-30,10544.2,20.79
NIFTYSMALLCAP250,NIFTY Smallcap 250,Broad Market,2023-07-31,2023-07-31,11355,22.67
NIFTYSMALLCAP250,NIFTY Smallcap 250,Broad Market,2023-08-31,2023-08-31,11931.2,24.05
NIFTYSMALLCAP250,NIFTY Smallcap 250,Broad Market,2023-09-30,2023-09-29,12230.4,24.54
NIFTYSMALLCAP250,NIFTY Smallcap 250,Broad Market,2023-10-31,2023-10-31,12023.75,23.46
NIFTYSMALLCAP250,NIFTY Smallcap 250,Broad Market,2023-11-30,2023-11-30,13252,25.63
NIFTYSMALLCAP250,NIFTY Smallcap 250,Broad Market,2023-12-31,2023-12-29,14041.3,27.37
NIFTYSMALLCAP250,NIFTY Smallcap 250,Broad Market,2024-01-31,2024-01-31,15063.5,28.76
NIFTYSMALLCAP250,NIFTY Smallcap 250,Broad Market,2024-02-29,2024-02-29,14965.05,28.85
NIFTYSMALLCAP250,NIFTY Smallcap 250,Broad Market,2024-03-31,2024-03-28,14330.5,26.6
NIFTYSMALLCAP250,NIFTY Smallcap 250,Broad Market,2024-04-30,2024-04-30,15833.4,28.98
NIFTYSMALLCAP250,NIFTY Smallcap 250,Broad Market,2024-05-31,2024-05-31,15626.65,27.72
NIFTYSMALLCAP250,NIFTY Smallcap 250,Broad Market,2024-06-30,2024-06-28,17111.05,30.7
NIFTYSMALLCAP250,NIFTY Smallcap 250,Broad Market,2024-07-31,2024-07-31,17948,31.81
NIFTYSMALLCAP250,NIFTY Smallcap 250,Broad Market,2024-08-31,2024-08-30,18170.25,31.58
NIFTYSMALLCAP250,NIFTY Smallcap 250,Broad Market,2024-09-30,2024-09-30,18410.7,33.49
NIFTYSMALLCAP250,NIFTY Smallcap 250,Broad Market,2024-10-31,2024-10-31,17751.2,32.37
NIFTYSMALLCAP250,NIFTY Smallcap 250,Broad Market,2024-11-30,2024-11-29,17716.45,34.11
NIFTYSMALLCAP250,NIFTY Smallcap 250,Broad Market,2024-12-31,2024-12-31,17752.25,34.39
NIFTYSMALLCAP250,NIFTY Smallcap 250,Broad Market,2025-01-31,2025-01-31,15851.05,30.18
NIFTYSMALLCAP250,NIFTY Smallcap 250,Broad Market,2025-02-28,2025-02-28,13844.55,26.09
NIFTYSMALLCAP250,NIFTY Smallcap 250,Broad Market,2025-03-31,2025-03-28,15104.05,29.42
NIFTYSMALLCAP250,NIFTY Smallcap 250,Broad Market,2025-04-30,2025-04-30,15359.45,30.04
NIFTYSMALLCAP250,NIFTY Smallcap 250,Broad Market,2025-05-31,2025-05-30,16833.05,32.19
NIFTYSMALLCAP250,NIFTY Smallcap 250,Broad Market,2025-06-30,2025-06-30,17797.8,33.87
NIFTYSMALLCAP250,NIFTY Smallcap 250,Broad Market,2025-07-31,2025-07-31,17144.25,32.55
NIFTYSMALLCAP250,NIFTY Smallcap 250,Broad Market,2025-08-31,2025-08-29,16506.15,31.51
NIFTYSMALLCAP250,NIFTY Smallcap 250,Broad Market,2025-09-30,2025-09-30,16692.75,29.96
NIFTYSMALLCAP250,NIFTY Smallcap 250,Broad Market,2025-10-31,2025-10-31,17313.9,30.76
NIFTYSMALLCAP250,NIFTY Smallcap 250,Broad Market,2025-11-30,2025-11-28,16732.6,29.18
NIFTYSMALLCAP250,NIFTY Smallcap 250,Broad Market,2025-12-31,2025-12-31,16684.75,29.38
NIFTYSMALLCAP250,NIFTY Smallcap 250,Broad Market,2026-01-31,2026-01-30,15763.45,27.14
NIFTYSMALLCAP250,NIFTY Smallcap 250,Broad Market,2026-02-28,2026-02-27,15881.05,26.13
NIFTYSMALLCAP250,NIFTY Smallcap 250,Broad Market,2026-03-31,2026-03-30,14288.45,25.86
NIFTYSMALLCAP250,NIFTY Smallcap 250,Broad Market,2026-04-30,2026-04-30,16731.2,30
NIFTYSMALLCAP250,NIFTY Smallcap 250,Broad Market,2026-05-31,2026-05-29,16992.1,33.67
NIFTYSMALLCAP250,NIFTY Smallcap 250,Broad Market,2026-06-30,2026-06-30,17720.3,35.52
NIFTYSMALLCAP250,NIFTY Smallcap 250,Broad Market,2026-07-31,2026-07-31,17919.9,34.25
NIFTYSMALLCAP250,NIFTY Smallcap 250,Broad Market,2026-08-31,2026-08-31,18372.1,33.9
NIFTYSMALLCAP250MOMENTUMQUALITY100,NIFTY Smallcap250 Momentum Quality 100,Strategy / Thematic / Other,2023-12-31,2023-12-29,41504,26.38
NIFTYSMALLCAP250MOMENTUMQUALITY100,NIFTY Smallcap250 Momentum Quality 100,Strategy / Thematic / Other,2024-01-31,2024-01-31,44635.71,27.2
NIFTYSMALLCAP250MOMENTUMQUALITY100,NIFTY Smallcap250 Momentum Quality 100,Strategy / Thematic / Other,2024-02-29,2024-02-29,44313.2,26.93
NIFTYSMALLCAP250MOMENTUMQUALITY100,NIFTY Smallcap250 Momentum Quality 100,Strategy / Thematic / Other,2024-03-31,2024-03-28,42767.46,25.97
NIFTYSMALLCAP250MOMENTUMQUALITY100,NIFTY Smallcap250 Momentum Quality 100,Strategy / Thematic / Other,2024-04-30,2024-04-30,47398.32,28.37
NIFTYSMALLCAP250MOMENTUMQUALITY100,NIFTY Smallcap250 Momentum Quality 100,Strategy / Thematic / Other,2024-05-31,2024-05-31,46438.22,27.42
NIFTYSMALLCAP250MOMENTUMQUALITY100,NIFTY Smallcap250 Momentum Quality 100,Strategy / Thematic / Other,2024-06-30,2024-06-28,50989.02,29.86
NIFTYSMALLCAP250MOMENTUMQUALITY100,NIFTY Smallcap250 Momentum Quality 100,Strategy / Thematic / Other,2024-07-31,2024-07-31,53910.54,30.97
NIFTYSMALLCAP250MOMENTUMQUALITY100,NIFTY Smallcap250 Momentum Quality 100,Strategy / Thematic / Other,2024-08-31,2024-08-30,53539.73,29.51
NIFTYSMALLCAP250MOMENTUMQUALITY100,NIFTY Smallcap250 Momentum Quality 100,Strategy / Thematic / Other,2024-09-30,2024-09-30,53129.67,29.27
NIFTYSMALLCAP250MOMENTUMQUALITY100,NIFTY Smallcap250 Momentum Quality 100,Strategy / Thematic / Other,2024-10-31,2024-10-31,51122.9,28.58
NIFTYSMALLCAP250MOMENTUMQUALITY100,NIFTY Smallcap250 Momentum Quality 100,Strategy / Thematic / Other,2024-11-30,2024-11-29,50933.6,27.56
NIFTYSMALLCAP250MOMENTUMQUALITY100,NIFTY Smallcap250 Momentum Quality 100,Strategy / Thematic / Other,2024-12-31,2024-12-31,50124.1,32.2
NIFTYSMALLCAP250MOMENTUMQUALITY100,NIFTY Smallcap250 Momentum Quality 100,Strategy / Thematic / Other,2025-01-31,2025-01-31,43647,27.99
NIFTYSMALLCAP250MOMENTUMQUALITY100,NIFTY Smallcap250 Momentum Quality 100,Strategy / Thematic / Other,2025-02-28,2025-02-28,38666.5,23.83
NIFTYSMALLCAP250MOMENTUMQUALITY100,NIFTY Smallcap250 Momentum Quality 100,Strategy / Thematic / Other,2025-03-31,2025-03-28,42183.85,26.77
NIFTYSMALLCAP250MOMENTUMQUALITY100,NIFTY Smallcap250 Momentum Quality 100,Strategy / Thematic / Other,2025-04-30,2025-04-30,42236.75,27.27
NIFTYSMALLCAP250MOMENTUMQUALITY100,NIFTY Smallcap250 Momentum Quality 100,Strategy / Thematic / Other,2025-05-31,2025-05-30,45828.85,29.6
NIFTYSMALLCAP250MOMENTUMQUALITY100,NIFTY Smallcap250 Momentum Quality 100,Strategy / Thematic / Other,2025-06-30,2025-06-30,48564.4,29.98
NIFTYSMALLCAP250MOMENTUMQUALITY100,NIFTY Smallcap250 Momentum Quality 100,Strategy / Thematic / Other,2025-07-31,2025-07-31,45711,28.25
NIFTYSMALLCAP250MOMENTUMQUALITY100,NIFTY Smallcap250 Momentum Quality 100,Strategy / Thematic / Other,2025-08-31,2025-08-29,44043.75,27.74
NIFTYSMALLCAP250MOMENTUMQUALITY100,NIFTY Smallcap250 Momentum Quality 100,Strategy / Thematic / Other,2025-09-30,2025-09-30,44464.55,28.01
NIFTYSMALLCAP250MOMENTUMQUALITY100,NIFTY Smallcap250 Momentum Quality 100,Strategy / Thematic / Other,2025-10-31,2025-10-31,45939.45,28.8
NIFTYSMALLCAP250MOMENTUMQUALITY100,NIFTY Smallcap250 Momentum Quality 100,Strategy / Thematic / Other,2025-11-30,2025-11-28,44637.8,27.4
NIFTYSMALLCAP250MOMENTUMQUALITY100,NIFTY Smallcap250 Momentum Quality 100,Strategy / Thematic / Other,2025-12-31,2025-12-31,43985.5,30.09
NIFTYSMALLCAP250MOMENTUMQUALITY100,NIFTY Smallcap250 Momentum Quality 100,Strategy / Thematic / Other,2026-01-31,2026-01-30,42081.35,27.75
NIFTYSMALLCAP250MOMENTUMQUALITY100,NIFTY Smallcap250 Momentum Quality 100,Strategy / Thematic / Other,2026-02-28,2026-02-27,41753.2,27.1
NIFTYSMALLCAP250MOMENTUMQUALITY100,NIFTY Smallcap250 Momentum Quality 100,Strategy / Thematic / Other,2026-03-31,2026-03-30,37605.15,24.4
NIFTYSMALLCAP250MOMENTUMQUALITY100,NIFTY Smallcap250 Momentum Quality 100,Strategy / Thematic / Other,2026-04-30,2026-04-30,44045.4,27.88
NIFTYSMALLCAP250MOMENTUMQUALITY100,NIFTY Smallcap250 Momentum Quality 100,Strategy / Thematic / Other,2026-05-31,2026-05-29,44962.15,27.62
NIFTYSMALLCAP250MOMENTUMQUALITY100,NIFTY Smallcap250 Momentum Quality 100,Strategy / Thematic / Other,2026-06-30,2026-06-30,46410.35,28.5
NIFTYSMALLCAP250MOMENTUMQUALITY100,NIFTY Smallcap250 Momentum Quality 100,Strategy / Thematic / Other,2026-07-31,2026-07-31,46941.5,27.16
NIFTYSMALLCAP250MOMENTUMQUALITY100,NIFTY Smallcap250 Momentum Quality 100,Strategy / Thematic / Other,2026-08-31,2026-08-31,48904.15,27.14
NIFTYSMALLCAP250QUALITY50,NIFTY Smallcap250 Quality 50,Strategy / Thematic / Other,2023-03-31,2023-03-31,14900.5,18.36
NIFTYSMALLCAP250QUALITY50,NIFTY Smallcap250 Quality 50,Strategy / Thematic / Other,2023-04-30,2023-04-28,15769.44,19.46
NIFTYSMALLCAP250QUALITY50,NIFTY Smallcap250 Quality 50,Strategy / Thematic / Other,2023-05-31,2023-05-31,16651.8,21.41
NIFTYSMALLCAP250QUALITY50,NIFTY Smallcap250 Quality 50,Strategy / Thematic / Other,2023-06-30,2023-06-30,17546.3,19.52
NIFTYSMALLCAP250QUALITY50,NIFTY Smallcap250 Quality 50,Strategy / Thematic / Other,2023-07-31,2023-07-31,18725.66,20.69
NIFTYSMALLCAP250QUALITY50,NIFTY Smallcap250 Quality 50,Strategy / Thematic / Other,2023-08-31,2023-08-31,19279.76,22.24
NIFTYSMALLCAP250QUALITY50,NIFTY Smallcap250 Quality 50,Strategy / Thematic / Other,2023-09-30,2023-09-29,19568.93,22.63
NIFTYSMALLCAP250QUALITY50,NIFTY Smallcap250 Quality 50,Strategy / Thematic / Other,2023-10-31,2023-10-31,19139.53,21.66
NIFTYSMALLCAP250QUALITY50,NIFTY Smallcap250 Quality 50,Strategy / Thematic / Other,2023-11-30,2023-11-30,21357.08,24.21
NIFTYSMALLCAP250QUALITY50,NIFTY Smallcap250 Quality 50,Strategy / Thematic / Other,2023-12-31,2023-12-29,23128.57,23.35
NIFTYSMALLCAP250QUALITY50,NIFTY Smallcap250 Quality 50,Strategy / Thematic / Other,2024-01-31,2024-01-31,24295.57,23.83
NIFTYSMALLCAP250QUALITY50,NIFTY Smallcap250 Quality 50,Strategy / Thematic / Other,2024-02-29,2024-02-29,23913.59,23.92
NIFTYSMALLCAP250QUALITY50,NIFTY Smallcap250 Quality 50,Strategy / Thematic / Other,2024-03-31,2024-03-28,22958.69,22.95
NIFTYSMALLCAP250QUALITY50,NIFTY Smallcap250 Quality 50,Strategy / Thematic / Other,2024-04-30,2024-04-30,25169.47,24.77
NIFTYSMALLCAP250QUALITY50,NIFTY Smallcap250 Quality 50,Strategy / Thematic / Other,2024-05-31,2024-05-31,24642.25,24.27
NIFTYSMALLCAP250QUALITY50,NIFTY Smallcap250 Quality 50,Strategy / Thematic / Other,2024-06-30,2024-06-28,27652.01,27
NIFTYSMALLCAP250QUALITY50,NIFTY Smallcap250 Quality 50,Strategy / Thematic / Other,2024-07-31,2024-07-31,29453.76,28.81
NIFTYSMALLCAP250QUALITY50,NIFTY Smallcap250 Quality 50,Strategy / Thematic / Other,2024-08-31,2024-08-30,30633.07,29.58
NIFTYSMALLCAP250QUALITY50,NIFTY Smallcap250 Quality 50,Strategy / Thematic / Other,2024-09-30,2024-09-30,30601.31,29.46
NIFTYSMALLCAP250QUALITY50,NIFTY Smallcap250 Quality 50,Strategy / Thematic / Other,2024-10-31,2024-10-31,29637.5,28.16
NIFTYSMALLCAP250QUALITY50,NIFTY Smallcap250 Quality 50,Strategy / Thematic / Other,2024-11-30,2024-11-29,29526.39,28.25
NIFTYSMALLCAP250QUALITY50,NIFTY Smallcap250 Quality 50,Strategy / Thematic / Other,2024-12-31,2024-12-31,29159.15,26.41
NIFTYSMALLCAP250QUALITY50,NIFTY Smallcap250 Quality 50,Strategy / Thematic / Other,2025-01-31,2025-01-31,25485.75,23.34
NIFTYSMALLCAP250QUALITY50,NIFTY Smallcap250 Quality 50,Strategy / Thematic / Other,2025-02-28,2025-02-28,22539.55,20.68
NIFTYSMALLCAP250QUALITY50,NIFTY Smallcap250 Quality 50,Strategy / Thematic / Other,2025-03-31,2025-03-28,24133.35,22.83
NIFTYSMALLCAP250QUALITY50,NIFTY Smallcap250 Quality 50,Strategy / Thematic / Other,2025-04-30,2025-04-30,24389.55,23.45
NIFTYSMALLCAP250QUALITY50,NIFTY Smallcap250 Quality 50,Strategy / Thematic / Other,2025-05-31,2025-05-30,26961.25,26.83
NIFTYSMALLCAP250QUALITY50,NIFTY Smallcap250 Quality 50,Strategy / Thematic / Other,2025-06-30,2025-06-30,28179.45,28.37
NIFTYSMALLCAP250QUALITY50,NIFTY Smallcap250 Quality 50,Strategy / Thematic / Other,2025-07-31,2025-07-31,27070.45,27.24
NIFTYSMALLCAP250QUALITY50,NIFTY Smallcap250 Quality 50,Strategy / Thematic / Other,2025-08-31,2025-08-29,26144.65,26.76
NIFTYSMALLCAP250QUALITY50,NIFTY Smallcap250 Quality 50,Strategy / Thematic / Other,2025-09-30,2025-09-30,25830.55,26.45
NIFTYSMALLCAP250QUALITY50,NIFTY Smallcap250 Quality 50,Strategy / Thematic / Other,2025-10-31,2025-10-31,26635.2,27.8
NIFTYSMALLCAP250QUALITY50,NIFTY Smallcap250 Quality 50,Strategy / Thematic / Other,2025-11-30,2025-11-28,25855.8,27.49
NIFTYSMALLCAP250QUALITY50,NIFTY Smallcap250 Quality 50,Strategy / Thematic / Other,2025-12-31,2025-12-31,25536,25.1
NIFTYSMALLCAP250QUALITY50,NIFTY Smallcap250 Quality 50,Strategy / Thematic / Other,2026-01-31,2026-01-30,24153.5,23.41
NIFTYSMALLCAP250QUALITY50,NIFTY Smallcap250 Quality 50,Strategy / Thematic / Other,2026-02-28,2026-02-27,24132.05,23.24
NIFTYSMALLCAP250QUALITY50,NIFTY Smallcap250 Quality 50,Strategy / Thematic / Other,2026-03-31,2026-03-30,21675.8,20.83
NIFTYSMALLCAP250QUALITY50,NIFTY Smallcap250 Quality 50,Strategy / Thematic / Other,2026-04-30,2026-04-30,24721.1,23.68
NIFTYSMALLCAP250QUALITY50,NIFTY Smallcap250 Quality 50,Strategy / Thematic / Other,2026-05-31,2026-05-29,24825.65,23.62
NIFTYSMALLCAP250QUALITY50,NIFTY Smallcap250 Quality 50,Strategy / Thematic / Other,2026-06-30,2026-06-30,24777.65,25.51
NIFTYSMALLCAP250QUALITY50,NIFTY Smallcap250 Quality 50,Strategy / Thematic / Other,2026-07-31,2026-07-31,25373.2,24.91
NIFTYSMALLCAP250QUALITY50,NIFTY Smallcap250 Quality 50,Strategy / Thematic / Other,2026-08-31,2026-08-31,25463.25,24.89
NIFTYSMALLCAP50,NIFTY Smallcap 50,Broad Market,2021-04-30,2021-04-30,4283.05,82.79
NIFTYSMALLCAP50,NIFTY Smallcap 50,Broad Market,2021-05-31,2021-05-31,4620.65,70.56
NIFTYSMALLCAP50,NIFTY Smallcap 50,Broad Market,2021-06-30,2021-06-30,4891.35,60.54
NIFTYSMALLCAP50,NIFTY Smallcap 50,Broad Market,2021-07-31,2021-07-30,5292.5,34.69
NIFTYSMALLCAP50,NIFTY Smallcap 50,Broad Market,2021-08-31,2021-08-31,5135.35,37.73
NIFTYSMALLCAP50,NIFTY Smallcap 50,Broad Market,2021-09-30,2021-09-30,5340.7,29.25
NIFTYSMALLCAP50,NIFTY Smallcap 50,Broad Market,2021-10-31,2021-10-29,5250.7,33.17
NIFTYSMALLCAP50,NIFTY Smallcap 50,Broad Market,2021-11-30,2021-11-30,5078.65,31.57
NIFTYSMALLCAP50,NIFTY Smallcap 50,Broad Market,2021-12-31,2021-12-31,5330.75,33.52
NIFTYSMALLCAP50,NIFTY Smallcap 50,Broad Market,2022-01-31,2022-01-31,5161.8,33.05
NIFTYSMALLCAP50,NIFTY Smallcap 50,Broad Market,2022-02-28,2022-02-28,4514.6,28.87
NIFTYSMALLCAP50,NIFTY Smallcap 50,Broad Market,2022-03-31,2022-03-31,4801.45,31.59
NIFTYSMALLCAP50,NIFTY Smallcap 50,Broad Market,2022-04-30,2022-04-29,4719.2,30.39
NIFTYSMALLCAP50,NIFTY Smallcap 50,Broad Market,2022-05-31,2022-05-31,4194.15,24.37
NIFTYSMALLCAP50,NIFTY Smallcap 50,Broad Market,2022-06-30,2022-06-30,3848.55,22.84
NIFTYSMALLCAP50,NIFTY Smallcap 50,Broad Market,2022-07-31,2022-07-29,4205.9,22.85
NIFTYSMALLCAP50,NIFTY Smallcap 50,Broad Market,2022-08-31,2022-08-30,4399,22.75
NIFTYSMALLCAP50,NIFTY Smallcap 50,Broad Market,2022-09-30,2022-09-30,4265.9,19.04
NIFTYSMALLCAP50,NIFTY Smallcap 50,Broad Market,2022-10-31,2022-10-31,4310.4,19.28
NIFTYSMALLCAP50,NIFTY Smallcap 50,Broad Market,2022-11-30,2022-11-30,4461.35,20.78
NIFTYSMALLCAP50,NIFTY Smallcap 50,Broad Market,2022-12-31,2022-12-30,4341.95,20.28
NIFTYSMALLCAP50,NIFTY Smallcap 50,Broad Market,2023-01-31,2023-01-31,4297.15,20.08
NIFTYSMALLCAP50,NIFTY Smallcap 50,Broad Market,2023-02-28,2023-02-28,4127.4,19.83
NIFTYSMALLCAP50,NIFTY Smallcap 50,Broad Market,2023-03-31,2023-03-31,4097.7,16.24
NIFTYSMALLCAP50,NIFTY Smallcap 50,Broad Market,2023-04-30,2023-04-28,4436.25,17.05
NIFTYSMALLCAP50,NIFTY Smallcap 50,Broad Market,2023-05-31,2023-05-31,4625.15,18.76
NIFTYSMALLCAP50,NIFTY Smallcap 50,Broad Market,2023-06-30,2023-06-30,4899.5,19.43
NIFTYSMALLCAP50,NIFTY Smallcap 50,Broad Market,2023-07-31,2023-07-31,5294.75,22.84
NIFTYSMALLCAP50,NIFTY Smallcap 50,Broad Market,2023-08-31,2023-08-31,5619.4,24.54
NIFTYSMALLCAP50,NIFTY Smallcap 50,Broad Market,2023-09-30,2023-09-29,5883.3,25.39
NIFTYSMALLCAP50,NIFTY Smallcap 50,Broad Market,2023-10-31,2023-10-31,5817.95,23.92
NIFTYSMALLCAP50,NIFTY Smallcap 50,Broad Market,2023-11-30,2023-11-30,6539.5,26.43
NIFTYSMALLCAP50,NIFTY Smallcap 50,Broad Market,2023-12-31,2023-12-29,7132.1,28.81
NIFTYSMALLCAP50,NIFTY Smallcap 50,Broad Market,2024-01-31,2024-01-31,7435.4,29.3
NIFTYSMALLCAP50,NIFTY Smallcap 50,Broad Market,2024-02-29,2024-02-29,7351.65,29.22
NIFTYSMALLCAP50,NIFTY Smallcap 50,Broad Market,2024-03-31,2024-03-28,7029.95,22.83
NIFTYSMALLCAP50,NIFTY Smallcap 50,Broad Market,2024-04-30,2024-04-30,7861.2,25.13
NIFTYSMALLCAP50,NIFTY Smallcap 50,Broad Market,2024-05-31,2024-05-31,7726.75,23.65
NIFTYSMALLCAP50,NIFTY Smallcap 50,Broad Market,2024-06-30,2024-06-28,8575.6,26.31
NIFTYSMALLCAP50,NIFTY Smallcap 50,Broad Market,2024-07-31,2024-07-31,8946.9,27.2
NIFTYSMALLCAP50,NIFTY Smallcap 50,Broad Market,2024-08-31,2024-08-30,9168.95,27.62
NIFTYSMALLCAP50,NIFTY Smallcap 50,Broad Market,2024-09-30,2024-09-30,9206.85,32.43
NIFTYSMALLCAP50,NIFTY Smallcap 50,Broad Market,2024-10-31,2024-10-31,8986,32.16
NIFTYSMALLCAP50,NIFTY Smallcap 50,Broad Market,2024-11-30,2024-11-29,8984.95,31.12
NIFTYSMALLCAP50,NIFTY Smallcap 50,Broad Market,2024-12-31,2024-12-31,8937.2,30.88
NIFTYSMALLCAP50,NIFTY Smallcap 50,Broad Market,2025-01-31,2025-01-31,8049.35,25.74
NIFTYSMALLCAP50,NIFTY Smallcap 50,Broad Market,2025-02-28,2025-02-28,7095.75,22.14
NIFTYSMALLCAP50,NIFTY Smallcap 50,Broad Market,2025-03-31,2025-03-28,7724.65,30.01
NIFTYSMALLCAP50,NIFTY Smallcap 50,Broad Market,2025-04-30,2025-04-30,7943.4,30.9
NIFTYSMALLCAP50,NIFTY Smallcap 50,Broad Market,2025-05-31,2025-05-30,8561.5,33.06
NIFTYSMALLCAP50,NIFTY Smallcap 50,Broad Market,2025-06-30,2025-06-30,9187.3,35.38
NIFTYSMALLCAP50,NIFTY Smallcap 50,Broad Market,2025-07-31,2025-07-31,8671.85,33.4
NIFTYSMALLCAP50,NIFTY Smallcap 50,Broad Market,2025-08-31,2025-08-29,8261.55,32.41
NIFTYSMALLCAP50,NIFTY Smallcap 50,Broad Market,2025-09-30,2025-09-30,8395.4,29.13
NIFTYSMALLCAP50,NIFTY Smallcap 50,Broad Market,2025-10-31,2025-10-31,8842.65,30.56
NIFTYSMALLCAP50,NIFTY Smallcap 50,Broad Market,2025-11-30,2025-11-28,8699.6,32.27
NIFTYSMALLCAP50,NIFTY Smallcap 50,Broad Market,2025-12-31,2025-12-31,8606.1,31.9
NIFTYSMALLCAP50,NIFTY Smallcap 50,Broad Market,2026-01-31,2026-01-30,8189.35,29.53
NIFTYSMALLCAP50,NIFTY Smallcap 50,Broad Market,2026-02-28,2026-02-27,8302.3,29.9
NIFTYSMALLCAP50,NIFTY Smallcap 50,Broad Market,2026-03-31,2026-03-30,7465.05,24.26
NIFTYSMALLCAP50,NIFTY Smallcap 50,Broad Market,2026-04-30,2026-04-30,8786.6,28.06
NIFTYSMALLCAP50,NIFTY Smallcap 50,Broad Market,2026-05-31,2026-05-29,8951.35,30.16
NIFTYSMALLCAP50,NIFTY Smallcap 50,Broad Market,2026-06-30,2026-06-30,9332.55,31.84
NIFTYSMALLCAP50,NIFTY Smallcap 50,Broad Market,2026-07-31,2026-07-31,9644.45,31.87
NIFTYSMALLCAP50,NIFTY Smallcap 50,Broad Market,2026-08-31,2026-08-31,9937.7,31.81
NIFTYSMALLCAP500,NIFTY Smallcap 500,Broad Market,2026-01-31,2026-01-30,17708.39,26.88
NIFTYSMALLCAP500,NIFTY Smallcap 500,Broad Market,2026-02-28,2026-02-27,17807.81,26.01
NIFTYSMALLCAP500,NIFTY Smallcap 500,Broad Market,2026-03-31,2026-03-30,15971.9,24.87
NIFTYSMALLCAP500,NIFTY Smallcap 500,Broad Market,2026-04-30,2026-04-30,18883.84,29.12
NIFTYSMALLCAP500,NIFTY Smallcap 500,Broad Market,2026-05-31,2026-05-29,19265.55,31.33
NIFTYSMALLCAP500,NIFTY Smallcap 500,Broad Market,2026-06-30,2026-06-30,20169.55,32.95
NIFTYSMALLCAP500,NIFTY Smallcap 500,Broad Market,2026-07-31,2026-07-31,20331.2,31.75
NIFTYSMALLCAP500,NIFTY Smallcap 500,Broad Market,2026-08-31,2026-08-31,21021.7,31.95
NIFTYSMALLFINANCEBANKSMICROFINANCEINSTITUTIONS,NIFTY Small Finance Banks & Microfinance Institutions,Strategy / Thematic / Other,2026-06-30,2026-06-30,1388.32,
NIFTYSMALLFINANCEBANKSMICROFINANCEINSTITUTIONS,NIFTY Small Finance Banks & Microfinance Institutions,Strategy / Thematic / Other,2026-07-31,2026-07-31,1504.12,73.44
NIFTYSMALLFINANCEBANKSMICROFINANCEINSTITUTIONS,NIFTY Small Finance Banks & Microfinance Institutions,Strategy / Thematic / Other,2026-08-31,2026-08-31,1433.27,42.58
NIFTYSMEEMERGE,NIFTY Sme Emerge,Strategy / Thematic / Other,2021-04-30,2021-04-30,2051.06,
NIFTYSMEEMERGE,NIFTY Sme Emerge,Strategy / Thematic / Other,2021-05-31,2021-05-31,2262.35,
NIFTYSMEEMERGE,NIFTY Sme Emerge,Strategy / Thematic / Other,2021-06-30,2021-06-30,2616.17,263.45
NIFTYSMEEMERGE,NIFTY Sme Emerge,Strategy / Thematic / Other,2021-07-31,2021-07-30,2767.18,60.44
NIFTYSMEEMERGE,NIFTY Sme Emerge,Strategy / Thematic / Other,2021-08-31,2021-08-31,2805.76,67.97
NIFTYSMEEMERGE,NIFTY Sme Emerge,Strategy / Thematic / Other,2021-09-30,2021-09-30,3200.47,101.49
NIFTYSMEEMERGE,NIFTY Sme Emerge,Strategy / Thematic / Other,2021-10-31,2021-10-29,3243.35,116.81
NIFTYSMEEMERGE,NIFTY Sme Emerge,Strategy / Thematic / Other,2021-11-30,2021-11-30,3390.51,161.95
NIFTYSMEEMERGE,NIFTY Sme Emerge,Strategy / Thematic / Other,2021-12-31,2021-12-31,3825,47.29
NIFTYSMEEMERGE,NIFTY Sme Emerge,Strategy / Thematic / Other,2022-01-31,2022-01-31,4407.87,53.24
NIFTYSMEEMERGE,NIFTY Sme Emerge,Strategy / Thematic / Other,2022-02-28,2022-02-28,4259.75,53.39
NIFTYSMEEMERGE,NIFTY Sme Emerge,Strategy / Thematic / Other,2022-03-31,2022-03-31,4653.26,55.6
NIFTYSMEEMERGE,NIFTY Sme Emerge,Strategy / Thematic / Other,2022-04-30,2022-04-29,4912.49,59.37
NIFTYSMEEMERGE,NIFTY Sme Emerge,Strategy / Thematic / Other,2022-05-31,2022-05-31,4727.85,57.19
NIFTYSMEEMERGE,NIFTY Sme Emerge,Strategy / Thematic / Other,2022-06-30,2022-06-30,4451.97,122.11
NIFTYSMEEMERGE,NIFTY Sme Emerge,Strategy / Thematic / Other,2022-07-31,2022-07-29,4747.12,81.12
NIFTYSMEEMERGE,NIFTY Sme Emerge,Strategy / Thematic / Other,2022-08-31,2022-08-30,5401.17,89.88
NIFTYSMEEMERGE,NIFTY Sme Emerge,Strategy / Thematic / Other,2022-09-30,2022-09-30,5593.53,90.36
NIFTYSMEEMERGE,NIFTY Sme Emerge,Strategy / Thematic / Other,2022-10-31,2022-10-31,5981.93,96.89
NIFTYSMEEMERGE,NIFTY Sme Emerge,Strategy / Thematic / Other,2022-11-30,2022-11-30,6542.41,113.66
NIFTYSMEEMERGE,NIFTY Sme Emerge,Strategy / Thematic / Other,2022-12-31,2022-12-30,6529.07,83.18
NIFTYSMEEMERGE,NIFTY Sme Emerge,Strategy / Thematic / Other,2023-01-31,2023-01-31,6978.61,71.25
NIFTYSMEEMERGE,NIFTY Sme Emerge,Strategy / Thematic / Other,2023-02-28,2023-02-28,6382.34,45.11
NIFTYSMEEMERGE,NIFTY Sme Emerge,Strategy / Thematic / Other,2023-03-31,2023-03-31,6164.19,43.1
NIFTYSMEEMERGE,NIFTY Sme Emerge,Strategy / Thematic / Other,2023-04-30,2023-04-28,6861.3,49.4
NIFTYSMEEMERGE,NIFTY Sme Emerge,Strategy / Thematic / Other,2023-05-31,2023-05-31,7113.19,51.6
NIFTYSMEEMERGE,NIFTY Sme Emerge,Strategy / Thematic / Other,2023-06-30,2023-06-30,7570.15,60.91
NIFTYSMEEMERGE,NIFTY Sme Emerge,Strategy / Thematic / Other,2023-07-31,2023-07-31,8194.42,57.95
NIFTYSMEEMERGE,NIFTY Sme Emerge,Strategy / Thematic / Other,2023-08-31,2023-08-31,9459.08,52.85
NIFTYSMEEMERGE,NIFTY Sme Emerge,Strategy / Thematic / Other,2023-09-30,2023-09-29,9251.2,51.94
NIFTYSMEEMERGE,NIFTY Sme Emerge,Strategy / Thematic / Other,2023-10-31,2023-10-31,10119.44,57.09
NIFTYSMEEMERGE,NIFTY Sme Emerge,Strategy / Thematic / Other,2023-11-30,2023-11-30,10428.49,58.65
NIFTYSMEEMERGE,NIFTY Sme Emerge,Strategy / Thematic / Other,2023-12-31,2023-12-29,10786.23,55.91
NIFTYSMEEMERGE,NIFTY Sme Emerge,Strategy / Thematic / Other,2024-01-31,2024-01-31,12161.95,66.61
NIFTYSMEEMERGE,NIFTY Sme Emerge,Strategy / Thematic / Other,2024-02-29,2024-02-29,12355.49,67.7
NIFTYSMEEMERGE,NIFTY Sme Emerge,Strategy / Thematic / Other,2024-03-31,2024-03-28,11041.17,70.49
NIFTYSMEEMERGE,NIFTY Sme Emerge,Strategy / Thematic / Other,2024-04-30,2024-04-30,12818.2,81.84
NIFTYSMEEMERGE,NIFTY Sme Emerge,Strategy / Thematic / Other,2024-05-31,2024-05-31,12855.38,82.38
NIFTYSMEEMERGE,NIFTY Sme Emerge,Strategy / Thematic / Other,2024-06-30,2024-06-28,14295.93,95.38
NIFTYSMEEMERGE,NIFTY Sme Emerge,Strategy / Thematic / Other,2024-07-31,2024-07-31,14986.98,100.3
NIFTYSMEEMERGE,NIFTY Sme Emerge,Strategy / Thematic / Other,2024-08-31,2024-08-30,15960.82,107.59
NIFTYSMEEMERGE,NIFTY Sme Emerge,Strategy / Thematic / Other,2024-09-30,2024-09-30,16287.65,119.52
NIFTYSMEEMERGE,NIFTY Sme Emerge,Strategy / Thematic / Other,2024-10-31,2024-10-31,16291.81,119.79
NIFTYSMEEMERGE,NIFTY Sme Emerge,Strategy / Thematic / Other,2024-11-30,2024-11-29,16089.22,124.84
NIFTYSMEEMERGE,NIFTY Sme Emerge,Strategy / Thematic / Other,2024-12-31,2024-12-31,16606.35,148.76
NIFTYSMEEMERGE,NIFTY Sme Emerge,Strategy / Thematic / Other,2025-01-31,2025-01-31,15031.78,77.09
NIFTYSMEEMERGE,NIFTY Sme Emerge,Strategy / Thematic / Other,2025-02-28,2025-02-28,12665.56,42.39
NIFTYSMEEMERGE,NIFTY Sme Emerge,Strategy / Thematic / Other,2025-03-31,2025-03-28,12666.01,33.41
NIFTYSMEEMERGE,NIFTY Sme Emerge,Strategy / Thematic / Other,2025-04-30,2025-04-30,13591.56,31.81
NIFTYSMEEMERGE,NIFTY Sme Emerge,Strategy / Thematic / Other,2025-05-31,2025-05-30,14313.21,33.52
NIFTYSMEEMERGE,NIFTY Sme Emerge,Strategy / Thematic / Other,2025-06-30,2025-06-30,14783.58,33.22
NIFTYSMEEMERGE,NIFTY Sme Emerge,Strategy / Thematic / Other,2025-07-31,2025-07-31,15168.25,27.44
NIFTYSMEEMERGE,NIFTY Sme Emerge,Strategy / Thematic / Other,2025-08-31,2025-08-29,15104.22,26.18
NIFTYSMEEMERGE,NIFTY Sme Emerge,Strategy / Thematic / Other,2025-09-30,2025-09-30,15195.22,27.24
NIFTYSMEEMERGE,NIFTY Sme Emerge,Strategy / Thematic / Other,2025-10-31,2025-10-31,15491.18,27.64
NIFTYSMEEMERGE,NIFTY Sme Emerge,Strategy / Thematic / Other,2025-11-30,2025-11-28,15305.2,26.95
NIFTYSMEEMERGE,NIFTY Sme Emerge,Strategy / Thematic / Other,2025-12-31,2025-12-31,14365,27.8
NIFTYSMEEMERGE,NIFTY Sme Emerge,Strategy / Thematic / Other,2026-01-31,2026-01-30,12816.9,22.47
NIFTYSMEEMERGE,NIFTY Sme Emerge,Strategy / Thematic / Other,2026-02-28,2026-02-27,12701.65,21.38
NIFTYSMEEMERGE,NIFTY Sme Emerge,Strategy / Thematic / Other,2026-03-31,2026-03-30,11025.8,17.23
NIFTYSMEEMERGE,NIFTY Sme Emerge,Strategy / Thematic / Other,2026-04-30,2026-04-30,13901.85,21.81
NIFTYSMEEMERGE,NIFTY Sme Emerge,Strategy / Thematic / Other,2026-05-31,2026-05-29,13722.6,21.57
NIFTYSMEEMERGE,NIFTY Sme Emerge,Strategy / Thematic / Other,2026-06-30,2026-06-30,14023.9,22.85
NIFTYSMEEMERGE,NIFTY Sme Emerge,Strategy / Thematic / Other,2026-07-31,2026-07-31,13977.3,22.84
NIFTYSMEEMERGE,NIFTY Sme Emerge,Strategy / Thematic / Other,2026-08-31,2026-08-31,14652.95,22.84
NIFTYSUGARETHANOL,NIFTY Sugar & Ethanol,Strategy / Thematic / Other,2026-06-30,2026-06-30,2435.77,25.02
NIFTYSUGARETHANOL,NIFTY Sugar & Ethanol,Strategy / Thematic / Other,2026-07-31,2026-07-31,2509.79,25.9
NIFTYSUGARETHANOL,NIFTY Sugar & Ethanol,Strategy / Thematic / Other,2026-08-31,2026-08-31,2783.03,28.32
NIFTYTATAGROUP,NIFTY Tata Group,Strategy / Thematic / Other,2021-04-30,2021-04-30,10314.9,85.53
NIFTYTATAGROUP,NIFTY Tata Group,Strategy / Thematic / Other,2021-05-31,2021-05-31,10819.59,57.93
NIFTYTATAGROUP,NIFTY Tata Group,Strategy / Thematic / Other,2021-06-30,2021-06-30,11557.2,61.88
NIFTYTATAGROUP,NIFTY Tata Group,Strategy / Thematic / Other,2021-07-31,2021-07-30,11322.41,50.09
NIFTYTATAGROUP,NIFTY Tata Group,Strategy / Thematic / Other,2021-08-31,2021-08-31,12861.45,40.2
NIFTYTATAGROUP,NIFTY Tata Group,Strategy / Thematic / Other,2021-09-30,2021-09-30,13102.48,40.96
NIFTYTATAGROUP,NIFTY Tata Group,Strategy / Thematic / Other,2021-10-31,2021-10-29,12843.95,38.09
NIFTYTATAGROUP,NIFTY Tata Group,Strategy / Thematic / Other,2021-11-30,2021-11-30,12936.07,34.11
NIFTYTATAGROUP,NIFTY Tata Group,Strategy / Thematic / Other,2021-12-31,2021-12-31,13691.43,36.13
NIFTYTATAGROUP,NIFTY Tata Group,Strategy / Thematic / Other,2022-01-31,2022-01-31,13694.19,35.44
NIFTYTATAGROUP,NIFTY Tata Group,Strategy / Thematic / Other,2022-02-28,2022-02-28,13194.89,32.91
NIFTYTATAGROUP,NIFTY Tata Group,Strategy / Thematic / Other,2022-03-31,2022-03-31,13923.78,34.73
NIFTYTATAGROUP,NIFTY Tata Group,Strategy / Thematic / Other,2022-04-30,2022-04-29,13391.3,32.9
NIFTYTATAGROUP,NIFTY Tata Group,Strategy / Thematic / Other,2022-05-31,2022-05-31,12564.43,26.88
NIFTYTATAGROUP,NIFTY Tata Group,Strategy / Thematic / Other,2022-06-30,2022-06-30,11828.35,25.31
NIFTYTATAGROUP,NIFTY Tata Group,Strategy / Thematic / Other,2022-07-31,2022-07-29,12575.3,27.38
NIFTYTATAGROUP,NIFTY Tata Group,Strategy / Thematic / Other,2022-08-31,2022-08-30,12722.24,27.01
NIFTYTATAGROUP,NIFTY Tata Group,Strategy / Thematic / Other,2022-09-30,2022-09-30,12029.87,25.39
NIFTYTATAGROUP,NIFTY Tata Group,Strategy / Thematic / Other,2022-10-31,2022-10-31,12546.31,27
NIFTYTATAGROUP,NIFTY Tata Group,Strategy / Thematic / Other,2022-11-30,2022-11-30,13004.06,30.67
NIFTYTATAGROUP,NIFTY Tata Group,Strategy / Thematic / Other,2022-12-31,2022-12-30,12453.8,29.38
NIFTYTATAGROUP,NIFTY Tata Group,Strategy / Thematic / Other,2023-01-31,2023-01-31,12842.24,27.92
NIFTYTATAGROUP,NIFTY Tata Group,Strategy / Thematic / Other,2023-02-28,2023-02-28,12511.6,31.91
NIFTYTATAGROUP,NIFTY Tata Group,Strategy / Thematic / Other,2023-03-31,2023-03-31,12334.14,31.55
NIFTYTATAGROUP,NIFTY Tata Group,Strategy / Thematic / Other,2023-04-30,2023-04-28,12706.13,31.77
NIFTYTATAGROUP,NIFTY Tata Group,Strategy / Thematic / Other,2023-05-31,2023-05-31,13199.63,33.62
NIFTYTATAGROUP,NIFTY Tata Group,Strategy / Thematic / Other,2023-06-30,2023-06-30,13737.69,34.92
NIFTYTATAGROUP,NIFTY Tata Group,Strategy / Thematic / Other,2023-07-31,2023-07-31,14272.62,34.9
NIFTYTATAGROUP,NIFTY Tata Group,Strategy / Thematic / Other,2023-08-31,2023-08-31,14209.37,34.59
NIFTYTATAGROUP,NIFTY Tata Group,Strategy / Thematic / Other,2023-09-30,2023-09-29,14833.8,36.11
NIFTYTATAGROUP,NIFTY Tata Group,Strategy / Thematic / Other,2023-10-31,2023-10-31,14313.9,34.38
NIFTYTATAGROUP,NIFTY Tata Group,Strategy / Thematic / Other,2023-11-30,2023-11-30,15306.54,37.23
NIFTYTATAGROUP,NIFTY Tata Group,Strategy / Thematic / Other,2023-12-31,2023-12-29,16688.27,41.06
NIFTYTATAGROUP,NIFTY Tata Group,Strategy / Thematic / Other,2024-01-31,2024-01-31,17115.76,40.05
NIFTYTATAGROUP,NIFTY Tata Group,Strategy / Thematic / Other,2024-02-29,2024-02-29,18181.1,40.17
NIFTYTATAGROUP,NIFTY Tata Group,Strategy / Thematic / Other,2024-03-31,2024-03-28,17983.85,39.74
NIFTYTATAGROUP25CAP,NIFTY Tata Group 25% Cap,Strategy / Thematic / Other,2021-04-30,2021-04-30,7849.66,
NIFTYTATAGROUP25CAP,NIFTY Tata Group 25% Cap,Strategy / Thematic / Other,2021-05-31,2021-05-31,8314.46,113.82
NIFTYTATAGROUP25CAP,NIFTY Tata Group 25% Cap,Strategy / Thematic / Other,2021-06-30,2021-06-30,8841.32,116.04
NIFTYTATAGROUP25CAP,NIFTY Tata Group 25% Cap,Strategy / Thematic / Other,2021-07-31,2021-07-30,9023.12,79.12
NIFTYTATAGROUP25CAP,NIFTY Tata Group 25% Cap,Strategy / Thematic / Other,2021-08-31,2021-08-31,9753.82,32.92
NIFTYTATAGROUP25CAP,NIFTY Tata Group 25% Cap,Strategy / Thematic / Other,2021-09-30,2021-09-30,10071.07,32.19
NIFTYTATAGROUP25CAP,NIFTY Tata Group 25% Cap,Strategy / Thematic / Other,2021-10-31,2021-10-29,10672.04,33.08
NIFTYTATAGROUP25CAP,NIFTY Tata Group 25% Cap,Strategy / Thematic / Other,2021-11-30,2021-11-30,10276.55,24.34
NIFTYTATAGROUP25CAP,NIFTY Tata Group 25% Cap,Strategy / Thematic / Other,2021-12-31,2021-12-31,10705.17,25.66
NIFTYTATAGROUP25CAP,NIFTY Tata Group 25% Cap,Strategy / Thematic / Other,2022-01-31,2022-01-31,10662.65,25.39
NIFTYTATAGROUP25CAP,NIFTY Tata Group 25% Cap,Strategy / Thematic / Other,2022-02-28,2022-02-28,10598.33,23.12
NIFTYTATAGROUP25CAP,NIFTY Tata Group 25% Cap,Strategy / Thematic / Other,2022-03-31,2022-03-31,11000.12,23.81
NIFTYTATAGROUP25CAP,NIFTY Tata Group 25% Cap,Strategy / Thematic / Other,2022-04-30,2022-04-29,10770.85,23.24
NIFTYTATAGROUP25CAP,NIFTY Tata Group 25% Cap,Strategy / Thematic / Other,2022-05-31,2022-05-31,9914.31,17.69
NIFTYTATAGROUP25CAP,NIFTY Tata Group 25% Cap,Strategy / Thematic / Other,2022-06-30,2022-06-30,9012.92,15.91
NIFTYTATAGROUP25CAP,NIFTY Tata Group 25% Cap,Strategy / Thematic / Other,2022-07-31,2022-07-29,10108.52,18.56
NIFTYTATAGROUP25CAP,NIFTY Tata Group 25% Cap,Strategy / Thematic / Other,2022-08-31,2022-08-30,10513.38,18.84
NIFTYTATAGROUP25CAP,NIFTY Tata Group 25% Cap,Strategy / Thematic / Other,2022-09-30,2022-09-30,9890.5,18.82
NIFTYTATAGROUP25CAP,NIFTY Tata Group 25% Cap,Strategy / Thematic / Other,2022-10-31,2022-10-31,10145.61,19.02
NIFTYTATAGROUP25CAP,NIFTY Tata Group 25% Cap,Strategy / Thematic / Other,2022-11-30,2022-11-30,10369.5,23.51
NIFTYTATAGROUP25CAP,NIFTY Tata Group 25% Cap,Strategy / Thematic / Other,2022-12-31,2022-12-30,9916.96,22.35
NIFTYTATAGROUP25CAP,NIFTY Tata Group 25% Cap,Strategy / Thematic / Other,2023-01-31,2023-01-31,10137.14,20.9
NIFTYTATAGROUP25CAP,NIFTY Tata Group 25% Cap,Strategy / Thematic / Other,2023-02-28,2023-02-28,9776.12,27.83
NIFTYTATAGROUP25CAP,NIFTY Tata Group 25% Cap,Strategy / Thematic / Other,2023-03-31,2023-03-31,9758.16,29.76
NIFTYTATAGROUP25CAP,NIFTY Tata Group 25% Cap,Strategy / Thematic / Other,2023-04-30,2023-04-28,10230.68,30.86
NIFTYTATAGROUP25CAP,NIFTY Tata Group 25% Cap,Strategy / Thematic / Other,2023-05-31,2023-05-31,10774.02,36.71
NIFTYTATAGROUP25CAP,NIFTY Tata Group 25% Cap,Strategy / Thematic / Other,2023-06-30,2023-06-30,11439.17,38.3
NIFTYTATAGROUP25CAP,NIFTY Tata Group 25% Cap,Strategy / Thematic / Other,2023-07-31,2023-07-31,11818.88,41.01
NIFTYTATAGROUP25CAP,NIFTY Tata Group 25% Cap,Strategy / Thematic / Other,2023-08-31,2023-08-31,11879.23,40.89
NIFTYTATAGROUP25CAP,NIFTY Tata Group 25% Cap,Strategy / Thematic / Other,2023-09-30,2023-09-29,12298.61,42.44
NIFTYTATAGROUP25CAP,NIFTY Tata Group 25% Cap,Strategy / Thematic / Other,2023-10-31,2023-10-31,12019.65,41
NIFTYTATAGROUP25CAP,NIFTY Tata Group 25% Cap,Strategy / Thematic / Other,2023-11-30,2023-11-30,13096.46,53.12
NIFTYTATAGROUP25CAP,NIFTY Tata Group 25% Cap,Strategy / Thematic / Other,2023-12-31,2023-12-29,14350.45,56.09
NIFTYTATAGROUP25CAP,NIFTY Tata Group 25% Cap,Strategy / Thematic / Other,2024-01-31,2024-01-31,14877.66,51.8
NIFTYTATAGROUP25CAP,NIFTY Tata Group 25% Cap,Strategy / Thematic / Other,2024-02-29,2024-02-29,15779.87,49.16
NIFTYTATAGROUP25CAP,NIFTY Tata Group 25% Cap,Strategy / Thematic / Other,2024-03-31,2024-03-28,16000.59,45.1
NIFTYTELECOMMUNICATIONS,NIFTY Telecommunications,Sectoral,2026-06-30,2026-06-30,3723.45,15.98
NIFTYTELECOMMUNICATIONS,NIFTY Telecommunications,Sectoral,2026-07-31,2026-07-31,3615.68,15.28
NIFTYTELECOMMUNICATIONS,NIFTY Telecommunications,Sectoral,2026-08-31,2026-08-31,3786.37,14.99
NIFTYTOP10EQUALWEIGHT,NIFTY Top 10 Equal Weight,Strategy / Thematic / Other,2024-06-30,2024-06-28,9117.72,23.68
NIFTYTOP10EQUALWEIGHT,NIFTY Top 10 Equal Weight,Strategy / Thematic / Other,2024-07-31,2024-07-31,9581.28,23.92
NIFTYTOP10EQUALWEIGHT,NIFTY Top 10 Equal Weight,Strategy / Thematic / Other,2024-08-31,2024-08-30,9695.29,24.2
NIFTYTOP10EQUALWEIGHT,NIFTY Top 10 Equal Weight,Strategy / Thematic / Other,2024-09-30,2024-09-30,9806.71,24.18
NIFTYTOP10EQUALWEIGHT,NIFTY Top 10 Equal Weight,Strategy / Thematic / Other,2024-10-31,2024-10-31,9345.83,22.43
NIFTYTOP10EQUALWEIGHT,NIFTY Top 10 Equal Weight,Strategy / Thematic / Other,2024-11-30,2024-11-29,9494.55,22.76
NIFTYTOP10EQUALWEIGHT,NIFTY Top 10 Equal Weight,Strategy / Thematic / Other,2024-12-31,2024-12-31,9303.8,22.13
NIFTYTOP10EQUALWEIGHT,NIFTY Top 10 Equal Weight,Strategy / Thematic / Other,2025-01-31,2025-01-31,9252.8,21.61
NIFTYTOP10EQUALWEIGHT,NIFTY Top 10 Equal Weight,Strategy / Thematic / Other,2025-02-28,2025-02-28,8737,19.72
NIFTYTOP10EQUALWEIGHT,NIFTY Top 10 Equal Weight,Strategy / Thematic / Other,2025-03-31,2025-03-28,9338.7,21.32
NIFTYTOP10EQUALWEIGHT,NIFTY Top 10 Equal Weight,Strategy / Thematic / Other,2025-04-30,2025-04-30,9611.3,21.84
NIFTYTOP10EQUALWEIGHT,NIFTY Top 10 Equal Weight,Strategy / Thematic / Other,2025-05-31,2025-05-30,9701.4,21.5
NIFTYTOP10EQUALWEIGHT,NIFTY Top 10 Equal Weight,Strategy / Thematic / Other,2025-06-30,2025-06-30,9935.45,22.08
NIFTYTOP10EQUALWEIGHT,NIFTY Top 10 Equal Weight,Strategy / Thematic / Other,2025-07-31,2025-07-31,9457.95,20.82
NIFTYTOP10EQUALWEIGHT,NIFTY Top 10 Equal Weight,Strategy / Thematic / Other,2025-08-31,2025-08-29,9255.15,20.25
NIFTYTOP10EQUALWEIGHT,NIFTY Top 10 Equal Weight,Strategy / Thematic / Other,2025-09-30,2025-09-30,9228.2,20.18
NIFTYTOP10EQUALWEIGHT,NIFTY Top 10 Equal Weight,Strategy / Thematic / Other,2025-10-31,2025-10-31,9781.55,21.42
NIFTYTOP10EQUALWEIGHT,NIFTY Top 10 Equal Weight,Strategy / Thematic / Other,2025-11-30,2025-11-28,10003.6,21.72
NIFTYTOP10EQUALWEIGHT,NIFTY Top 10 Equal Weight,Strategy / Thematic / Other,2025-12-31,2025-12-31,10044.55,21.67
NIFTYTOP10EQUALWEIGHT,NIFTY Top 10 Equal Weight,Strategy / Thematic / Other,2026-01-31,2026-01-30,9572.95,20.63
NIFTYTOP10EQUALWEIGHT,NIFTY Top 10 Equal Weight,Strategy / Thematic / Other,2026-02-28,2026-02-27,9257.4,20.17
NIFTYTOP10EQUALWEIGHT,NIFTY Top 10 Equal Weight,Strategy / Thematic / Other,2026-03-31,2026-03-30,8195.7,17.98
NIFTYTOP10EQUALWEIGHT,NIFTY Top 10 Equal Weight,Strategy / Thematic / Other,2026-04-30,2026-04-30,8718.55,18.89
NIFTYTOP10EQUALWEIGHT,NIFTY Top 10 Equal Weight,Strategy / Thematic / Other,2026-05-31,2026-05-29,8474.4,18.34
NIFTYTOP10EQUALWEIGHT,NIFTY Top 10 Equal Weight,Strategy / Thematic / Other,2026-06-30,2026-06-30,8507.45,18.13
NIFTYTOP10EQUALWEIGHT,NIFTY Top 10 Equal Weight,Strategy / Thematic / Other,2026-07-31,2026-07-31,8662.4,18.13
NIFTYTOP10EQUALWEIGHT,NIFTY Top 10 Equal Weight,Strategy / Thematic / Other,2026-08-31,2026-08-31,8606.05,18.01
NIFTYTOP15EQUALWEIGHT,NIFTY Top 15 Equal Weight,Strategy / Thematic / Other,2024-10-31,2024-10-31,9644.64,21.98
NIFTYTOP15EQUALWEIGHT,NIFTY Top 15 Equal Weight,Strategy / Thematic / Other,2024-11-30,2024-11-29,9782.03,22.06
NIFTYTOP15EQUALWEIGHT,NIFTY Top 15 Equal Weight,Strategy / Thematic / Other,2024-12-31,2024-12-31,9589.6,21.85
NIFTYTOP15EQUALWEIGHT,NIFTY Top 15 Equal Weight,Strategy / Thematic / Other,2025-01-31,2025-01-31,9758.1,21.84
NIFTYTOP15EQUALWEIGHT,NIFTY Top 15 Equal Weight,Strategy / Thematic / Other,2025-02-28,2025-02-28,9212.45,19.8
NIFTYTOP15EQUALWEIGHT,NIFTY Top 15 Equal Weight,Strategy / Thematic / Other,2025-03-31,2025-03-28,9741.9,20.83
NIFTYTOP15EQUALWEIGHT,NIFTY Top 15 Equal Weight,Strategy / Thematic / Other,2025-04-30,2025-04-30,10051.7,21.44
NIFTYTOP15EQUALWEIGHT,NIFTY Top 15 Equal Weight,Strategy / Thematic / Other,2025-05-31,2025-05-30,10190.75,21.39
NIFTYTOP15EQUALWEIGHT,NIFTY Top 15 Equal Weight,Strategy / Thematic / Other,2025-06-30,2025-06-30,10413,21.87
NIFTYTOP15EQUALWEIGHT,NIFTY Top 15 Equal Weight,Strategy / Thematic / Other,2025-07-31,2025-07-31,10101.4,21.04
NIFTYTOP15EQUALWEIGHT,NIFTY Top 15 Equal Weight,Strategy / Thematic / Other,2025-08-31,2025-08-29,10121.65,20.84
NIFTYTOP15EQUALWEIGHT,NIFTY Top 15 Equal Weight,Strategy / Thematic / Other,2025-09-30,2025-09-30,10321.85,21.13
NIFTYTOP15EQUALWEIGHT,NIFTY Top 15 Equal Weight,Strategy / Thematic / Other,2025-10-31,2025-10-31,10821.65,22.16
NIFTYTOP15EQUALWEIGHT,NIFTY Top 15 Equal Weight,Strategy / Thematic / Other,2025-11-30,2025-11-28,11058.85,22.36
NIFTYTOP15EQUALWEIGHT,NIFTY Top 15 Equal Weight,Strategy / Thematic / Other,2025-12-31,2025-12-31,11051.3,22.52
NIFTYTOP15EQUALWEIGHT,NIFTY Top 15 Equal Weight,Strategy / Thematic / Other,2026-01-31,2026-01-30,10605.7,21.59
NIFTYTOP15EQUALWEIGHT,NIFTY Top 15 Equal Weight,Strategy / Thematic / Other,2026-02-28,2026-02-27,10507.3,21.4
NIFTYTOP15EQUALWEIGHT,NIFTY Top 15 Equal Weight,Strategy / Thematic / Other,2026-03-31,2026-03-30,9129.2,18.92
NIFTYTOP15EQUALWEIGHT,NIFTY Top 15 Equal Weight,Strategy / Thematic / Other,2026-04-30,2026-04-30,9811.1,20.17
NIFTYTOP15EQUALWEIGHT,NIFTY Top 15 Equal Weight,Strategy / Thematic / Other,2026-05-31,2026-05-29,9495.7,19.31
NIFTYTOP15EQUALWEIGHT,NIFTY Top 15 Equal Weight,Strategy / Thematic / Other,2026-06-30,2026-06-30,9669.8,19.35
NIFTYTOP15EQUALWEIGHT,NIFTY Top 15 Equal Weight,Strategy / Thematic / Other,2026-07-31,2026-07-31,9946.65,19.66
NIFTYTOP15EQUALWEIGHT,NIFTY Top 15 Equal Weight,Strategy / Thematic / Other,2026-08-31,2026-08-31,9770.75,19.1
NIFTYTOP20EQUALWEIGHT,NIFTY Top 20 Equal Weight,Strategy / Thematic / Other,2024-10-31,2024-10-31,8901.29,23.07
NIFTYTOP20EQUALWEIGHT,NIFTY Top 20 Equal Weight,Strategy / Thematic / Other,2024-11-30,2024-11-29,8909.45,22.97
NIFTYTOP20EQUALWEIGHT,NIFTY Top 20 Equal Weight,Strategy / Thematic / Other,2024-12-31,2024-12-31,8769.95,22.61
NIFTYTOP20EQUALWEIGHT,NIFTY Top 20 Equal Weight,Strategy / Thematic / Other,2025-01-31,2025-01-31,8827.8,22.44
NIFTYTOP20EQUALWEIGHT,NIFTY Top 20 Equal Weight,Strategy / Thematic / Other,2025-02-28,2025-02-28,8248.75,20.37
NIFTYTOP20EQUALWEIGHT,NIFTY Top 20 Equal Weight,Strategy / Thematic / Other,2025-03-31,2025-03-28,8708.95,21.46
NIFTYTOP20EQUALWEIGHT,NIFTY Top 20 Equal Weight,Strategy / Thematic / Other,2025-04-30,2025-04-30,8977.55,22.06
NIFTYTOP20EQUALWEIGHT,NIFTY Top 20 Equal Weight,Strategy / Thematic / Other,2025-05-31,2025-05-30,9091.55,22.76
NIFTYTOP20EQUALWEIGHT,NIFTY Top 20 Equal Weight,Strategy / Thematic / Other,2025-06-30,2025-06-30,9280.15,23.1
NIFTYTOP20EQUALWEIGHT,NIFTY Top 20 Equal Weight,Strategy / Thematic / Other,2025-07-31,2025-07-31,8963.7,22.2
NIFTYTOP20EQUALWEIGHT,NIFTY Top 20 Equal Weight,Strategy / Thematic / Other,2025-08-31,2025-08-29,9005.1,22.2
NIFTYTOP20EQUALWEIGHT,NIFTY Top 20 Equal Weight,Strategy / Thematic / Other,2025-09-30,2025-09-30,9059.5,22.63
NIFTYTOP20EQUALWEIGHT,NIFTY Top 20 Equal Weight,Strategy / Thematic / Other,2025-10-31,2025-10-31,9500.05,23.75
NIFTYTOP20EQUALWEIGHT,NIFTY Top 20 Equal Weight,Strategy / Thematic / Other,2025-11-30,2025-11-28,9725.4,24.59
NIFTYTOP20EQUALWEIGHT,NIFTY Top 20 Equal Weight,Strategy / Thematic / Other,2025-12-31,2025-12-31,9685.15,24.08
NIFTYTOP20EQUALWEIGHT,NIFTY Top 20 Equal Weight,Strategy / Thematic / Other,2026-01-31,2026-01-30,9338.25,23.22
NIFTYTOP20EQUALWEIGHT,NIFTY Top 20 Equal Weight,Strategy / Thematic / Other,2026-02-28,2026-02-27,9263.6,25.03
NIFTYTOP20EQUALWEIGHT,NIFTY Top 20 Equal Weight,Strategy / Thematic / Other,2026-03-31,2026-03-30,8160.7,21.13
NIFTYTOP20EQUALWEIGHT,NIFTY Top 20 Equal Weight,Strategy / Thematic / Other,2026-04-30,2026-04-30,8694.65,22.34
NIFTYTOP20EQUALWEIGHT,NIFTY Top 20 Equal Weight,Strategy / Thematic / Other,2026-05-31,2026-05-29,8436.65,21.27
NIFTYTOP20EQUALWEIGHT,NIFTY Top 20 Equal Weight,Strategy / Thematic / Other,2026-06-30,2026-06-30,8556.55,21.07
NIFTYTOP20EQUALWEIGHT,NIFTY Top 20 Equal Weight,Strategy / Thematic / Other,2026-07-31,2026-07-31,8974.8,21.76
NIFTYTOP20EQUALWEIGHT,NIFTY Top 20 Equal Weight,Strategy / Thematic / Other,2026-08-31,2026-08-31,8885.45,21.28
NIFTYTOTALMARKET,NIFTY Total Market,Broad Market,2021-10-31,2021-10-29,8385.28,27.12
NIFTYTOTALMARKET,NIFTY Total Market,Broad Market,2021-11-30,2021-11-30,8143.18,24.85
NIFTYTOTALMARKET,NIFTY Total Market,Broad Market,2021-12-31,2021-12-31,8340.8,25.6
NIFTYTOTALMARKET,NIFTY Total Market,Broad Market,2022-01-31,2022-01-31,8304.15,24.93
NIFTYTOTALMARKET,NIFTY Total Market,Broad Market,2022-02-28,2022-02-28,7953.05,22.81
NIFTYTOTALMARKET,NIFTY Total Market,Broad Market,2022-03-31,2022-03-31,8280.9,23.92
NIFTYTOTALMARKET,NIFTY Total Market,Broad Market,2022-04-30,2022-04-29,8232.3,23.4
NIFTYTOTALMARKET,NIFTY Total Market,Broad Market,2022-05-31,2022-05-31,7853.8,21.27
NIFTYTOTALMARKET,NIFTY Total Market,Broad Market,2022-06-30,2022-06-30,7446.9,20.31
NIFTYTOTALMARKET,NIFTY Total Market,Broad Market,2022-07-31,2022-07-29,8155.3,21.7
NIFTYTOTALMARKET,NIFTY Total Market,Broad Market,2022-08-31,2022-08-30,8527.15,22.45
NIFTYTOTALMARKET,NIFTY Total Market,Broad Market,2022-09-30,2022-09-30,8257.7,21.88
NIFTYTOTALMARKET,NIFTY Total Market,Broad Market,2022-10-31,2022-10-31,8585.25,22.37
NIFTYTOTALMARKET,NIFTY Total Market,Broad Market,2022-11-30,2022-11-30,8877,23.54
NIFTYTOTALMARKET,NIFTY Total Market,Broad Market,2022-12-31,2022-12-30,8604.4,22.97
NIFTYTOTALMARKET,NIFTY Total Market,Broad Market,2023-01-31,2023-01-31,8319,21.89
NIFTYTOTALMARKET,NIFTY Total Market,Broad Market,2023-02-28,2023-02-28,8082.5,21.32
NIFTYTOTALMARKET,NIFTY Total Market,Broad Market,2023-03-31,2023-03-31,8102.1,21.25
NIFTYTOTALMARKET,NIFTY Total Market,Broad Market,2023-04-30,2023-04-28,8480.35,21.94
NIFTYTOTALMARKET,NIFTY Total Market,Broad Market,2023-05-31,2023-05-31,8794,22.51
NIFTYTOTALMARKET,NIFTY Total Market,Broad Market,2023-06-30,2023-06-30,9174.8,23.56
NIFTYTOTALMARKET,NIFTY Total Market,Broad Market,2023-07-31,2023-07-31,9541.55,24.36
NIFTYTOTALMARKET,NIFTY Total Market,Broad Market,2023-08-31,2023-08-31,9496.65,23.27
NIFTYTOTALMARKET,NIFTY Total Market,Broad Market,2023-09-30,2023-09-29,9702.5,23.54
NIFTYTOTALMARKET,NIFTY Total Market,Broad Market,2023-10-31,2023-10-31,9435.35,21.9
NIFTYTOTALMARKET,NIFTY Total Market,Broad Market,2023-11-30,2023-11-30,10113.4,22.85
NIFTYTOTALMARKET,NIFTY Total Market,Broad Market,2023-12-31,2023-12-29,10910.4,24.65
NIFTYTOTALMARKET,NIFTY Total Market,Broad Market,2024-01-31,2024-01-31,11150.1,24.42
NIFTYTOTALMARKET,NIFTY Total Market,Broad Market,2024-02-29,2024-02-29,11300.3,24.5
NIFTYTOTALMARKET,NIFTY Total Market,Broad Market,2024-03-31,2024-03-28,11363.9,24.84
NIFTYTOTALMARKET,NIFTY Total Market,Broad Market,2024-04-30,2024-04-30,11805.65,24.93
NIFTYTOTALMARKET,NIFTY Total Market,Broad Market,2024-05-31,2024-05-31,11857.15,24.63
NIFTYTOTALMARKET,NIFTY Total Market,Broad Market,2024-06-30,2024-06-28,12694.1,26.37
NIFTYTOTALMARKET,NIFTY Total Market,Broad Market,2024-07-31,2024-07-31,13256.05,27.26
NIFTYTOTALMARKET,NIFTY Total Market,Broad Market,2024-08-31,2024-08-30,13372.3,27.32
NIFTYTOTALMARKET,NIFTY Total Market,Broad Market,2024-09-30,2024-09-30,13661.3,28.12
NIFTYTOTALMARKET,NIFTY Total Market,Broad Market,2024-10-31,2024-10-31,12800.1,26.33
NIFTYTOTALMARKET,NIFTY Total Market,Broad Market,2024-11-30,2024-11-29,12803.95,25.92
NIFTYTOTALMARKET,NIFTY Total Market,Broad Market,2024-12-31,2024-12-31,12633.4,25.72
NIFTYTOTALMARKET,NIFTY Total Market,Broad Market,2025-01-31,2025-01-31,12156.55,24.38
NIFTYTOTALMARKET,NIFTY Total Market,Broad Market,2025-02-28,2025-02-28,11169.9,21.98
NIFTYTOTALMARKET,NIFTY Total Market,Broad Market,2025-03-31,2025-03-28,11984.9,23.47
NIFTYTOTALMARKET,NIFTY Total Market,Broad Market,2025-04-30,2025-04-30,12364.25,23.99
NIFTYTOTALMARKET,NIFTY Total Market,Broad Market,2025-05-31,2025-05-30,12835.2,24.55
NIFTYTOTALMARKET,NIFTY Total Market,Broad Market,2025-06-30,2025-06-30,13291.45,25.31
NIFTYTOTALMARKET,NIFTY Total Market,Broad Market,2025-07-31,2025-07-31,12905.8,24.25
NIFTYTOTALMARKET,NIFTY Total Market,Broad Market,2025-08-31,2025-08-29,12641.45,23.49
NIFTYTOTALMARKET,NIFTY Total Market,Broad Market,2025-09-30,2025-09-30,12785.95,23.95
NIFTYTOTALMARKET,NIFTY Total Market,Broad Market,2025-10-31,2025-10-31,13333.3,24.75
NIFTYTOTALMARKET,NIFTY Total Market,Broad Market,2025-11-30,2025-11-28,13439.4,24.57
NIFTYTOTALMARKET,NIFTY Total Market,Broad Market,2025-12-31,2025-12-31,13393.85,24.55
NIFTYTOTALMARKET,NIFTY Total Market,Broad Market,2026-01-31,2026-01-30,12937.95,23.54
NIFTYTOTALMARKET,NIFTY Total Market,Broad Market,2026-02-28,2026-02-27,12985.75,23.56
NIFTYTOTALMARKET,NIFTY Total Market,Broad Market,2026-03-31,2026-03-30,11507.05,21.29
NIFTYTOTALMARKET,NIFTY Total Market,Broad Market,2026-04-30,2026-04-30,12761.5,23.37
NIFTYTOTALMARKET,NIFTY Total Market,Broad Market,2026-05-31,2026-05-29,12762.2,22.6
NIFTYTOTALMARKET,NIFTY Total Market,Broad Market,2026-06-30,2026-06-30,12978.5,22.93
NIFTYTOTALMARKET,NIFTY Total Market,Broad Market,2026-07-31,2026-07-31,13230.25,23.25
NIFTYTOTALMARKET,NIFTY Total Market,Broad Market,2026-08-31,2026-08-31,13255.65,22.94
NIFTYTOTALMARKETMOMENTUMQUALITY50,NIFTY Total Market Momentum Quality 50,Strategy / Thematic / Other,2025-08-31,2025-08-29,41810.82,42.38
NIFTYTOTALMARKETMOMENTUMQUALITY50,NIFTY Total Market Momentum Quality 50,Strategy / Thematic / Other,2025-09-30,2025-09-30,41896,42.49
NIFTYTOTALMARKETMOMENTUMQUALITY50,NIFTY Total Market Momentum Quality 50,Strategy / Thematic / Other,2025-10-31,2025-10-31,43527.74,43.35
NIFTYTOTALMARKETMOMENTUMQUALITY50,NIFTY Total Market Momentum Quality 50,Strategy / Thematic / Other,2025-11-30,2025-11-28,43079.6,40.98
NIFTYTOTALMARKETMOMENTUMQUALITY50,NIFTY Total Market Momentum Quality 50,Strategy / Thematic / Other,2025-12-31,2025-12-31,41578.65,32.63
NIFTYTOTALMARKETMOMENTUMQUALITY50,NIFTY Total Market Momentum Quality 50,Strategy / Thematic / Other,2026-01-31,2026-01-30,41170.55,31.99
NIFTYTOTALMARKETMOMENTUMQUALITY50,NIFTY Total Market Momentum Quality 50,Strategy / Thematic / Other,2026-02-28,2026-02-27,42139.1,31.46
NIFTYTOTALMARKETMOMENTUMQUALITY50,NIFTY Total Market Momentum Quality 50,Strategy / Thematic / Other,2026-03-31,2026-03-30,37787.95,28.21
NIFTYTOTALMARKETMOMENTUMQUALITY50,NIFTY Total Market Momentum Quality 50,Strategy / Thematic / Other,2026-04-30,2026-04-30,42896.45,31.73
NIFTYTOTALMARKETMOMENTUMQUALITY50,NIFTY Total Market Momentum Quality 50,Strategy / Thematic / Other,2026-05-31,2026-05-29,44617.85,34.9
NIFTYTOTALMARKETMOMENTUMQUALITY50,NIFTY Total Market Momentum Quality 50,Strategy / Thematic / Other,2026-06-30,2026-06-30,43805.15,35.9
NIFTYTOTALMARKETMOMENTUMQUALITY50,NIFTY Total Market Momentum Quality 50,Strategy / Thematic / Other,2026-07-31,2026-07-31,43344.85,35.86
NIFTYTOTALMARKETMOMENTUMQUALITY50,NIFTY Total Market Momentum Quality 50,Strategy / Thematic / Other,2026-08-31,2026-08-31,45298.4,36.67
NIFTYTRANSPORTATIONLOGISTICS,NIFTY Transportation & Logistics,Strategy / Thematic / Other,2022-02-28,2022-02-28,10534.43,60.34
NIFTYTRANSPORTATIONLOGISTICS,NIFTY Transportation & Logistics,Strategy / Thematic / Other,2022-03-31,2022-03-31,10512.17,69.61
NIFTYTRANSPORTATIONLOGISTICS,NIFTY Transportation & Logistics,Strategy / Thematic / Other,2022-04-30,2022-04-29,10930.34,72.46
NIFTYTRANSPORTATIONLOGISTICS,NIFTY Transportation & Logistics,Strategy / Thematic / Other,2022-05-31,2022-05-31,11130.32,56.22
NIFTYTRANSPORTATIONLOGISTICS,NIFTY Transportation & Logistics,Strategy / Thematic / Other,2022-06-30,2022-06-30,10895.6,61.27
NIFTYTRANSPORTATIONLOGISTICS,NIFTY Transportation & Logistics,Strategy / Thematic / Other,2022-07-31,2022-07-29,11881.8,67.07
NIFTYTRANSPORTATIONLOGISTICS,NIFTY Transportation & Logistics,Strategy / Thematic / Other,2022-08-31,2022-08-30,12600.36,56.36
NIFTYTRANSPORTATIONLOGISTICS,NIFTY Transportation & Logistics,Strategy / Thematic / Other,2022-09-30,2022-09-30,12195.4,57.16
NIFTYTRANSPORTATIONLOGISTICS,NIFTY Transportation & Logistics,Strategy / Thematic / Other,2022-10-31,2022-10-31,12706.37,60.09
NIFTYTRANSPORTATIONLOGISTICS,NIFTY Transportation & Logistics,Strategy / Thematic / Other,2022-11-30,2022-11-30,12718.57,47.39
NIFTYTRANSPORTATIONLOGISTICS,NIFTY Transportation & Logistics,Strategy / Thematic / Other,2022-12-31,2022-12-30,12115.84,46.28
NIFTYTRANSPORTATIONLOGISTICS,NIFTY Transportation & Logistics,Strategy / Thematic / Other,2023-01-31,2023-01-31,12342.53,39.73
NIFTYTRANSPORTATIONLOGISTICS,NIFTY Transportation & Logistics,Strategy / Thematic / Other,2023-02-28,2023-02-28,11860.08,36.67
NIFTYTRANSPORTATIONLOGISTICS,NIFTY Transportation & Logistics,Strategy / Thematic / Other,2023-03-31,2023-03-31,11536.06,36.45
NIFTYTRANSPORTATIONLOGISTICS,NIFTY Transportation & Logistics,Strategy / Thematic / Other,2023-04-30,2023-04-28,12430.92,39.14
NIFTYTRANSPORTATIONLOGISTICS,NIFTY Transportation & Logistics,Strategy / Thematic / Other,2023-05-31,2023-05-31,13430.46,32.77
NIFTYTRANSPORTATIONLOGISTICS,NIFTY Transportation & Logistics,Strategy / Thematic / Other,2023-06-30,2023-06-30,14260.54,35.01
NIFTYTRANSPORTATIONLOGISTICS,NIFTY Transportation & Logistics,Strategy / Thematic / Other,2023-07-31,2023-07-31,14891.96,30.81
NIFTYTRANSPORTATIONLOGISTICS,NIFTY Transportation & Logistics,Strategy / Thematic / Other,2023-08-31,2023-08-31,14951.63,27.39
NIFTYTRANSPORTATIONLOGISTICS,NIFTY Transportation & Logistics,Strategy / Thematic / Other,2023-09-30,2023-09-29,15364.52,28.78
NIFTYTRANSPORTATIONLOGISTICS,NIFTY Transportation & Logistics,Strategy / Thematic / Other,2023-10-31,2023-10-31,15104.14,27.66
NIFTYTRANSPORTATIONLOGISTICS,NIFTY Transportation & Logistics,Strategy / Thematic / Other,2023-11-30,2023-11-30,16514.85,27.08
NIFTYTRANSPORTATIONLOGISTICS,NIFTY Transportation & Logistics,Strategy / Thematic / Other,2023-12-31,2023-12-29,17732.31,29.42
NIFTYTRANSPORTATIONLOGISTICS,NIFTY Transportation & Logistics,Strategy / Thematic / Other,2024-01-31,2024-01-31,18635.91,30.6
NIFTYTRANSPORTATIONLOGISTICS,NIFTY Transportation & Logistics,Strategy / Thematic / Other,2024-02-29,2024-02-29,19710.94,29.03
NIFTYTRANSPORTATIONLOGISTICS,NIFTY Transportation & Logistics,Strategy / Thematic / Other,2024-03-31,2024-03-28,20552.69,31.03
NIFTYTRANSPORTATIONLOGISTICS,NIFTY Transportation & Logistics,Strategy / Thematic / Other,2024-04-30,2024-04-30,21561.71,32.1
NIFTYTRANSPORTATIONLOGISTICS,NIFTY Transportation & Logistics,Strategy / Thematic / Other,2024-05-31,2024-05-31,22307.14,28.13
NIFTYTRANSPORTATIONLOGISTICS,NIFTY Transportation & Logistics,Strategy / Thematic / Other,2024-06-30,2024-06-28,23961,30.18
NIFTYTRANSPORTATIONLOGISTICS,NIFTY Transportation & Logistics,Strategy / Thematic / Other,2024-07-31,2024-07-31,25301,32.1
NIFTYTRANSPORTATIONLOGISTICS,NIFTY Transportation & Logistics,Strategy / Thematic / Other,2024-08-31,2024-08-30,25003.83,31.77
NIFTYTRANSPORTATIONLOGISTICS,NIFTY Transportation & Logistics,Strategy / Thematic / Other,2024-09-30,2024-09-30,25742.68,32.76
NIFTYTRANSPORTATIONLOGISTICS,NIFTY Transportation & Logistics,Strategy / Thematic / Other,2024-10-31,2024-10-31,22704.86,29.23
NIFTYTRANSPORTATIONLOGISTICS,NIFTY Transportation & Logistics,Strategy / Thematic / Other,2024-11-30,2024-11-29,22670.95,28.8
NIFTYTRANSPORTATIONLOGISTICS,NIFTY Transportation & Logistics,Strategy / Thematic / Other,2024-12-31,2024-12-31,22232.3,28.68
NIFTYTRANSPORTATIONLOGISTICS,NIFTY Transportation & Logistics,Strategy / Thematic / Other,2025-01-31,2025-01-31,21371,27.45
NIFTYTRANSPORTATIONLOGISTICS,NIFTY Transportation & Logistics,Strategy / Thematic / Other,2025-02-28,2025-02-28,19468.3,24.8
NIFTYTRANSPORTATIONLOGISTICS,NIFTY Transportation & Logistics,Strategy / Thematic / Other,2025-03-31,2025-03-28,20212.4,25.75
NIFTYTRANSPORTATIONLOGISTICS,NIFTY Transportation & Logistics,Strategy / Thematic / Other,2025-04-30,2025-04-30,21319.25,27.17
NIFTYTRANSPORTATIONLOGISTICS,NIFTY Transportation & Logistics,Strategy / Thematic / Other,2025-05-31,2025-05-30,22459.1,29.66
NIFTYTRANSPORTATIONLOGISTICS,NIFTY Transportation & Logistics,Strategy / Thematic / Other,2025-06-30,2025-06-30,23264,30.79
NIFTYTRANSPORTATIONLOGISTICS,NIFTY Transportation & Logistics,Strategy / Thematic / Other,2025-07-31,2025-07-31,23399.5,31.06
NIFTYTRANSPORTATIONLOGISTICS,NIFTY Transportation & Logistics,Strategy / Thematic / Other,2025-08-31,2025-08-29,24193.8,31.85
NIFTYTRANSPORTATIONLOGISTICS,NIFTY Transportation & Logistics,Strategy / Thematic / Other,2025-09-30,2025-09-30,25386.4,34.78
NIFTYTRANSPORTATIONLOGISTICS,NIFTY Transportation & Logistics,Strategy / Thematic / Other,2025-10-31,2025-10-31,25586.7,35.08
NIFTYTRANSPORTATIONLOGISTICS,NIFTY Transportation & Logistics,Strategy / Thematic / Other,2025-11-30,2025-11-28,26112.25,37.94
NIFTYTRANSPORTATIONLOGISTICS,NIFTY Transportation & Logistics,Strategy / Thematic / Other,2025-12-31,2025-12-31,25814.7,38.49
NIFTYTRANSPORTATIONLOGISTICS,NIFTY Transportation & Logistics,Strategy / Thematic / Other,2026-01-31,2026-01-30,24460.45,37.25
NIFTYTRANSPORTATIONLOGISTICS,NIFTY Transportation & Logistics,Strategy / Thematic / Other,2026-02-28,2026-02-27,25197.5,40.99
NIFTYTRANSPORTATIONLOGISTICS,NIFTY Transportation & Logistics,Strategy / Thematic / Other,2026-03-31,2026-03-30,21520,36.29
NIFTYTRANSPORTATIONLOGISTICS,NIFTY Transportation & Logistics,Strategy / Thematic / Other,2026-04-30,2026-04-30,23584.35,39.78
NIFTYTRANSPORTATIONLOGISTICS,NIFTY Transportation & Logistics,Strategy / Thematic / Other,2026-05-31,2026-05-29,23869,38.41
NIFTYTRANSPORTATIONLOGISTICS,NIFTY Transportation & Logistics,Strategy / Thematic / Other,2026-06-30,2026-06-30,24527,42.12
NIFTYTRANSPORTATIONLOGISTICS,NIFTY Transportation & Logistics,Strategy / Thematic / Other,2026-07-31,2026-07-31,26149.7,45.3
NIFTYTRANSPORTATIONLOGISTICS,NIFTY Transportation & Logistics,Strategy / Thematic / Other,2026-08-31,2026-08-31,26360.85,45.69
NIFTYWAVES,NIFTY Waves,Strategy / Thematic / Other,2025-05-31,2025-05-30,2187.58,
NIFTYWAVES,NIFTY Waves,Strategy / Thematic / Other,2025-06-30,2025-06-30,2232.89,
NIFTYWAVES,NIFTY Waves,Strategy / Thematic / Other,2025-07-31,2025-07-31,2136.12,
NIFTYWAVES,NIFTY Waves,Strategy / Thematic / Other,2025-08-31,2025-08-29,2099.46,
NIFTYWAVES,NIFTY Waves,Strategy / Thematic / Other,2025-09-30,2025-09-30,2095.57,
NIFTYWAVES,NIFTY Waves,Strategy / Thematic / Other,2025-10-31,2025-10-31,2023.71,
NIFTYWAVES,NIFTY Waves,Strategy / Thematic / Other,2025-11-30,2025-11-28,1990.25,
NIFTYWAVES,NIFTY Waves,Strategy / Thematic / Other,2025-12-31,2025-12-31,2077.65,
NIFTYWAVES,NIFTY Waves,Strategy / Thematic / Other,2026-01-31,2026-01-30,1909.8,
NIFTYWAVES,NIFTY Waves,Strategy / Thematic / Other,2026-02-28,2026-02-27,1902.65,
NIFTYWAVES,NIFTY Waves,Strategy / Thematic / Other,2026-03-31,2026-03-30,1582.65,
NIFTYWAVES,NIFTY Waves,Strategy / Thematic / Other,2026-04-30,2026-04-30,1946.15,
NIFTYWAVES,NIFTY Waves,Strategy / Thematic / Other,2026-05-31,2026-05-29,1925.3,
NIFTYWAVES,NIFTY Waves,Strategy / Thematic / Other,2026-06-30,2026-06-30,1935.4,
NIFTYWAVES,NIFTY Waves,Strategy / Thematic / Other,2026-07-31,2026-07-31,1939.85,
NIFTYWAVES,NIFTY Waves,Strategy / Thematic / Other,2026-08-31,2026-08-31,1887.4,
