IndexKey,IndexName,Group,Date,SourceDate,Close,PE
NIFTY100,NIFTY 100,Broad Market,2015-12-31,2015-12-31,8090.9,21.6
NIFTY100,NIFTY 100,Broad Market,2016-03-31,2016-03-31,7832.15,21.06
NIFTY100,NIFTY 100,Broad Market,2016-06-30,2016-06-30,8416.2,23.18
NIFTY100,NIFTY 100,Broad Market,2016-09-30,2016-09-30,8844.2,24.34
NIFTY100,NIFTY 100,Broad Market,2016-12-31,2016-12-30,8382.5,22.4
NIFTY100,NIFTY 100,Broad Market,2017-03-31,2017-03-31,9467.1,23.81
NIFTY100,NIFTY 100,Broad Market,2017-06-30,2017-06-30,9835.4,24.68
NIFTY100,NIFTY 100,Broad Market,2017-09-30,2017-09-29,10143.9,26.32
NIFTY100,NIFTY 100,Broad Market,2017-12-31,2017-12-29,10985.15,28.32
NIFTY100,NIFTY 100,Broad Market,2018-03-31,2018-03-28,10478.4,25.87
NIFTY100,NIFTY 100,Broad Market,2018-06-30,2018-06-29,10993.45,27.34
NIFTY100,NIFTY 100,Broad Market,2018-09-30,2018-09-28,11126.4,27.58
NIFTY100,NIFTY 100,Broad Market,2018-12-31,2018-12-31,11110.15,27.59
NIFTY100,NIFTY 100,Broad Market,2019-03-31,2019-03-29,11789.2,30.46
NIFTY100,NIFTY 100,Broad Market,2019-06-30,2019-06-28,11882.1,30.43
NIFTY100,NIFTY 100,Broad Market,2019-09-30,2019-09-30,11613.3,27.58
NIFTY100,NIFTY 100,Broad Market,2019-12-31,2019-12-31,12267.75,30.68
NIFTY100,NIFTY 100,Broad Market,2020-03-31,2020-03-31,8731.15,21.34
NIFTY100,NIFTY 100,Broad Market,2020-06-30,2020-06-30,10486.9,26.89
NIFTY100,NIFTY 100,Broad Market,2020-09-30,2020-09-30,11385.2,33.06
NIFTY100,NIFTY 100,Broad Market,2020-12-31,2020-12-31,14090.75,38.79
NIFTY100,NIFTY 100,Broad Market,2021-03-31,2021-03-31,14807.45,34.36
NIFTY100,NIFTY 100,Broad Market,2021-06-30,2021-06-30,15959.4,28.83
NIFTY100,NIFTY 100,Broad Market,2021-09-30,2021-09-30,17845.1,27.04
NIFTY100,NIFTY 100,Broad Market,2021-12-31,2021-12-31,17618.8,24.08
NIFTY100,NIFTY 100,Broad Market,2022-03-31,2022-03-31,17660.35,22.86
NIFTY100,NIFTY 100,Broad Market,2022-06-30,2022-06-30,15929.4,19.54
NIFTY100,NIFTY 100,Broad Market,2022-09-30,2022-09-30,17438.6,21.34
NIFTY100,NIFTY 100,Broad Market,2022-12-31,2022-12-30,18258.75,22.66
NIFTY100,NIFTY 100,Broad Market,2023-03-31,2023-03-31,17186.15,21.2
NIFTY100,NIFTY 100,Broad Market,2023-06-30,2023-06-30,19099.55,23.27
NIFTY100,NIFTY 100,Broad Market,2023-09-30,2023-09-29,19577.05,22.7
NIFTY100,NIFTY 100,Broad Market,2023-12-31,2023-12-29,21918.8,23.75
NIFTY100,NIFTY 100,Broad Market,2024-03-31,2024-03-28,22920.7,23.18
NIFTY100,NIFTY 100,Broad Market,2024-06-30,2024-06-28,25007.25,23.6
NIFTY100,NIFTY 100,Broad Market,2024-09-30,2024-09-30,26890.15,24.88
NIFTY100,NIFTY 100,Broad Market,2024-12-31,2024-12-31,24495.55,22.31
NIFTY100,NIFTY 100,Broad Market,2025-03-31,2025-03-28,24057.35,21.39
NIFTY100,NIFTY 100,Broad Market,2025-06-30,2025-06-30,26139.5,22.82
NIFTY100,NIFTY 100,Broad Market,2025-09-30,2025-09-30,25295.15,21.57
NIFTY100,NIFTY 100,Broad Market,2025-12-31,2025-12-31,26689.3,22.29
NIFTY100,NIFTY 100,Broad Market,2026-03-31,2026-03-30,22875.5,19.13
NIFTY100,NIFTY 100,Broad Market,2026-06-30,2026-06-30,24915.6,20.2
NIFTY100ALPHA30,Nifty100 Alpha 30,Strategy / Thematic / Other,2019-06-30,2019-06-28,7220.98,44.83
NIFTY100ALPHA30,Nifty100 Alpha 30,Strategy / Thematic / Other,2019-09-30,2019-09-30,7244.35,36.13
NIFTY100ALPHA30,Nifty100 Alpha 30,Strategy / Thematic / Other,2019-12-31,2019-12-31,7478.56,65.43
NIFTY100ALPHA30,Nifty100 Alpha 30,Strategy / Thematic / Other,2020-03-31,2020-03-31,6172.34,49.9
NIFTY100ALPHA30,Nifty100 Alpha 30,Strategy / Thematic / Other,2020-06-30,2020-06-30,7214.14,75.72
NIFTY100ALPHA30,Nifty100 Alpha 30,Strategy / Thematic / Other,2020-09-30,2020-09-30,7850.53,149.88
NIFTY100ALPHA30,Nifty100 Alpha 30,Strategy / Thematic / Other,2020-12-31,2020-12-31,9167.84,88
NIFTY100ALPHA30,Nifty100 Alpha 30,Strategy / Thematic / Other,2021-03-31,2021-03-31,9417.69,69.07
NIFTY100ALPHA30,Nifty100 Alpha 30,Strategy / Thematic / Other,2021-06-30,2021-06-30,10854.23,38.31
NIFTY100ALPHA30,Nifty100 Alpha 30,Strategy / Thematic / Other,2021-09-30,2021-09-30,12303,23.36
NIFTY100ALPHA30,Nifty100 Alpha 30,Strategy / Thematic / Other,2021-12-31,2021-12-31,12810.02,22
NIFTY100ALPHA30,Nifty100 Alpha 30,Strategy / Thematic / Other,2022-03-31,2022-03-31,12979.75,22.1
NIFTY100ALPHA30,Nifty100 Alpha 30,Strategy / Thematic / Other,2022-06-30,2022-06-30,10547.94,20.83
NIFTY100ALPHA30,Nifty100 Alpha 30,Strategy / Thematic / Other,2022-09-30,2022-09-30,12517.1,28.63
NIFTY100ALPHA30,Nifty100 Alpha 30,Strategy / Thematic / Other,2022-12-31,2022-12-30,12505.71,23.48
NIFTY100ALPHA30,Nifty100 Alpha 30,Strategy / Thematic / Other,2023-03-31,2023-03-31,10192.33,16.95
NIFTY100ALPHA30,Nifty100 Alpha 30,Strategy / Thematic / Other,2023-06-30,2023-06-30,11877.49,22.28
NIFTY100ALPHA30,Nifty100 Alpha 30,Strategy / Thematic / Other,2023-09-30,2023-09-29,12488.08,24.37
NIFTY100ALPHA30,Nifty100 Alpha 30,Strategy / Thematic / Other,2023-12-31,2023-12-29,14795.04,23.78
NIFTY100ALPHA30,Nifty100 Alpha 30,Strategy / Thematic / Other,2024-03-31,2024-03-28,17378.17,18.05
NIFTY100ALPHA30,Nifty100 Alpha 30,Strategy / Thematic / Other,2024-06-30,2024-06-28,19815.15,19.22
NIFTY100ALPHA30,Nifty100 Alpha 30,Strategy / Thematic / Other,2024-09-30,2024-09-30,21077.37,25.61
NIFTY100ALPHA30,Nifty100 Alpha 30,Strategy / Thematic / Other,2024-12-31,2024-12-31,18445.1,39.16
NIFTY100ALPHA30,Nifty100 Alpha 30,Strategy / Thematic / Other,2025-03-31,2025-03-28,16668.15,27.75
NIFTY100ALPHA30,Nifty100 Alpha 30,Strategy / Thematic / Other,2025-06-30,2025-06-30,18698.55,39.94
NIFTY100ALPHA30,Nifty100 Alpha 30,Strategy / Thematic / Other,2025-09-30,2025-09-30,18032.95,36.11
NIFTY100ALPHA30,Nifty100 Alpha 30,Strategy / Thematic / Other,2025-12-31,2025-12-31,18094.6,28.01
NIFTY100ALPHA30,Nifty100 Alpha 30,Strategy / Thematic / Other,2026-03-31,2026-03-30,15765.85,15.85
NIFTY100ALPHA30,Nifty100 Alpha 30,Strategy / Thematic / Other,2026-06-30,2026-06-30,17925.1,21.3
NIFTY100ENHANCEDESG,Nifty100 Enhanced ESG,Strategy / Thematic / Other,2018-03-31,2018-03-28,1924.39,26.37
NIFTY100ENHANCEDESG,Nifty100 Enhanced ESG,Strategy / Thematic / Other,2018-06-30,2018-06-29,2061.77,27.41
NIFTY100ENHANCEDESG,Nifty100 Enhanced ESG,Strategy / Thematic / Other,2018-09-30,2018-09-28,2083.51,26.63
NIFTY100ENHANCEDESG,Nifty100 Enhanced ESG,Strategy / Thematic / Other,2018-12-31,2018-12-31,2070.69,26.42
NIFTY100ENHANCEDESG,Nifty100 Enhanced ESG,Strategy / Thematic / Other,2019-03-31,2019-03-29,2224.69,28.87
NIFTY100ENHANCEDESG,Nifty100 Enhanced ESG,Strategy / Thematic / Other,2019-06-30,2019-06-28,2220.03,30.1
NIFTY100ENHANCEDESG,Nifty100 Enhanced ESG,Strategy / Thematic / Other,2019-09-30,2019-09-30,2165.08,26.95
NIFTY100ENHANCEDESG,Nifty100 Enhanced ESG,Strategy / Thematic / Other,2019-12-31,2019-12-31,2281.22,31.36
NIFTY100ENHANCEDESG,Nifty100 Enhanced ESG,Strategy / Thematic / Other,2020-03-31,2020-03-31,1671.16,22.43
NIFTY100ENHANCEDESG,Nifty100 Enhanced ESG,Strategy / Thematic / Other,2020-06-30,2020-06-30,2022.49,28.9
NIFTY100ENHANCEDESG,Nifty100 Enhanced ESG,Strategy / Thematic / Other,2020-09-30,2020-09-30,2238.56,37.76
NIFTY100ENHANCEDESG,Nifty100 Enhanced ESG,Strategy / Thematic / Other,2020-12-31,2020-12-31,2769.74,43.78
NIFTY100ENHANCEDESG,Nifty100 Enhanced ESG,Strategy / Thematic / Other,2021-03-31,2021-03-31,2928.24,34.89
NIFTY100ENHANCEDESG,Nifty100 Enhanced ESG,Strategy / Thematic / Other,2021-06-30,2021-06-30,3196.07,33.18
NIFTY100ENHANCEDESG,Nifty100 Enhanced ESG,Strategy / Thematic / Other,2021-09-30,2021-09-30,3612.57,32.54
NIFTY100ENHANCEDESG,Nifty100 Enhanced ESG,Strategy / Thematic / Other,2021-12-31,2021-12-31,3617.94,28.86
NIFTY100ENHANCEDESG,Nifty100 Enhanced ESG,Strategy / Thematic / Other,2022-03-31,2022-03-31,3503.26,26.13
NIFTY100ENHANCEDESG,Nifty100 Enhanced ESG,Strategy / Thematic / Other,2022-06-30,2022-06-30,3103.84,21.93
NIFTY100ENHANCEDESG,Nifty100 Enhanced ESG,Strategy / Thematic / Other,2022-09-30,2022-09-30,3404.23,23.76
NIFTY100ENHANCEDESG,Nifty100 Enhanced ESG,Strategy / Thematic / Other,2022-12-31,2022-12-30,3468.12,27.04
NIFTY100ENHANCEDESG,Nifty100 Enhanced ESG,Strategy / Thematic / Other,2023-03-31,2023-03-31,3230.78,25.89
NIFTY100ENHANCEDESG,Nifty100 Enhanced ESG,Strategy / Thematic / Other,2023-06-30,2023-06-30,3648.05,28.99
NIFTY100ENHANCEDESG,Nifty100 Enhanced ESG,Strategy / Thematic / Other,2023-09-30,2023-09-29,3755.09,28.26
NIFTY100ENHANCEDESG,Nifty100 Enhanced ESG,Strategy / Thematic / Other,2023-12-31,2023-12-29,4230,25.61
NIFTY100ENHANCEDESG,Nifty100 Enhanced ESG,Strategy / Thematic / Other,2024-03-31,2024-03-28,4397.92,25.37
NIFTY100ENHANCEDESG,Nifty100 Enhanced ESG,Strategy / Thematic / Other,2024-06-30,2024-06-28,4782.15,24.34
NIFTY100ENHANCEDESG,Nifty100 Enhanced ESG,Strategy / Thematic / Other,2024-09-30,2024-09-30,5221.14,26.18
NIFTY100ENHANCEDESG,Nifty100 Enhanced ESG,Strategy / Thematic / Other,2024-12-31,2024-12-31,4724.75,22.91
NIFTY100ENHANCEDESG,Nifty100 Enhanced ESG,Strategy / Thematic / Other,2025-03-31,2025-03-28,4615.95,21.73
NIFTY100ENHANCEDESG,Nifty100 Enhanced ESG,Strategy / Thematic / Other,2025-06-30,2025-06-30,5052.3,23.85
NIFTY100ENHANCEDESG,Nifty100 Enhanced ESG,Strategy / Thematic / Other,2025-09-30,2025-09-30,4921.85,22.64
NIFTY100ENHANCEDESG,Nifty100 Enhanced ESG,Strategy / Thematic / Other,2025-12-31,2025-12-31,5227.6,23.38
NIFTY100ENHANCEDESG,Nifty100 Enhanced ESG,Strategy / Thematic / Other,2026-03-31,2026-03-30,4477.1,20.55
NIFTY100ENHANCEDESG,Nifty100 Enhanced ESG,Strategy / Thematic / Other,2026-06-30,2026-06-30,4876.05,21.02
NIFTY100EQUALWEIGHT,Nifty100 Equal Weight,Strategy / Thematic / Other,2015-12-31,2015-12-31,10258.42,20.71
NIFTY100EQUALWEIGHT,Nifty100 Equal Weight,Strategy / Thematic / Other,2016-03-31,2016-03-31,9772.86,22.17
NIFTY100EQUALWEIGHT,Nifty100 Equal Weight,Strategy / Thematic / Other,2016-06-30,2016-06-30,10619.12,26.36
NIFTY100EQUALWEIGHT,Nifty100 Equal Weight,Strategy / Thematic / Other,2016-09-30,2016-09-30,11507.13,29.25
NIFTY100EQUALWEIGHT,Nifty100 Equal Weight,Strategy / Thematic / Other,2016-12-31,2016-12-30,10875.74,26.99
NIFTY100EQUALWEIGHT,Nifty100 Equal Weight,Strategy / Thematic / Other,2017-03-31,2017-03-31,12394.58,26.52
NIFTY100EQUALWEIGHT,Nifty100 Equal Weight,Strategy / Thematic / Other,2017-06-30,2017-06-30,12711.79,25.6
NIFTY100EQUALWEIGHT,Nifty100 Equal Weight,Strategy / Thematic / Other,2017-09-30,2017-09-29,13206.59,27.7
NIFTY100EQUALWEIGHT,Nifty100 Equal Weight,Strategy / Thematic / Other,2017-12-31,2017-12-29,14558.56,29.33
NIFTY100EQUALWEIGHT,Nifty100 Equal Weight,Strategy / Thematic / Other,2018-03-31,2018-03-28,13385.55,26.25
NIFTY100EQUALWEIGHT,Nifty100 Equal Weight,Strategy / Thematic / Other,2018-06-30,2018-06-29,13390.4,29.75
NIFTY100EQUALWEIGHT,Nifty100 Equal Weight,Strategy / Thematic / Other,2018-09-30,2018-09-28,13027.95,27.2
NIFTY100EQUALWEIGHT,Nifty100 Equal Weight,Strategy / Thematic / Other,2018-12-31,2018-12-31,13115.25,27.64
NIFTY100EQUALWEIGHT,Nifty100 Equal Weight,Strategy / Thematic / Other,2019-03-31,2019-03-29,13551.5,30.17
NIFTY100EQUALWEIGHT,Nifty100 Equal Weight,Strategy / Thematic / Other,2019-06-30,2019-06-28,13269.5,28.76
NIFTY100EQUALWEIGHT,Nifty100 Equal Weight,Strategy / Thematic / Other,2019-09-30,2019-09-30,12708.5,33.45
NIFTY100EQUALWEIGHT,Nifty100 Equal Weight,Strategy / Thematic / Other,2019-12-31,2019-12-31,13389.65,118.12
NIFTY100EQUALWEIGHT,Nifty100 Equal Weight,Strategy / Thematic / Other,2020-03-31,2020-03-31,9463,5007.89
NIFTY100EQUALWEIGHT,Nifty100 Equal Weight,Strategy / Thematic / Other,2020-06-30,2020-06-30,11804.35,23.96
NIFTY100EQUALWEIGHT,Nifty100 Equal Weight,Strategy / Thematic / Other,2020-09-30,2020-09-30,12509.5,31.19
NIFTY100EQUALWEIGHT,Nifty100 Equal Weight,Strategy / Thematic / Other,2020-12-31,2020-12-31,15530.55,36.88
NIFTY100EQUALWEIGHT,Nifty100 Equal Weight,Strategy / Thematic / Other,2021-03-31,2021-03-31,16880.6,35.37
NIFTY100EQUALWEIGHT,Nifty100 Equal Weight,Strategy / Thematic / Other,2021-06-30,2021-06-30,18814.55,27.13
NIFTY100EQUALWEIGHT,Nifty100 Equal Weight,Strategy / Thematic / Other,2021-09-30,2021-09-30,20791.5,21.88
NIFTY100EQUALWEIGHT,Nifty100 Equal Weight,Strategy / Thematic / Other,2021-12-31,2021-12-31,20535.15,19.25
NIFTY100EQUALWEIGHT,Nifty100 Equal Weight,Strategy / Thematic / Other,2022-03-31,2022-03-31,20248,20.7
NIFTY100EQUALWEIGHT,Nifty100 Equal Weight,Strategy / Thematic / Other,2022-06-30,2022-06-30,18217.3,16.61
NIFTY100EQUALWEIGHT,Nifty100 Equal Weight,Strategy / Thematic / Other,2022-09-30,2022-09-30,20369.05,20.48
NIFTY100EQUALWEIGHT,Nifty100 Equal Weight,Strategy / Thematic / Other,2022-12-31,2022-12-30,20728.1,23.49
NIFTY100EQUALWEIGHT,Nifty100 Equal Weight,Strategy / Thematic / Other,2023-03-31,2023-03-31,19244,22.65
NIFTY100EQUALWEIGHT,Nifty100 Equal Weight,Strategy / Thematic / Other,2023-06-30,2023-06-30,22170.95,24.98
NIFTY100EQUALWEIGHT,Nifty100 Equal Weight,Strategy / Thematic / Other,2023-09-30,2023-09-29,23177.65,22.75
NIFTY100EQUALWEIGHT,Nifty100 Equal Weight,Strategy / Thematic / Other,2023-12-31,2023-12-29,26879.7,24.45
NIFTY100EQUALWEIGHT,Nifty100 Equal Weight,Strategy / Thematic / Other,2024-03-31,2024-03-28,29233.45,23.97
NIFTY100EQUALWEIGHT,Nifty100 Equal Weight,Strategy / Thematic / Other,2024-06-30,2024-06-28,32576.3,25.06
NIFTY100EQUALWEIGHT,Nifty100 Equal Weight,Strategy / Thematic / Other,2024-09-30,2024-09-30,35394.05,25.69
NIFTY100EQUALWEIGHT,Nifty100 Equal Weight,Strategy / Thematic / Other,2024-12-31,2024-12-31,31336.95,22.73
NIFTY100EQUALWEIGHT,Nifty100 Equal Weight,Strategy / Thematic / Other,2025-03-31,2025-03-28,30282,22.31
NIFTY100EQUALWEIGHT,Nifty100 Equal Weight,Strategy / Thematic / Other,2025-06-30,2025-06-30,33287.25,23.7
NIFTY100EQUALWEIGHT,Nifty100 Equal Weight,Strategy / Thematic / Other,2025-09-30,2025-09-30,32812.7,22.62
NIFTY100EQUALWEIGHT,Nifty100 Equal Weight,Strategy / Thematic / Other,2025-12-31,2025-12-31,33955.65,22.85
NIFTY100EQUALWEIGHT,Nifty100 Equal Weight,Strategy / Thematic / Other,2026-03-31,2026-03-30,29787.2,19.83
NIFTY100EQUALWEIGHT,Nifty100 Equal Weight,Strategy / Thematic / Other,2026-06-30,2026-06-30,34120.65,20.67
NIFTY100ESG,Nifty100 ESG,Strategy / Thematic / Other,2018-03-31,2018-03-28,1882.53,26.76
NIFTY100ESG,Nifty100 ESG,Strategy / Thematic / Other,2018-06-30,2018-06-29,2019.21,27.64
NIFTY100ESG,Nifty100 ESG,Strategy / Thematic / Other,2018-09-30,2018-09-28,2051.48,27.2
NIFTY100ESG,Nifty100 ESG,Strategy / Thematic / Other,2018-12-31,2018-12-31,2035.64,27.34
NIFTY100ESG,Nifty100 ESG,Strategy / Thematic / Other,2019-03-31,2019-03-29,2187.42,29.91
NIFTY100ESG,Nifty100 ESG,Strategy / Thematic / Other,2019-06-30,2019-06-28,2183.77,30.52
NIFTY100ESG,Nifty100 ESG,Strategy / Thematic / Other,2019-09-30,2019-09-30,2131.97,27.57
NIFTY100ESG,Nifty100 ESG,Strategy / Thematic / Other,2019-12-31,2019-12-31,2259.34,31.35
NIFTY100ESG,Nifty100 ESG,Strategy / Thematic / Other,2020-03-31,2020-03-31,1655.88,22.38
NIFTY100ESG,Nifty100 ESG,Strategy / Thematic / Other,2020-06-30,2020-06-30,2009.81,28.93
NIFTY100ESG,Nifty100 ESG,Strategy / Thematic / Other,2020-09-30,2020-09-30,2223.72,37.56
NIFTY100ESG,Nifty100 ESG,Strategy / Thematic / Other,2020-12-31,2020-12-31,2746.63,43.68
NIFTY100ESG,Nifty100 ESG,Strategy / Thematic / Other,2021-03-31,2021-03-31,2905.71,34.28
NIFTY100ESG,Nifty100 ESG,Strategy / Thematic / Other,2021-06-30,2021-06-30,3176.95,33.05
NIFTY100ESG,Nifty100 ESG,Strategy / Thematic / Other,2021-09-30,2021-09-30,3587.28,32.23
NIFTY100ESG,Nifty100 ESG,Strategy / Thematic / Other,2021-12-31,2021-12-31,3590.33,28.52
NIFTY100ESG,Nifty100 ESG,Strategy / Thematic / Other,2022-03-31,2022-03-31,3476.75,25.88
NIFTY100ESG,Nifty100 ESG,Strategy / Thematic / Other,2022-06-30,2022-06-30,3077.7,21.81
NIFTY100ESG,Nifty100 ESG,Strategy / Thematic / Other,2022-09-30,2022-09-30,3375.6,23.64
NIFTY100ESG,Nifty100 ESG,Strategy / Thematic / Other,2022-12-31,2022-12-30,3438.3,26.58
NIFTY100ESG,Nifty100 ESG,Strategy / Thematic / Other,2023-03-31,2023-03-31,3202.9,25.34
NIFTY100ESG,Nifty100 ESG,Strategy / Thematic / Other,2023-06-30,2023-06-30,3614.85,28.17
NIFTY100ESG,Nifty100 ESG,Strategy / Thematic / Other,2023-09-30,2023-09-29,3726,27.51
NIFTY100ESG,Nifty100 ESG,Strategy / Thematic / Other,2023-12-31,2023-12-29,4200.15,25.62
NIFTY100ESG,Nifty100 ESG,Strategy / Thematic / Other,2024-03-31,2024-03-28,4366.65,25.38
NIFTY100ESG,Nifty100 ESG,Strategy / Thematic / Other,2024-06-30,2024-06-28,4747.1,24.35
NIFTY100ESG,Nifty100 ESG,Strategy / Thematic / Other,2024-09-30,2024-09-30,5182.25,26.19
NIFTY100ESG,Nifty100 ESG,Strategy / Thematic / Other,2024-12-31,2024-12-31,4689.55,22.87
NIFTY100ESG,Nifty100 ESG,Strategy / Thematic / Other,2025-03-31,2025-03-28,4581.5,21.69
NIFTY100ESG,Nifty100 ESG,Strategy / Thematic / Other,2025-06-30,2025-06-30,5014.2,23.58
NIFTY100ESG,Nifty100 ESG,Strategy / Thematic / Other,2025-09-30,2025-09-30,4884.1,22.35
NIFTY100ESG,Nifty100 ESG,Strategy / Thematic / Other,2025-12-31,2025-12-31,5181.35,23.3
NIFTY100ESG,Nifty100 ESG,Strategy / Thematic / Other,2026-03-31,2026-03-30,4444.8,20.53
NIFTY100ESG,Nifty100 ESG,Strategy / Thematic / Other,2026-06-30,2026-06-30,4844.25,21.04
NIFTY100ESGSECTORLEADERS,Nifty100 ESG Sector Leaders,Strategy / Thematic / Other,2020-09-30,2020-09-30,1951.33,36.86
NIFTY100ESGSECTORLEADERS,Nifty100 ESG Sector Leaders,Strategy / Thematic / Other,2020-12-31,2020-12-31,2409.95,41.76
NIFTY100ESGSECTORLEADERS,Nifty100 ESG Sector Leaders,Strategy / Thematic / Other,2021-03-31,2021-03-31,2509.85,35.9
NIFTY100ESGSECTORLEADERS,Nifty100 ESG Sector Leaders,Strategy / Thematic / Other,2021-06-30,2021-06-30,2682.2,32.39
NIFTY100ESGSECTORLEADERS,Nifty100 ESG Sector Leaders,Strategy / Thematic / Other,2021-09-30,2021-09-30,2995.1,30.01
NIFTY100ESGSECTORLEADERS,Nifty100 ESG Sector Leaders,Strategy / Thematic / Other,2021-12-31,2021-12-31,2962.05,25.37
NIFTY100ESGSECTORLEADERS,Nifty100 ESG Sector Leaders,Strategy / Thematic / Other,2022-03-31,2022-03-31,2945.7,23.14
NIFTY100ESGSECTORLEADERS,Nifty100 ESG Sector Leaders,Strategy / Thematic / Other,2022-06-30,2022-06-30,2636.45,19.68
NIFTY100ESGSECTORLEADERS,Nifty100 ESG Sector Leaders,Strategy / Thematic / Other,2022-09-30,2022-09-30,2831.85,21.13
NIFTY100ESGSECTORLEADERS,Nifty100 ESG Sector Leaders,Strategy / Thematic / Other,2022-12-31,2022-12-30,2992.85,24.44
NIFTY100ESGSECTORLEADERS,Nifty100 ESG Sector Leaders,Strategy / Thematic / Other,2023-03-31,2023-03-31,2810.35,23.64
NIFTY100ESGSECTORLEADERS,Nifty100 ESG Sector Leaders,Strategy / Thematic / Other,2023-06-30,2023-06-30,3077,26.87
NIFTY100ESGSECTORLEADERS,Nifty100 ESG Sector Leaders,Strategy / Thematic / Other,2023-09-30,2023-09-29,3200.65,27.58
NIFTY100ESGSECTORLEADERS,Nifty100 ESG Sector Leaders,Strategy / Thematic / Other,2023-12-31,2023-12-29,3541.15,27.38
NIFTY100ESGSECTORLEADERS,Nifty100 ESG Sector Leaders,Strategy / Thematic / Other,2024-03-31,2024-03-28,3697.85,27.14
NIFTY100ESGSECTORLEADERS,Nifty100 ESG Sector Leaders,Strategy / Thematic / Other,2024-06-30,2024-06-28,3997.35,26.75
NIFTY100ESGSECTORLEADERS,Nifty100 ESG Sector Leaders,Strategy / Thematic / Other,2024-09-30,2024-09-30,4319.2,28.4
NIFTY100ESGSECTORLEADERS,Nifty100 ESG Sector Leaders,Strategy / Thematic / Other,2024-12-31,2024-12-31,3939.2,25.12
NIFTY100ESGSECTORLEADERS,Nifty100 ESG Sector Leaders,Strategy / Thematic / Other,2025-03-31,2025-03-28,3912.15,24.17
NIFTY100ESGSECTORLEADERS,Nifty100 ESG Sector Leaders,Strategy / Thematic / Other,2025-06-30,2025-06-30,4270.15,27
NIFTY100ESGSECTORLEADERS,Nifty100 ESG Sector Leaders,Strategy / Thematic / Other,2025-09-30,2025-09-30,4118.05,24.84
NIFTY100ESGSECTORLEADERS,Nifty100 ESG Sector Leaders,Strategy / Thematic / Other,2025-12-31,2025-12-31,4353.25,23.51
NIFTY100ESGSECTORLEADERS,Nifty100 ESG Sector Leaders,Strategy / Thematic / Other,2026-03-31,2026-03-30,3707.2,19.86
NIFTY100ESGSECTORLEADERS,Nifty100 ESG Sector Leaders,Strategy / Thematic / Other,2026-06-30,2026-06-30,3997.45,21.29
NIFTY100LOWVOLATILITY30,Nifty100 Low Volatility 30,Strategy / Thematic / Other,2016-09-30,2016-09-30,6791.57,24.55
NIFTY100LOWVOLATILITY30,Nifty100 Low Volatility 30,Strategy / Thematic / Other,2016-12-31,2016-12-30,6143.55,21.72
NIFTY100LOWVOLATILITY30,Nifty100 Low Volatility 30,Strategy / Thematic / Other,2017-03-31,2017-03-31,6778.77,22.99
NIFTY100LOWVOLATILITY30,Nifty100 Low Volatility 30,Strategy / Thematic / Other,2017-06-30,2017-06-30,7297.01,23.07
NIFTY100LOWVOLATILITY30,Nifty100 Low Volatility 30,Strategy / Thematic / Other,2017-09-30,2017-09-29,7594.23,23.95
NIFTY100LOWVOLATILITY30,Nifty100 Low Volatility 30,Strategy / Thematic / Other,2017-12-31,2017-12-29,8155.55,25.45
NIFTY100LOWVOLATILITY30,Nifty100 Low Volatility 30,Strategy / Thematic / Other,2018-03-31,2018-03-28,7936.65,23.37
NIFTY100LOWVOLATILITY30,Nifty100 Low Volatility 30,Strategy / Thematic / Other,2018-06-30,2018-06-29,8433.75,24.19
NIFTY100LOWVOLATILITY30,Nifty100 Low Volatility 30,Strategy / Thematic / Other,2018-09-30,2018-09-28,8591.65,25.49
NIFTY100LOWVOLATILITY30,Nifty100 Low Volatility 30,Strategy / Thematic / Other,2018-12-31,2018-12-31,8604.7,25.1
NIFTY100LOWVOLATILITY30,Nifty100 Low Volatility 30,Strategy / Thematic / Other,2019-03-31,2019-03-29,8789.3,25.32
NIFTY100LOWVOLATILITY30,Nifty100 Low Volatility 30,Strategy / Thematic / Other,2019-06-30,2019-06-28,8742.55,25.49
NIFTY100LOWVOLATILITY30,Nifty100 Low Volatility 30,Strategy / Thematic / Other,2019-09-30,2019-09-30,8825.65,23.76
NIFTY100LOWVOLATILITY30,Nifty100 Low Volatility 30,Strategy / Thematic / Other,2019-12-31,2019-12-31,8910.85,22.87
NIFTY100LOWVOLATILITY30,Nifty100 Low Volatility 30,Strategy / Thematic / Other,2020-03-31,2020-03-31,7081.55,18.49
NIFTY100LOWVOLATILITY30,Nifty100 Low Volatility 30,Strategy / Thematic / Other,2020-06-30,2020-06-30,8340.95,21.1
NIFTY100LOWVOLATILITY30,Nifty100 Low Volatility 30,Strategy / Thematic / Other,2020-09-30,2020-09-30,9234.75,24.13
NIFTY100LOWVOLATILITY30,Nifty100 Low Volatility 30,Strategy / Thematic / Other,2020-12-31,2020-12-31,10880.55,29.43
NIFTY100LOWVOLATILITY30,Nifty100 Low Volatility 30,Strategy / Thematic / Other,2021-03-31,2021-03-31,11268.6,25.36
NIFTY100LOWVOLATILITY30,Nifty100 Low Volatility 30,Strategy / Thematic / Other,2021-06-30,2021-06-30,12302.3,23.65
NIFTY100LOWVOLATILITY30,Nifty100 Low Volatility 30,Strategy / Thematic / Other,2021-09-30,2021-09-30,13603.9,24.28
NIFTY100LOWVOLATILITY30,Nifty100 Low Volatility 30,Strategy / Thematic / Other,2021-12-31,2021-12-31,13230.15,25.68
NIFTY100LOWVOLATILITY30,Nifty100 Low Volatility 30,Strategy / Thematic / Other,2022-03-31,2022-03-31,12713.3,24.97
NIFTY100LOWVOLATILITY30,Nifty100 Low Volatility 30,Strategy / Thematic / Other,2022-06-30,2022-06-30,11985.55,22.4
NIFTY100LOWVOLATILITY30,Nifty100 Low Volatility 30,Strategy / Thematic / Other,2022-09-30,2022-09-30,12859.05,23.42
NIFTY100LOWVOLATILITY30,Nifty100 Low Volatility 30,Strategy / Thematic / Other,2022-12-31,2022-12-30,13236.25,25.9
NIFTY100LOWVOLATILITY30,Nifty100 Low Volatility 30,Strategy / Thematic / Other,2023-03-31,2023-03-31,12996.85,26.21
NIFTY100LOWVOLATILITY30,Nifty100 Low Volatility 30,Strategy / Thematic / Other,2023-06-30,2023-06-30,14531.2,26.55
NIFTY100LOWVOLATILITY30,Nifty100 Low Volatility 30,Strategy / Thematic / Other,2023-09-30,2023-09-29,15035.05,24.91
NIFTY100LOWVOLATILITY30,Nifty100 Low Volatility 30,Strategy / Thematic / Other,2023-12-31,2023-12-29,17272.3,26.74
NIFTY100LOWVOLATILITY30,Nifty100 Low Volatility 30,Strategy / Thematic / Other,2024-03-31,2024-03-28,18143.9,32.83
NIFTY100LOWVOLATILITY30,Nifty100 Low Volatility 30,Strategy / Thematic / Other,2024-06-30,2024-06-28,19077.45,34.88
NIFTY100LOWVOLATILITY30,Nifty100 Low Volatility 30,Strategy / Thematic / Other,2024-09-30,2024-09-30,21433.4,36.01
NIFTY100LOWVOLATILITY30,Nifty100 Low Volatility 30,Strategy / Thematic / Other,2024-12-31,2024-12-31,19187.85,32.12
NIFTY100LOWVOLATILITY30,Nifty100 Low Volatility 30,Strategy / Thematic / Other,2025-03-31,2025-03-28,18798.85,30.33
NIFTY100LOWVOLATILITY30,Nifty100 Low Volatility 30,Strategy / Thematic / Other,2025-06-30,2025-06-30,20165.75,31.83
NIFTY100LOWVOLATILITY30,Nifty100 Low Volatility 30,Strategy / Thematic / Other,2025-09-30,2025-09-30,19921.45,28.11
NIFTY100LOWVOLATILITY30,Nifty100 Low Volatility 30,Strategy / Thematic / Other,2025-12-31,2025-12-31,21130.15,29.2
NIFTY100LOWVOLATILITY30,Nifty100 Low Volatility 30,Strategy / Thematic / Other,2026-03-31,2026-03-30,18308.4,25.21
NIFTY100LOWVOLATILITY30,Nifty100 Low Volatility 30,Strategy / Thematic / Other,2026-06-30,2026-06-30,19683.1,24.73
NIFTY100QUALITY30,Nifty100 Quality 30,Strategy / Thematic / Other,2018-09-30,2018-09-28,2542.75,26.91
NIFTY100QUALITY30,Nifty100 Quality 30,Strategy / Thematic / Other,2018-12-31,2018-12-31,2622.05,28.5
NIFTY100QUALITY30,Nifty100 Quality 30,Strategy / Thematic / Other,2019-03-31,2019-03-29,2742.5,28.3
NIFTY100QUALITY30,Nifty100 Quality 30,Strategy / Thematic / Other,2019-06-30,2019-06-28,2660.3,26.73
NIFTY100QUALITY30,Nifty100 Quality 30,Strategy / Thematic / Other,2019-09-30,2019-09-30,2711.6,26.8
NIFTY100QUALITY30,Nifty100 Quality 30,Strategy / Thematic / Other,2019-12-31,2019-12-31,2730.05,27.32
NIFTY100QUALITY30,Nifty100 Quality 30,Strategy / Thematic / Other,2020-03-31,2020-03-31,2107.05,22.22
NIFTY100QUALITY30,Nifty100 Quality 30,Strategy / Thematic / Other,2020-06-30,2020-06-30,2460.25,24.53
NIFTY100QUALITY30,Nifty100 Quality 30,Strategy / Thematic / Other,2020-09-30,2020-09-30,2725.8,29.45
NIFTY100QUALITY30,Nifty100 Quality 30,Strategy / Thematic / Other,2020-12-31,2020-12-31,3301.25,36
NIFTY100QUALITY30,Nifty100 Quality 30,Strategy / Thematic / Other,2021-03-31,2021-03-31,3357.25,30.87
NIFTY100QUALITY30,Nifty100 Quality 30,Strategy / Thematic / Other,2021-06-30,2021-06-30,3619.85,31.98
NIFTY100QUALITY30,Nifty100 Quality 30,Strategy / Thematic / Other,2021-09-30,2021-09-30,4023.2,33.13
NIFTY100QUALITY30,Nifty100 Quality 30,Strategy / Thematic / Other,2021-12-31,2021-12-31,3967.65,32.24
NIFTY100QUALITY30,Nifty100 Quality 30,Strategy / Thematic / Other,2022-03-31,2022-03-31,3785.3,31.1
NIFTY100QUALITY30,Nifty100 Quality 30,Strategy / Thematic / Other,2022-06-30,2022-06-30,3490.5,28.09
NIFTY100QUALITY30,Nifty100 Quality 30,Strategy / Thematic / Other,2022-09-30,2022-09-30,3846.6,27.78
NIFTY100QUALITY30,Nifty100 Quality 30,Strategy / Thematic / Other,2022-12-31,2022-12-30,3867.1,26.61
NIFTY100QUALITY30,Nifty100 Quality 30,Strategy / Thematic / Other,2023-03-31,2023-03-31,3816.15,24.92
NIFTY100QUALITY30,Nifty100 Quality 30,Strategy / Thematic / Other,2023-06-30,2023-06-30,4319.7,27.59
NIFTY100QUALITY30,Nifty100 Quality 30,Strategy / Thematic / Other,2023-09-30,2023-09-29,4432.85,28.04
NIFTY100QUALITY30,Nifty100 Quality 30,Strategy / Thematic / Other,2023-12-31,2023-12-29,5044.4,31.24
NIFTY100QUALITY30,Nifty100 Quality 30,Strategy / Thematic / Other,2024-03-31,2024-03-28,5112.25,30.72
NIFTY100QUALITY30,Nifty100 Quality 30,Strategy / Thematic / Other,2024-06-30,2024-06-28,5642.25,33.85
NIFTY100QUALITY30,Nifty100 Quality 30,Strategy / Thematic / Other,2024-09-30,2024-09-30,6267.7,35.89
NIFTY100QUALITY30,Nifty100 Quality 30,Strategy / Thematic / Other,2024-12-31,2024-12-31,5542.7,30.33
NIFTY100QUALITY30,Nifty100 Quality 30,Strategy / Thematic / Other,2025-03-31,2025-03-28,5229.8,28.24
NIFTY100QUALITY30,Nifty100 Quality 30,Strategy / Thematic / Other,2025-06-30,2025-06-30,5666.5,29.58
NIFTY100QUALITY30,Nifty100 Quality 30,Strategy / Thematic / Other,2025-09-30,2025-09-30,5567.55,28.94
NIFTY100QUALITY30,Nifty100 Quality 30,Strategy / Thematic / Other,2025-12-31,2025-12-31,5860.05,32.14
NIFTY100QUALITY30,Nifty100 Quality 30,Strategy / Thematic / Other,2026-03-31,2026-03-30,5033.1,27.28
NIFTY100QUALITY30,Nifty100 Quality 30,Strategy / Thematic / Other,2026-06-30,2026-06-30,5388.05,26.58
NIFTY1DRATEINDEX,NIFTY 1D Rate Index,Strategy / Thematic / Other,2016-06-30,2016-06-30,1516.77,
NIFTY1DRATEINDEX,NIFTY 1D Rate Index,Strategy / Thematic / Other,2016-09-30,2016-09-30,1540.67,
NIFTY1DRATEINDEX,NIFTY 1D Rate Index,Strategy / Thematic / Other,2016-12-31,2016-12-30,1564.13,
NIFTY1DRATEINDEX,NIFTY 1D Rate Index,Strategy / Thematic / Other,2017-03-31,2017-03-31,1586.57,
NIFTY1DRATEINDEX,NIFTY 1D Rate Index,Strategy / Thematic / Other,2017-06-30,2017-06-30,1610.03,
NIFTY1DRATEINDEX,NIFTY 1D Rate Index,Strategy / Thematic / Other,2017-09-30,2017-09-29,1633.63,
NIFTY1DRATEINDEX,NIFTY 1D Rate Index,Strategy / Thematic / Other,2017-12-31,2017-12-29,1657.22,
NIFTY1DRATEINDEX,NIFTY 1D Rate Index,Strategy / Thematic / Other,2018-03-31,2018-03-28,1680.21,
NIFTY1DRATEINDEX,NIFTY 1D Rate Index,Strategy / Thematic / Other,2018-06-30,2018-06-29,1705.32,
NIFTY1DRATEINDEX,NIFTY 1D Rate Index,Strategy / Thematic / Other,2018-09-30,2018-09-28,1731.51,
NIFTY1DRATEINDEX,NIFTY 1D Rate Index,Strategy / Thematic / Other,2018-12-31,2018-12-31,1759.58,
NIFTY1DRATEINDEX,NIFTY 1D Rate Index,Strategy / Thematic / Other,2019-03-31,2019-03-29,1786.45,
NIFTY1DRATEINDEX,NIFTY 1D Rate Index,Strategy / Thematic / Other,2019-06-30,2019-06-28,1812.86,
NIFTY1DRATEINDEX,NIFTY 1D Rate Index,Strategy / Thematic / Other,2019-09-30,2019-09-30,1838.27,
NIFTY1DRATEINDEX,NIFTY 1D Rate Index,Strategy / Thematic / Other,2019-12-31,2019-12-31,1860.86,
NIFTY1DRATEINDEX,NIFTY 1D Rate Index,Strategy / Thematic / Other,2020-03-31,2020-03-31,1881.47,
NIFTY1DRATEINDEX,NIFTY 1D Rate Index,Strategy / Thematic / Other,2020-06-30,2020-06-30,1894.89,
NIFTY1DRATEINDEX,NIFTY 1D Rate Index,Strategy / Thematic / Other,2020-09-30,2020-09-30,1909.92,
NIFTY1DRATEINDEX,NIFTY 1D Rate Index,Strategy / Thematic / Other,2020-12-31,2020-12-31,1924.52,
NIFTY1DRATEINDEX,NIFTY 1D Rate Index,Strategy / Thematic / Other,2021-03-31,2021-03-31,1939.41,
NIFTY1DRATEINDEX,NIFTY 1D Rate Index,Strategy / Thematic / Other,2021-06-30,2021-06-30,1955.1,
NIFTY1DRATEINDEX,NIFTY 1D Rate Index,Strategy / Thematic / Other,2021-09-30,2021-09-30,1970.82,
NIFTY1DRATEINDEX,NIFTY 1D Rate Index,Strategy / Thematic / Other,2021-12-31,2021-12-31,1987.55,
NIFTY1DRATEINDEX,NIFTY 1D Rate Index,Strategy / Thematic / Other,2022-03-31,2022-03-31,2004.51,
NIFTY1DRATEINDEX,NIFTY 1D Rate Index,Strategy / Thematic / Other,2022-06-30,2022-06-30,2024.92,
NIFTY1DRATEINDEX,NIFTY 1D Rate Index,Strategy / Thematic / Other,2022-09-30,2022-09-30,2051.25,
NIFTY1DRATEINDEX,NIFTY 1D Rate Index,Strategy / Thematic / Other,2022-12-31,2022-12-30,2082.09,
NIFTY1DRATEINDEX,NIFTY 1D Rate Index,Strategy / Thematic / Other,2023-03-31,2023-03-31,2115.26,
NIFTY1DRATEINDEX,NIFTY 1D Rate Index,Strategy / Thematic / Other,2023-06-30,2023-06-30,2149.88,
NIFTY1DRATEINDEX,NIFTY 1D Rate Index,Strategy / Thematic / Other,2023-09-30,2023-09-29,2185.21,
NIFTY1DRATEINDEX,NIFTY 1D Rate Index,Strategy / Thematic / Other,2023-12-31,2023-12-29,2222.34,
NIFTY1DRATEINDEX,NIFTY 1D Rate Index,Strategy / Thematic / Other,2024-03-31,2024-03-28,2258.95,
NIFTY1DRATEINDEX,NIFTY 1D Rate Index,Strategy / Thematic / Other,2024-06-30,2024-06-28,2296.63,
NIFTY1DRATEINDEX,NIFTY 1D Rate Index,Strategy / Thematic / Other,2024-09-30,2024-09-30,2334.87,
NIFTY1DRATEINDEX,NIFTY 1D Rate Index,Strategy / Thematic / Other,2024-12-31,2024-12-31,2373.14,
NIFTY1DRATEINDEX,NIFTY 1D Rate Index,Strategy / Thematic / Other,2025-03-31,2025-03-28,2409.22,
NIFTY1DRATEINDEX,NIFTY 1D Rate Index,Strategy / Thematic / Other,2025-06-30,2025-06-30,2444.64,
NIFTY1DRATEINDEX,NIFTY 1D Rate Index,Strategy / Thematic / Other,2025-09-30,2025-09-30,2477.83,
NIFTY1DRATEINDEX,NIFTY 1D Rate Index,Strategy / Thematic / Other,2025-12-31,2025-12-31,2511.06,
NIFTY1DRATEINDEX,NIFTY 1D Rate Index,Strategy / Thematic / Other,2026-03-31,2026-03-30,2541.9,
NIFTY1DRATEINDEX,NIFTY 1D Rate Index,Strategy / Thematic / Other,2026-06-30,2026-06-30,2574.96,
NIFTY200,NIFTY 200,Broad Market,2015-12-31,2015-12-31,4201.8,22.61
NIFTY200,NIFTY 200,Broad Market,2016-03-31,2016-03-31,4051.45,21.57
NIFTY200,NIFTY 200,Broad Market,2016-06-30,2016-06-30,4358.75,24.21
NIFTY200,NIFTY 200,Broad Market,2016-09-30,2016-09-30,4608.35,25.53
NIFTY200,NIFTY 200,Broad Market,2016-12-31,2016-12-30,4357.3,23.28
NIFTY200,NIFTY 200,Broad Market,2017-03-31,2017-03-31,4955.8,25.17
NIFTY200,NIFTY 200,Broad Market,2017-06-30,2017-06-30,5148.5,25.98
NIFTY200,NIFTY 200,Broad Market,2017-09-30,2017-09-29,5312.7,28.03
NIFTY200,NIFTY 200,Broad Market,2017-12-31,2017-12-29,5814.1,30.54
NIFTY200,NIFTY 200,Broad Market,2018-03-31,2018-03-28,5499.35,27.82
NIFTY200,NIFTY 200,Broad Market,2018-06-30,2018-06-29,5713.2,28.84
NIFTY200,NIFTY 200,Broad Market,2018-09-30,2018-09-28,5735.05,28.96
NIFTY200,NIFTY 200,Broad Market,2018-12-31,2018-12-31,5755.35,28.78
NIFTY200,NIFTY 200,Broad Market,2019-03-31,2019-03-29,6079.95,30.81
NIFTY200,NIFTY 200,Broad Market,2019-06-30,2019-06-28,6099.45,30.49
NIFTY200,NIFTY 200,Broad Market,2019-09-30,2019-09-30,5914.85,27.11
NIFTY200,NIFTY 200,Broad Market,2019-12-31,2019-12-31,6254.95,29.95
NIFTY200,NIFTY 200,Broad Market,2020-03-31,2020-03-31,4433.85,20.87
NIFTY200,NIFTY 200,Broad Market,2020-06-30,2020-06-30,5350.4,29.05
NIFTY200,NIFTY 200,Broad Market,2020-09-30,2020-09-30,5848.9,39.7
NIFTY200,NIFTY 200,Broad Market,2020-12-31,2020-12-31,7231.8,43.26
NIFTY200,NIFTY 200,Broad Market,2021-03-31,2021-03-31,7671.6,35.13
NIFTY200,NIFTY 200,Broad Market,2021-06-30,2021-06-30,8325.55,29.46
NIFTY200,NIFTY 200,Broad Market,2021-09-30,2021-09-30,9318.55,27.61
NIFTY200,NIFTY 200,Broad Market,2021-12-31,2021-12-31,9218.35,24.63
NIFTY200,NIFTY 200,Broad Market,2022-03-31,2022-03-31,9207,23.18
NIFTY200,NIFTY 200,Broad Market,2022-06-30,2022-06-30,8290.8,19.67
NIFTY200,NIFTY 200,Broad Market,2022-09-30,2022-09-30,9147.45,21.52
NIFTY200,NIFTY 200,Broad Market,2022-12-31,2022-12-30,9554.45,22.88
NIFTY200,NIFTY 200,Broad Market,2023-03-31,2023-03-31,9007.9,21.26
NIFTY200,NIFTY 200,Broad Market,2023-06-30,2023-06-30,10104.35,23.46
NIFTY200,NIFTY 200,Broad Market,2023-09-30,2023-09-29,10510.25,23.03
NIFTY200,NIFTY 200,Broad Market,2023-12-31,2023-12-29,11798.7,23.89
NIFTY200,NIFTY 200,Broad Market,2024-03-31,2024-03-28,12329.75,24.25
NIFTY200,NIFTY 200,Broad Market,2024-06-30,2024-06-28,13579.25,25.37
NIFTY200,NIFTY 200,Broad Market,2024-09-30,2024-09-30,14610.8,26.87
NIFTY200,NIFTY 200,Broad Market,2024-12-31,2024-12-31,13406.95,24.35
NIFTY200,NIFTY 200,Broad Market,2025-03-31,2025-03-28,12982.75,22.64
NIFTY200,NIFTY 200,Broad Market,2025-06-30,2025-06-30,14252.65,24.15
NIFTY200,NIFTY 200,Broad Market,2025-09-30,2025-09-30,13739.95,22.96
NIFTY200,NIFTY 200,Broad Market,2025-12-31,2025-12-31,14533.5,23.77
NIFTY200,NIFTY 200,Broad Market,2026-03-31,2026-03-30,12492.1,20.73
NIFTY200,NIFTY 200,Broad Market,2026-06-30,2026-06-30,13803.4,21.59
NIFTY200ALPHA30,Nifty200 Alpha 30,Strategy / Thematic / Other,2022-09-30,2022-09-30,13075.75,43.93
NIFTY200ALPHA30,Nifty200 Alpha 30,Strategy / Thematic / Other,2022-12-31,2022-12-30,13357.03,18.4
NIFTY200ALPHA30,Nifty200 Alpha 30,Strategy / Thematic / Other,2023-03-31,2023-03-31,12671.72,13.96
NIFTY200ALPHA30,Nifty200 Alpha 30,Strategy / Thematic / Other,2023-06-30,2023-06-30,15489.39,15.01
NIFTY200ALPHA30,Nifty200 Alpha 30,Strategy / Thematic / Other,2023-09-30,2023-09-29,17532.28,17.63
NIFTY200ALPHA30,Nifty200 Alpha 30,Strategy / Thematic / Other,2023-12-31,2023-12-29,20858.57,36.69
NIFTY200ALPHA30,Nifty200 Alpha 30,Strategy / Thematic / Other,2024-03-31,2024-03-28,23238.6,21.8
NIFTY200ALPHA30,Nifty200 Alpha 30,Strategy / Thematic / Other,2024-06-30,2024-06-28,27316.75,24.9
NIFTY200ALPHA30,Nifty200 Alpha 30,Strategy / Thematic / Other,2024-09-30,2024-09-30,28784.65,25.93
NIFTY200ALPHA30,Nifty200 Alpha 30,Strategy / Thematic / Other,2024-12-31,2024-12-31,26392.2,36.57
NIFTY200ALPHA30,Nifty200 Alpha 30,Strategy / Thematic / Other,2025-03-31,2025-03-28,22367.15,36.57
NIFTY200ALPHA30,Nifty200 Alpha 30,Strategy / Thematic / Other,2025-06-30,2025-06-30,25918.55,62.45
NIFTY200ALPHA30,Nifty200 Alpha 30,Strategy / Thematic / Other,2025-09-30,2025-09-30,24068,42.73
NIFTY200ALPHA30,Nifty200 Alpha 30,Strategy / Thematic / Other,2025-12-31,2025-12-31,24985.65,29.22
NIFTY200ALPHA30,Nifty200 Alpha 30,Strategy / Thematic / Other,2026-03-31,2026-03-30,22065.75,20.72
NIFTY200ALPHA30,Nifty200 Alpha 30,Strategy / Thematic / Other,2026-06-30,2026-06-30,26253.8,22.07
NIFTY200MOMENTUM30,Nifty200 Momentum 30,Strategy / Thematic / Other,2020-09-30,2020-09-30,12090.36,70.95
NIFTY200MOMENTUM30,Nifty200 Momentum 30,Strategy / Thematic / Other,2020-12-31,2020-12-31,13654.7,64.79
NIFTY200MOMENTUM30,Nifty200 Momentum 30,Strategy / Thematic / Other,2021-03-31,2021-03-31,14935.1,40.95
NIFTY200MOMENTUM30,Nifty200 Momentum 30,Strategy / Thematic / Other,2021-06-30,2021-06-30,17842.65,25.89
NIFTY200MOMENTUM30,Nifty200 Momentum 30,Strategy / Thematic / Other,2021-09-30,2021-09-30,19793.4,18.36
NIFTY200MOMENTUM30,Nifty200 Momentum 30,Strategy / Thematic / Other,2021-12-31,2021-12-31,20774.7,38.56
NIFTY200MOMENTUM30,Nifty200 Momentum 30,Strategy / Thematic / Other,2022-03-31,2022-03-31,20314.7,35.01
NIFTY200MOMENTUM30,Nifty200 Momentum 30,Strategy / Thematic / Other,2022-06-30,2022-06-30,16361.5,19.2
NIFTY200MOMENTUM30,Nifty200 Momentum 30,Strategy / Thematic / Other,2022-09-30,2022-09-30,19130.55,20.05
NIFTY200MOMENTUM30,Nifty200 Momentum 30,Strategy / Thematic / Other,2022-12-31,2022-12-30,19444.95,18.91
NIFTY200MOMENTUM30,Nifty200 Momentum 30,Strategy / Thematic / Other,2023-03-31,2023-03-31,18257.05,16.12
NIFTY200MOMENTUM30,Nifty200 Momentum 30,Strategy / Thematic / Other,2023-06-30,2023-06-30,21312.9,18.7
NIFTY200MOMENTUM30,Nifty200 Momentum 30,Strategy / Thematic / Other,2023-09-30,2023-09-29,23231.25,18.38
NIFTY200MOMENTUM30,Nifty200 Momentum 30,Strategy / Thematic / Other,2023-12-31,2023-12-29,27352.7,20.81
NIFTY200MOMENTUM30,Nifty200 Momentum 30,Strategy / Thematic / Other,2024-03-31,2024-03-28,30781.15,21.45
NIFTY200MOMENTUM30,Nifty200 Momentum 30,Strategy / Thematic / Other,2024-06-30,2024-06-28,35298.95,24.36
NIFTY200MOMENTUM30,Nifty200 Momentum 30,Strategy / Thematic / Other,2024-09-30,2024-09-30,37588.9,24.29
NIFTY200MOMENTUM30,Nifty200 Momentum 30,Strategy / Thematic / Other,2024-12-31,2024-12-31,32825,48.99
NIFTY200MOMENTUM30,Nifty200 Momentum 30,Strategy / Thematic / Other,2025-03-31,2025-03-28,28166.9,38.84
NIFTY200MOMENTUM30,Nifty200 Momentum 30,Strategy / Thematic / Other,2025-06-30,2025-06-30,31901.15,42.05
NIFTY200MOMENTUM30,Nifty200 Momentum 30,Strategy / Thematic / Other,2025-09-30,2025-09-30,29844.65,37.98
NIFTY200MOMENTUM30,Nifty200 Momentum 30,Strategy / Thematic / Other,2025-12-31,2025-12-31,31147.55,26.59
NIFTY200MOMENTUM30,Nifty200 Momentum 30,Strategy / Thematic / Other,2026-03-31,2026-03-30,27071.65,23.21
NIFTY200MOMENTUM30,Nifty200 Momentum 30,Strategy / Thematic / Other,2026-06-30,2026-06-30,30912.9,26.62
NIFTY200QUALITY30,Nifty200 Quality 30,Strategy / Thematic / Other,2018-06-30,2018-06-29,9337.64,29.27
NIFTY200QUALITY30,Nifty200 Quality 30,Strategy / Thematic / Other,2018-09-30,2018-09-28,9418.17,31.21
NIFTY200QUALITY30,Nifty200 Quality 30,Strategy / Thematic / Other,2018-12-31,2018-12-31,9482.63,30.8
NIFTY200QUALITY30,Nifty200 Quality 30,Strategy / Thematic / Other,2019-03-31,2019-03-29,9684.7,29.38
NIFTY200QUALITY30,Nifty200 Quality 30,Strategy / Thematic / Other,2019-06-30,2019-06-28,9496.25,24.96
NIFTY200QUALITY30,Nifty200 Quality 30,Strategy / Thematic / Other,2019-09-30,2019-09-30,9739.35,25.39
NIFTY200QUALITY30,Nifty200 Quality 30,Strategy / Thematic / Other,2019-12-31,2019-12-31,9853.35,26.19
NIFTY200QUALITY30,Nifty200 Quality 30,Strategy / Thematic / Other,2020-03-31,2020-03-31,8042.1,22.62
NIFTY200QUALITY30,Nifty200 Quality 30,Strategy / Thematic / Other,2020-06-30,2020-06-30,9253.45,23.19
NIFTY200QUALITY30,Nifty200 Quality 30,Strategy / Thematic / Other,2020-09-30,2020-09-30,10392.6,28.79
NIFTY200QUALITY30,Nifty200 Quality 30,Strategy / Thematic / Other,2020-12-31,2020-12-31,12253.6,34.61
NIFTY200QUALITY30,Nifty200 Quality 30,Strategy / Thematic / Other,2021-03-31,2021-03-31,12425.85,31.88
NIFTY200QUALITY30,Nifty200 Quality 30,Strategy / Thematic / Other,2021-06-30,2021-06-30,13433.05,31.16
NIFTY200QUALITY30,Nifty200 Quality 30,Strategy / Thematic / Other,2021-09-30,2021-09-30,15076.2,32.31
NIFTY200QUALITY30,Nifty200 Quality 30,Strategy / Thematic / Other,2021-12-31,2021-12-31,15166,31.73
NIFTY200QUALITY30,Nifty200 Quality 30,Strategy / Thematic / Other,2022-03-31,2022-03-31,14361.55,29.69
NIFTY200QUALITY30,Nifty200 Quality 30,Strategy / Thematic / Other,2022-06-30,2022-06-30,13077.95,27.04
NIFTY200QUALITY30,Nifty200 Quality 30,Strategy / Thematic / Other,2022-09-30,2022-09-30,14337.4,26.56
NIFTY200QUALITY30,Nifty200 Quality 30,Strategy / Thematic / Other,2022-12-31,2022-12-30,14208.25,25.73
NIFTY200QUALITY30,Nifty200 Quality 30,Strategy / Thematic / Other,2023-03-31,2023-03-31,14014.15,24.3
NIFTY200QUALITY30,Nifty200 Quality 30,Strategy / Thematic / Other,2023-06-30,2023-06-30,15648.8,26.69
NIFTY200QUALITY30,Nifty200 Quality 30,Strategy / Thematic / Other,2023-09-30,2023-09-29,16391.8,27.54
NIFTY200QUALITY30,Nifty200 Quality 30,Strategy / Thematic / Other,2023-12-31,2023-12-29,18453.1,32.97
NIFTY200QUALITY30,Nifty200 Quality 30,Strategy / Thematic / Other,2024-03-31,2024-03-28,18598.05,32.57
NIFTY200QUALITY30,Nifty200 Quality 30,Strategy / Thematic / Other,2024-06-30,2024-06-28,20682.5,35.08
NIFTY200QUALITY30,Nifty200 Quality 30,Strategy / Thematic / Other,2024-09-30,2024-09-30,23336.15,38.05
NIFTY200QUALITY30,Nifty200 Quality 30,Strategy / Thematic / Other,2024-12-31,2024-12-31,20799.2,30.56
NIFTY200QUALITY30,Nifty200 Quality 30,Strategy / Thematic / Other,2025-03-31,2025-03-28,19187.1,27.95
NIFTY200QUALITY30,Nifty200 Quality 30,Strategy / Thematic / Other,2025-06-30,2025-06-30,21025.4,29.56
NIFTY200QUALITY30,Nifty200 Quality 30,Strategy / Thematic / Other,2025-09-30,2025-09-30,20338.8,27.94
NIFTY200QUALITY30,Nifty200 Quality 30,Strategy / Thematic / Other,2025-12-31,2025-12-31,21410.85,33.02
NIFTY200QUALITY30,Nifty200 Quality 30,Strategy / Thematic / Other,2026-03-31,2026-03-30,18207,27.93
NIFTY200QUALITY30,Nifty200 Quality 30,Strategy / Thematic / Other,2026-06-30,2026-06-30,19561.4,27.55
NIFTY200VALUE30,Nifty200 Value 30,Strategy / Thematic / Other,2024-06-30,2024-06-28,13443.75,11.15
NIFTY200VALUE30,Nifty200 Value 30,Strategy / Thematic / Other,2024-09-30,2024-09-30,14421.6,12.86
NIFTY200VALUE30,Nifty200 Value 30,Strategy / Thematic / Other,2024-12-31,2024-12-31,12416.15,10.11
NIFTY200VALUE30,Nifty200 Value 30,Strategy / Thematic / Other,2025-03-31,2025-03-28,12398.7,9.7
NIFTY200VALUE30,Nifty200 Value 30,Strategy / Thematic / Other,2025-06-30,2025-06-30,13310.75,9.93
NIFTY200VALUE30,Nifty200 Value 30,Strategy / Thematic / Other,2025-09-30,2025-09-30,13283.9,9.54
NIFTY200VALUE30,Nifty200 Value 30,Strategy / Thematic / Other,2025-12-31,2025-12-31,14708.9,9.63
NIFTY200VALUE30,Nifty200 Value 30,Strategy / Thematic / Other,2026-03-31,2026-03-30,14041.3,9.13
NIFTY200VALUE30,Nifty200 Value 30,Strategy / Thematic / Other,2026-06-30,2026-06-30,15117.25,8.71
NIFTY50,NIFTY 50,Broad Market,2015-12-31,2015-12-31,7946.35,21.49
NIFTY50,NIFTY 50,Broad Market,2016-03-31,2016-03-31,7738.4,20.89
NIFTY50,NIFTY 50,Broad Market,2016-06-30,2016-06-30,8287.75,22.75
NIFTY50,NIFTY 50,Broad Market,2016-09-30,2016-09-30,8611.15,23.4
NIFTY50,NIFTY 50,Broad Market,2016-12-31,2016-12-30,8185.8,21.93
NIFTY50,NIFTY 50,Broad Market,2017-03-31,2017-03-31,9173.75,23.26
NIFTY50,NIFTY 50,Broad Market,2017-06-30,2017-06-30,9520.9,24.23
NIFTY50,NIFTY 50,Broad Market,2017-09-30,2017-09-29,9788.6,25.43
NIFTY50,NIFTY 50,Broad Market,2017-12-31,2017-12-29,10530.7,26.92
NIFTY50,NIFTY 50,Broad Market,2018-03-31,2018-03-28,10113.7,24.66
NIFTY50,NIFTY 50,Broad Market,2018-06-30,2018-06-29,10714.3,25.9
NIFTY50,NIFTY 50,Broad Market,2018-09-30,2018-09-28,10930.45,26.44
NIFTY50,NIFTY 50,Broad Market,2018-12-31,2018-12-31,10862.55,26.17
NIFTY50,NIFTY 50,Broad Market,2019-03-31,2019-03-29,11623.9,29.01
NIFTY50,NIFTY 50,Broad Market,2019-06-30,2019-06-28,11788.85,28.98
NIFTY50,NIFTY 50,Broad Market,2019-09-30,2019-09-30,11474.45,26.44
NIFTY50,NIFTY 50,Broad Market,2019-12-31,2019-12-31,12168.45,28.3
NIFTY50,NIFTY 50,Broad Market,2020-03-31,2020-03-31,8597.75,19.38
NIFTY50,NIFTY 50,Broad Market,2020-06-30,2020-06-30,10302.1,26.32
NIFTY50,NIFTY 50,Broad Market,2020-09-30,2020-09-30,11247.55,32.69
NIFTY50,NIFTY 50,Broad Market,2020-12-31,2020-12-31,13981.75,38.45
NIFTY50,NIFTY 50,Broad Market,2021-03-31,2021-03-31,14690.7,33.2
NIFTY50,NIFTY 50,Broad Market,2021-06-30,2021-06-30,15721.5,28.33
NIFTY50,NIFTY 50,Broad Market,2021-09-30,2021-09-30,17618.15,26.98
NIFTY50,NIFTY 50,Broad Market,2021-12-31,2021-12-31,17354.05,24.11
NIFTY50,NIFTY 50,Broad Market,2022-03-31,2022-03-31,17464.75,22.92
NIFTY50,NIFTY 50,Broad Market,2022-06-30,2022-06-30,15780.25,19.5
NIFTY50,NIFTY 50,Broad Market,2022-09-30,2022-09-30,17094.35,20.64
NIFTY50,NIFTY 50,Broad Market,2022-12-31,2022-12-30,18105.3,21.79
NIFTY50,NIFTY 50,Broad Market,2023-03-31,2023-03-31,17359.75,20.44
NIFTY50,NIFTY 50,Broad Market,2023-06-30,2023-06-30,19189.05,22.36
NIFTY50,NIFTY 50,Broad Market,2023-09-30,2023-09-29,19638.3,22.21
NIFTY50,NIFTY 50,Broad Market,2023-12-31,2023-12-29,21731.4,23.17
NIFTY50,NIFTY 50,Broad Market,2024-03-31,2024-03-28,22326.9,22.88
NIFTY50,NIFTY 50,Broad Market,2024-06-30,2024-06-28,24010.6,22.85
NIFTY50,NIFTY 50,Broad Market,2024-09-30,2024-09-30,25810.85,24.26
NIFTY50,NIFTY 50,Broad Market,2024-12-31,2024-12-31,23644.8,21.79
NIFTY50,NIFTY 50,Broad Market,2025-03-31,2025-03-28,23519.35,21.37
NIFTY50,NIFTY 50,Broad Market,2025-06-30,2025-06-30,25517.05,22.97
NIFTY50,NIFTY 50,Broad Market,2025-09-30,2025-09-30,24611.1,21.76
NIFTY50,NIFTY 50,Broad Market,2025-12-31,2025-12-31,26129.6,22.75
NIFTY50,NIFTY 50,Broad Market,2026-03-31,2026-03-30,22331.4,19.62
NIFTY50,NIFTY 50,Broad Market,2026-06-30,2026-06-30,23865.75,20.58
NIFTY500,NIFTY 500,Broad Market,2015-12-31,2015-12-31,6724.75,23.6
NIFTY500,NIFTY 500,Broad Market,2016-03-31,2016-03-31,6452.15,22.81
NIFTY500,NIFTY 500,Broad Market,2016-06-30,2016-06-30,6980.8,25.89
NIFTY500,NIFTY 500,Broad Market,2016-09-30,2016-09-30,7394.85,27.49
NIFTY500,NIFTY 500,Broad Market,2016-12-31,2016-12-30,6982.8,25.3
NIFTY500,NIFTY 500,Broad Market,2017-03-31,2017-03-31,7995.05,26.82
NIFTY500,NIFTY 500,Broad Market,2017-06-30,2017-06-30,8331.6,27.72
NIFTY500,NIFTY 500,Broad Market,2017-09-30,2017-09-29,8600,29.58
NIFTY500,NIFTY 500,Broad Market,2017-12-31,2017-12-29,9490.65,32.55
NIFTY500,NIFTY 500,Broad Market,2018-03-31,2018-03-28,8912.1,29.65
NIFTY500,NIFTY 500,Broad Market,2018-06-30,2018-06-29,9162.45,30.47
NIFTY500,NIFTY 500,Broad Market,2018-09-30,2018-09-28,9116,30.21
NIFTY500,NIFTY 500,Broad Market,2018-12-31,2018-12-31,9170,29.61
NIFTY500,NIFTY 500,Broad Market,2019-03-31,2019-03-29,9663.7,31.22
NIFTY500,NIFTY 500,Broad Market,2019-06-30,2019-06-28,9657.95,30.96
NIFTY500,NIFTY 500,Broad Market,2019-09-30,2019-09-30,9340.9,28.22
NIFTY500,NIFTY 500,Broad Market,2019-12-31,2019-12-31,9872.55,30.84
NIFTY500,NIFTY 500,Broad Market,2020-03-31,2020-03-31,6996.75,21.8
NIFTY500,NIFTY 500,Broad Market,2020-06-30,2020-06-30,8474.8,29.35
NIFTY500,NIFTY 500,Broad Market,2020-09-30,2020-09-30,9341.75,40.63
NIFTY500,NIFTY 500,Broad Market,2020-12-31,2020-12-31,11518.3,43.39
NIFTY500,NIFTY 500,Broad Market,2021-03-31,2021-03-31,12313.7,35.89
NIFTY500,NIFTY 500,Broad Market,2021-06-30,2021-06-30,13473.55,30.2
NIFTY500,NIFTY 500,Broad Market,2021-09-30,2021-09-30,15052.65,28.02
NIFTY500,NIFTY 500,Broad Market,2021-12-31,2021-12-31,14996.2,25.44
NIFTY500,NIFTY 500,Broad Market,2022-03-31,2022-03-31,14894.5,23.67
NIFTY500,NIFTY 500,Broad Market,2022-06-30,2022-06-30,13387.55,20.05
NIFTY500,NIFTY 500,Broad Market,2022-09-30,2022-09-30,14829.35,21.65
NIFTY500,NIFTY 500,Broad Market,2022-12-31,2022-12-30,15448.85,22.85
NIFTY500,NIFTY 500,Broad Market,2023-03-31,2023-03-31,14557.85,21.14
NIFTY500,NIFTY 500,Broad Market,2023-06-30,2023-06-30,16430,23.51
NIFTY500,NIFTY 500,Broad Market,2023-09-30,2023-09-29,17292.6,23.45
NIFTY500,NIFTY 500,Broad Market,2023-12-31,2023-12-29,19429.15,24.48
NIFTY500,NIFTY 500,Broad Market,2024-03-31,2024-03-28,20255.15,24.74
NIFTY500,NIFTY 500,Broad Market,2024-06-30,2024-06-28,22559.7,26.23
NIFTY500,NIFTY 500,Broad Market,2024-09-30,2024-09-30,24245.2,27.87
NIFTY500,NIFTY 500,Broad Market,2024-12-31,2024-12-31,22375.4,25.56
NIFTY500,NIFTY 500,Broad Market,2025-03-31,2025-03-28,21339.55,23.54
NIFTY500,NIFTY 500,Broad Market,2025-06-30,2025-06-30,23617.2,25.34
NIFTY500,NIFTY 500,Broad Market,2025-09-30,2025-09-30,22734.1,23.8
NIFTY500,NIFTY 500,Broad Market,2025-12-31,2025-12-31,23871.55,24.45
NIFTY500,NIFTY 500,Broad Market,2026-03-31,2026-03-30,20528.05,21.24
NIFTY500,NIFTY 500,Broad Market,2026-06-30,2026-06-30,22995.65,22.72
NIFTY500EQUALWEIGHT,Nifty500 Equal Weight,Strategy / Thematic / Other,2024-06-30,2024-06-28,14179.14,32.13
NIFTY500EQUALWEIGHT,Nifty500 Equal Weight,Strategy / Thematic / Other,2024-09-30,2024-09-30,15253.21,33.51
NIFTY500EQUALWEIGHT,Nifty500 Equal Weight,Strategy / Thematic / Other,2024-12-31,2024-12-31,14214.55,31.7
NIFTY500EQUALWEIGHT,Nifty500 Equal Weight,Strategy / Thematic / Other,2025-03-31,2025-03-28,12677.1,28.71
NIFTY500EQUALWEIGHT,Nifty500 Equal Weight,Strategy / Thematic / Other,2025-06-30,2025-06-30,14647.95,31.57
NIFTY500EQUALWEIGHT,Nifty500 Equal Weight,Strategy / Thematic / Other,2025-09-30,2025-09-30,14097.7,28.44
NIFTY500EQUALWEIGHT,Nifty500 Equal Weight,Strategy / Thematic / Other,2025-12-31,2025-12-31,14264.4,27.59
NIFTY500EQUALWEIGHT,Nifty500 Equal Weight,Strategy / Thematic / Other,2026-03-31,2026-03-30,12226.1,25.45
NIFTY500EQUALWEIGHT,Nifty500 Equal Weight,Strategy / Thematic / Other,2026-06-30,2026-06-30,14688.35,28.1
NIFTY500FLEXICAPQUALITY30,Nifty500 Flexicap Quality 30,Strategy / Thematic / Other,2025-06-30,2025-06-30,10898.07,31.87
NIFTY500FLEXICAPQUALITY30,Nifty500 Flexicap Quality 30,Strategy / Thematic / Other,2025-09-30,2025-09-30,10189.27,29.28
NIFTY500FLEXICAPQUALITY30,Nifty500 Flexicap Quality 30,Strategy / Thematic / Other,2025-12-31,2025-12-31,10614.35,33.07
NIFTY500FLEXICAPQUALITY30,Nifty500 Flexicap Quality 30,Strategy / Thematic / Other,2026-03-31,2026-03-30,8924.15,26.83
NIFTY500FLEXICAPQUALITY30,Nifty500 Flexicap Quality 30,Strategy / Thematic / Other,2026-06-30,2026-06-30,9521.35,32.43
NIFTY500HEALTHCARE,Nifty500 Healthcare,Sectoral,2025-09-30,2025-09-30,18418.11,39.26
NIFTY500HEALTHCARE,Nifty500 Healthcare,Sectoral,2025-12-31,2025-12-31,18742.75,38.23
NIFTY500HEALTHCARE,Nifty500 Healthcare,Sectoral,2026-03-31,2026-03-30,17882.2,37.1
NIFTY500HEALTHCARE,Nifty500 Healthcare,Sectoral,2026-06-30,2026-06-30,20941.4,44.1
NIFTY500LARGEMIDSMALLEQUALCAPWEIGHTED,Nifty500 Largemidsmall Equal-Cap Weighted,Broad Market,2024-06-30,2024-06-28,17406.94,30.42
NIFTY500LARGEMIDSMALLEQUALCAPWEIGHTED,Nifty500 Largemidsmall Equal-Cap Weighted,Broad Market,2024-09-30,2024-09-30,18698.79,32.65
NIFTY500LARGEMIDSMALLEQUALCAPWEIGHTED,Nifty500 Largemidsmall Equal-Cap Weighted,Broad Market,2024-12-31,2024-12-31,17592.35,30.96
NIFTY500LARGEMIDSMALLEQUALCAPWEIGHTED,Nifty500 Largemidsmall Equal-Cap Weighted,Broad Market,2025-03-31,2025-03-28,16047.25,27.18
NIFTY500LARGEMIDSMALLEQUALCAPWEIGHTED,Nifty500 Largemidsmall Equal-Cap Weighted,Broad Market,2025-06-30,2025-06-30,18264.7,29.51
NIFTY500LARGEMIDSMALLEQUALCAPWEIGHTED,Nifty500 Largemidsmall Equal-Cap Weighted,Broad Market,2025-09-30,2025-09-30,17426.15,27.21
NIFTY500LARGEMIDSMALLEQUALCAPWEIGHTED,Nifty500 Largemidsmall Equal-Cap Weighted,Broad Market,2025-12-31,2025-12-31,18087.1,27.6
NIFTY500LARGEMIDSMALLEQUALCAPWEIGHTED,Nifty500 Largemidsmall Equal-Cap Weighted,Broad Market,2026-03-31,2026-03-30,15589.65,24.28
NIFTY500LARGEMIDSMALLEQUALCAPWEIGHTED,Nifty500 Largemidsmall Equal-Cap Weighted,Broad Market,2026-06-30,2026-06-30,18191.6,26.81
NIFTY500LOWVOLATILITY50,Nifty500 Low Volatility 50,Strategy / Thematic / Other,2024-12-31,2024-12-31,20017.37,27.21
NIFTY500LOWVOLATILITY50,Nifty500 Low Volatility 50,Strategy / Thematic / Other,2025-03-31,2025-03-28,20057.9,26.48
NIFTY500LOWVOLATILITY50,Nifty500 Low Volatility 50,Strategy / Thematic / Other,2025-06-30,2025-06-30,21953.4,30.05
NIFTY500LOWVOLATILITY50,Nifty500 Low Volatility 50,Strategy / Thematic / Other,2025-09-30,2025-09-30,22000.6,29.84
NIFTY500LOWVOLATILITY50,Nifty500 Low Volatility 50,Strategy / Thematic / Other,2025-12-31,2025-12-31,23057.8,25.07
NIFTY500LOWVOLATILITY50,Nifty500 Low Volatility 50,Strategy / Thematic / Other,2026-03-31,2026-03-30,20579.9,22.02
NIFTY500LOWVOLATILITY50,Nifty500 Low Volatility 50,Strategy / Thematic / Other,2026-06-30,2026-06-30,21716.75,22.35
NIFTY500MOMENTUM50,Nifty500 Momentum 50,Strategy / Thematic / Other,2024-06-30,2024-06-28,60871.18,30.68
NIFTY500MOMENTUM50,Nifty500 Momentum 50,Strategy / Thematic / Other,2024-09-30,2024-09-30,63905.8,31.09
NIFTY500MOMENTUM50,Nifty500 Momentum 50,Strategy / Thematic / Other,2024-12-31,2024-12-31,57213.25,60.12
NIFTY500MOMENTUM50,Nifty500 Momentum 50,Strategy / Thematic / Other,2025-03-31,2025-03-28,47724.3,45.93
NIFTY500MOMENTUM50,Nifty500 Momentum 50,Strategy / Thematic / Other,2025-06-30,2025-06-30,55332.85,44.52
NIFTY500MOMENTUM50,Nifty500 Momentum 50,Strategy / Thematic / Other,2025-09-30,2025-09-30,50575.35,39.47
NIFTY500MOMENTUM50,Nifty500 Momentum 50,Strategy / Thematic / Other,2025-12-31,2025-12-31,52707.65,30.02
NIFTY500MOMENTUM50,Nifty500 Momentum 50,Strategy / Thematic / Other,2026-03-31,2026-03-30,45987.05,26.04
NIFTY500MOMENTUM50,Nifty500 Momentum 50,Strategy / Thematic / Other,2026-06-30,2026-06-30,53937.65,33.8
NIFTY500MULTICAP502525,Nifty500 Multicap 50:25:25,Broad Market,2020-12-31,2020-12-31,7104.65,48.38
NIFTY500MULTICAP502525,Nifty500 Multicap 50:25:25,Broad Market,2021-03-31,2021-03-31,7797.6,37.98
NIFTY500MULTICAP502525,Nifty500 Multicap 50:25:25,Broad Market,2021-06-30,2021-06-30,8771.93,32.03
NIFTY500MULTICAP502525,Nifty500 Multicap 50:25:25,Broad Market,2021-09-30,2021-09-30,9786.7,28.88
NIFTY500MULTICAP502525,Nifty500 Multicap 50:25:25,Broad Market,2021-12-31,2021-12-31,9891.1,27.12
NIFTY500MULTICAP502525,Nifty500 Multicap 50:25:25,Broad Market,2022-03-31,2022-03-31,9712.95,24.29
NIFTY500MULTICAP502525,Nifty500 Multicap 50:25:25,Broad Market,2022-06-30,2022-06-30,8654.6,20.33
NIFTY500MULTICAP502525,Nifty500 Multicap 50:25:25,Broad Market,2022-09-30,2022-09-30,9707.85,21.4
NIFTY500MULTICAP502525,Nifty500 Multicap 50:25:25,Broad Market,2022-12-31,2022-12-30,10058.75,22.37
NIFTY500MULTICAP502525,Nifty500 Multicap 50:25:25,Broad Market,2023-03-31,2023-03-31,9466.8,20.43
NIFTY500MULTICAP502525,Nifty500 Multicap 50:25:25,Broad Market,2023-06-30,2023-06-30,10895,23.29
NIFTY500MULTICAP502525,Nifty500 Multicap 50:25:25,Broad Market,2023-09-30,2023-09-29,11821.05,24.07
NIFTY500MULTICAP502525,Nifty500 Multicap 50:25:25,Broad Market,2023-12-31,2023-12-29,13342.2,25.24
NIFTY500MULTICAP502525,Nifty500 Multicap 50:25:25,Broad Market,2024-03-31,2024-03-28,13850.1,26.05
NIFTY500MULTICAP502525,Nifty500 Multicap 50:25:25,Broad Market,2024-06-30,2024-06-28,15748.25,28.37
NIFTY500MULTICAP502525,Nifty500 Multicap 50:25:25,Broad Market,2024-09-30,2024-09-30,16921.75,30.29
NIFTY500MULTICAP502525,Nifty500 Multicap 50:25:25,Broad Market,2024-12-31,2024-12-31,15793.6,28.23
NIFTY500MULTICAP502525,Nifty500 Multicap 50:25:25,Broad Market,2025-03-31,2025-03-28,14681,25.46
NIFTY500MULTICAP502525,Nifty500 Multicap 50:25:25,Broad Market,2025-06-30,2025-06-30,16519.4,27.5
NIFTY500MULTICAP502525,Nifty500 Multicap 50:25:25,Broad Market,2025-09-30,2025-09-30,15817,25.54
NIFTY500MULTICAP502525,Nifty500 Multicap 50:25:25,Broad Market,2025-12-31,2025-12-31,16485.1,26.05
NIFTY500MULTICAP502525,Nifty500 Multicap 50:25:25,Broad Market,2026-03-31,2026-03-30,14189.1,22.75
NIFTY500MULTICAP502525,Nifty500 Multicap 50:25:25,Broad Market,2026-06-30,2026-06-30,16280.55,24.79
NIFTY500MULTICAPINDIAMANUFACTURING503020,Nifty500 Multicap India Manufacturing 50:30:20,Strategy / Thematic / Other,2024-03-31,2024-03-28,12661.32,29.01
NIFTY500MULTICAPINDIAMANUFACTURING503020,Nifty500 Multicap India Manufacturing 50:30:20,Strategy / Thematic / Other,2024-06-30,2024-06-28,15014.1,33
NIFTY500MULTICAPINDIAMANUFACTURING503020,Nifty500 Multicap India Manufacturing 50:30:20,Strategy / Thematic / Other,2024-09-30,2024-09-30,16079.65,35.11
NIFTY500MULTICAPINDIAMANUFACTURING503020,Nifty500 Multicap India Manufacturing 50:30:20,Strategy / Thematic / Other,2024-12-31,2024-12-31,14727.7,30.93
NIFTY500MULTICAPINDIAMANUFACTURING503020,Nifty500 Multicap India Manufacturing 50:30:20,Strategy / Thematic / Other,2025-03-31,2025-03-28,13844.65,28.25
NIFTY500MULTICAPINDIAMANUFACTURING503020,Nifty500 Multicap India Manufacturing 50:30:20,Strategy / Thematic / Other,2025-06-30,2025-06-30,15280.6,29.96
NIFTY500MULTICAPINDIAMANUFACTURING503020,Nifty500 Multicap India Manufacturing 50:30:20,Strategy / Thematic / Other,2025-09-30,2025-09-30,15360.6,29.89
NIFTY500MULTICAPINDIAMANUFACTURING503020,Nifty500 Multicap India Manufacturing 50:30:20,Strategy / Thematic / Other,2025-12-31,2025-12-31,15975.05,29.65
NIFTY500MULTICAPINDIAMANUFACTURING503020,Nifty500 Multicap India Manufacturing 50:30:20,Strategy / Thematic / Other,2026-03-31,2026-03-30,14359.1,27.01
NIFTY500MULTICAPINDIAMANUFACTURING503020,Nifty500 Multicap India Manufacturing 50:30:20,Strategy / Thematic / Other,2026-06-30,2026-06-30,16212.35,28.87
NIFTY500MULTICAPINFRASTRUCTURE503020,Nifty500 Multicap Infrastructure 50:30:20,Strategy / Thematic / Other,2024-03-31,2024-03-28,12656.18,24.3
NIFTY500MULTICAPINFRASTRUCTURE503020,Nifty500 Multicap Infrastructure 50:30:20,Strategy / Thematic / Other,2024-06-30,2024-06-28,14487.05,28.5
NIFTY500MULTICAPINFRASTRUCTURE503020,Nifty500 Multicap Infrastructure 50:30:20,Strategy / Thematic / Other,2024-09-30,2024-09-30,15039.95,31.93
NIFTY500MULTICAPINFRASTRUCTURE503020,Nifty500 Multicap Infrastructure 50:30:20,Strategy / Thematic / Other,2024-12-31,2024-12-31,13677.6,31.02
NIFTY500MULTICAPINFRASTRUCTURE503020,Nifty500 Multicap Infrastructure 50:30:20,Strategy / Thematic / Other,2025-03-31,2025-03-28,12924.5,27.27
NIFTY500MULTICAPINFRASTRUCTURE503020,Nifty500 Multicap Infrastructure 50:30:20,Strategy / Thematic / Other,2025-06-30,2025-06-30,14510.25,28.27
NIFTY500MULTICAPINFRASTRUCTURE503020,Nifty500 Multicap Infrastructure 50:30:20,Strategy / Thematic / Other,2025-09-30,2025-09-30,13805.15,26.34
NIFTY500MULTICAPINFRASTRUCTURE503020,Nifty500 Multicap Infrastructure 50:30:20,Strategy / Thematic / Other,2025-12-31,2025-12-31,14471.25,26.58
NIFTY500MULTICAPINFRASTRUCTURE503020,Nifty500 Multicap Infrastructure 50:30:20,Strategy / Thematic / Other,2026-03-31,2026-03-30,12696.1,23.77
NIFTY500MULTICAPINFRASTRUCTURE503020,Nifty500 Multicap Infrastructure 50:30:20,Strategy / Thematic / Other,2026-06-30,2026-06-30,14645.55,23.3
NIFTY500MULTICAPMOMENTUMQUALITY50,Nifty500 Multicap Momentum Quality 50,Strategy / Thematic / Other,2024-09-30,2024-09-30,48866.13,23.69
NIFTY500MULTICAPMOMENTUMQUALITY50,Nifty500 Multicap Momentum Quality 50,Strategy / Thematic / Other,2024-12-31,2024-12-31,45089.85,48.57
NIFTY500MULTICAPMOMENTUMQUALITY50,Nifty500 Multicap Momentum Quality 50,Strategy / Thematic / Other,2025-03-31,2025-03-28,38217.3,41.63
NIFTY500MULTICAPMOMENTUMQUALITY50,Nifty500 Multicap Momentum Quality 50,Strategy / Thematic / Other,2025-06-30,2025-06-30,43992.25,43.63
NIFTY500MULTICAPMOMENTUMQUALITY50,Nifty500 Multicap Momentum Quality 50,Strategy / Thematic / Other,2025-09-30,2025-09-30,40444.75,37.97
NIFTY500MULTICAPMOMENTUMQUALITY50,Nifty500 Multicap Momentum Quality 50,Strategy / Thematic / Other,2025-12-31,2025-12-31,41157.25,34.71
NIFTY500MULTICAPMOMENTUMQUALITY50,Nifty500 Multicap Momentum Quality 50,Strategy / Thematic / Other,2026-03-31,2026-03-30,36407.1,29.29
NIFTY500MULTICAPMOMENTUMQUALITY50,Nifty500 Multicap Momentum Quality 50,Strategy / Thematic / Other,2026-06-30,2026-06-30,41474.55,31.42
NIFTY500MULTIFACTORMQVLV50,Nifty500 Multifactor Mqvlv 50,Strategy / Thematic / Other,2025-03-31,2025-03-28,28559.2,18.22
NIFTY500MULTIFACTORMQVLV50,Nifty500 Multifactor Mqvlv 50,Strategy / Thematic / Other,2025-06-30,2025-06-30,31911.75,19
NIFTY500MULTIFACTORMQVLV50,Nifty500 Multifactor Mqvlv 50,Strategy / Thematic / Other,2025-09-30,2025-09-30,30945.45,17.92
NIFTY500MULTIFACTORMQVLV50,Nifty500 Multifactor Mqvlv 50,Strategy / Thematic / Other,2025-12-31,2025-12-31,31730.8,15.64
NIFTY500MULTIFACTORMQVLV50,Nifty500 Multifactor Mqvlv 50,Strategy / Thematic / Other,2026-03-31,2026-03-30,28459.05,13.29
NIFTY500MULTIFACTORMQVLV50,Nifty500 Multifactor Mqvlv 50,Strategy / Thematic / Other,2026-06-30,2026-06-30,30806.75,13.66
NIFTY500QUALITY50,Nifty500 Quality 50,Strategy / Thematic / Other,2024-12-31,2024-12-31,19589.67,25.11
NIFTY500QUALITY50,Nifty500 Quality 50,Strategy / Thematic / Other,2025-03-31,2025-03-28,17428.5,22.75
NIFTY500QUALITY50,Nifty500 Quality 50,Strategy / Thematic / Other,2025-06-30,2025-06-30,20140.25,31.16
NIFTY500QUALITY50,Nifty500 Quality 50,Strategy / Thematic / Other,2025-09-30,2025-09-30,18697.65,28.67
NIFTY500QUALITY50,Nifty500 Quality 50,Strategy / Thematic / Other,2025-12-31,2025-12-31,18856.45,30.97
NIFTY500QUALITY50,Nifty500 Quality 50,Strategy / Thematic / Other,2026-03-31,2026-03-30,16709.15,26.74
NIFTY500QUALITY50,Nifty500 Quality 50,Strategy / Thematic / Other,2026-06-30,2026-06-30,19393.75,26.97
NIFTY500SHARIAH,Nifty500 Shariah,Strategy / Thematic / Other,2015-12-31,2015-12-31,2175.04,22.31
NIFTY500SHARIAH,Nifty500 Shariah,Strategy / Thematic / Other,2016-03-31,2016-03-31,2099.19,20.92
NIFTY500SHARIAH,Nifty500 Shariah,Strategy / Thematic / Other,2016-06-30,2016-06-30,2221.81,22.11
NIFTY500SHARIAH,Nifty500 Shariah,Strategy / Thematic / Other,2016-09-30,2016-09-30,2380.1,24.14
NIFTY500SHARIAH,Nifty500 Shariah,Strategy / Thematic / Other,2016-12-31,2016-12-30,2261.78,22.22
NIFTY500SHARIAH,Nifty500 Shariah,Strategy / Thematic / Other,2017-03-31,2017-03-31,2557.46,23.96
NIFTY500SHARIAH,Nifty500 Shariah,Strategy / Thematic / Other,2017-06-30,2017-06-30,2670.48,24.38
NIFTY500SHARIAH,Nifty500 Shariah,Strategy / Thematic / Other,2017-09-30,2017-09-29,2846.11,31.39
NIFTY500SHARIAH,Nifty500 Shariah,Strategy / Thematic / Other,2017-12-31,2017-12-29,3231.19,31.64
NIFTY500SHARIAH,Nifty500 Shariah,Strategy / Thematic / Other,2018-03-31,2018-03-28,2966.55,28.45
NIFTY500SHARIAH,Nifty500 Shariah,Strategy / Thematic / Other,2018-06-30,2018-06-29,2953.99,27.55
NIFTY500SHARIAH,Nifty500 Shariah,Strategy / Thematic / Other,2018-09-30,2018-09-28,2932.06,23.37
NIFTY500SHARIAH,Nifty500 Shariah,Strategy / Thematic / Other,2018-12-31,2018-12-31,2945.79,23.31
NIFTY500SHARIAH,Nifty500 Shariah,Strategy / Thematic / Other,2019-03-31,2019-03-29,2996.44,24.05
NIFTY500SHARIAH,Nifty500 Shariah,Strategy / Thematic / Other,2019-06-30,2019-06-28,2943.74,23.01
NIFTY500SHARIAH,Nifty500 Shariah,Strategy / Thematic / Other,2019-09-30,2019-09-30,2967.87,26.33
NIFTY500SHARIAH,Nifty500 Shariah,Strategy / Thematic / Other,2019-12-31,2019-12-31,2976.18,25.72
NIFTY500SHARIAH,Nifty500 Shariah,Strategy / Thematic / Other,2020-03-31,2020-03-31,2461.79,21.52
NIFTY500SHARIAH,Nifty500 Shariah,Strategy / Thematic / Other,2020-06-30,2020-06-30,2897.27,26.24
NIFTY500SHARIAH,Nifty500 Shariah,Strategy / Thematic / Other,2020-09-30,2020-09-30,3358.09,32.92
NIFTY500SHARIAH,Nifty500 Shariah,Strategy / Thematic / Other,2020-12-31,2020-12-31,3984.24,38.61
NIFTY500SHARIAH,Nifty500 Shariah,Strategy / Thematic / Other,2021-03-31,2021-03-31,4333.91,33.74
NIFTY500SHARIAH,Nifty500 Shariah,Strategy / Thematic / Other,2021-06-30,2021-06-30,4857.44,33.77
NIFTY500SHARIAH,Nifty500 Shariah,Strategy / Thematic / Other,2021-09-30,2021-09-30,5347.34,33.19
NIFTY500SHARIAH,Nifty500 Shariah,Strategy / Thematic / Other,2021-12-31,2021-12-31,5496.45,29.89
NIFTY500SHARIAH,Nifty500 Shariah,Strategy / Thematic / Other,2022-03-31,2022-03-31,5283.83,27.67
NIFTY500SHARIAH,Nifty500 Shariah,Strategy / Thematic / Other,2022-06-30,2022-06-30,4662.15,24.1
NIFTY500SHARIAH,Nifty500 Shariah,Strategy / Thematic / Other,2022-09-30,2022-09-30,5087.69,22.4
NIFTY500SHARIAH,Nifty500 Shariah,Strategy / Thematic / Other,2022-12-31,2022-12-30,5185.16,24.24
NIFTY500SHARIAH,Nifty500 Shariah,Strategy / Thematic / Other,2023-03-31,2023-03-31,4890.5,23.92
NIFTY500SHARIAH,Nifty500 Shariah,Strategy / Thematic / Other,2023-06-30,2023-06-30,5389.48,27.62
NIFTY500SHARIAH,Nifty500 Shariah,Strategy / Thematic / Other,2023-09-30,2023-09-29,5727.84,29.05
NIFTY500SHARIAH,Nifty500 Shariah,Strategy / Thematic / Other,2023-12-31,2023-12-29,6410.93,32.08
NIFTY500SHARIAH,Nifty500 Shariah,Strategy / Thematic / Other,2024-03-31,2024-03-28,6571.13,32.06
NIFTY500SHARIAH,Nifty500 Shariah,Strategy / Thematic / Other,2024-06-30,2024-06-28,7385.1,34
NIFTY500SHARIAH,Nifty500 Shariah,Strategy / Thematic / Other,2024-09-30,2024-09-30,8206.63,35.66
NIFTY500SHARIAH,Nifty500 Shariah,Strategy / Thematic / Other,2024-12-31,2024-12-31,7463.25,33.7
NIFTY500SHARIAH,Nifty500 Shariah,Strategy / Thematic / Other,2025-03-31,2025-03-28,6697.7,30.18
NIFTY500SHARIAH,Nifty500 Shariah,Strategy / Thematic / Other,2025-06-30,2025-06-30,7228,31.76
NIFTY500SHARIAH,Nifty500 Shariah,Strategy / Thematic / Other,2025-09-30,2025-09-30,6932.5,28.42
NIFTY500SHARIAH,Nifty500 Shariah,Strategy / Thematic / Other,2025-12-31,2025-12-31,7160.75,28.21
NIFTY500SHARIAH,Nifty500 Shariah,Strategy / Thematic / Other,2026-03-31,2026-03-30,6215.15,25.87
NIFTY500SHARIAH,Nifty500 Shariah,Strategy / Thematic / Other,2026-06-30,2026-06-30,6802.45,28.12
NIFTY500VALUE50,Nifty500 Value 50,Strategy / Thematic / Other,2018-12-31,2018-12-31,4358.52,14.18
NIFTY500VALUE50,Nifty500 Value 50,Strategy / Thematic / Other,2019-03-31,2019-03-29,4561.25,14.33
NIFTY500VALUE50,Nifty500 Value 50,Strategy / Thematic / Other,2019-06-30,2019-06-28,4336.29,10.03
NIFTY500VALUE50,Nifty500 Value 50,Strategy / Thematic / Other,2019-09-30,2019-09-30,3469.49,10.88
NIFTY500VALUE50,Nifty500 Value 50,Strategy / Thematic / Other,2019-12-31,2019-12-31,3678.14,9.48
NIFTY500VALUE50,Nifty500 Value 50,Strategy / Thematic / Other,2020-03-31,2020-03-31,2299.01,5.88
NIFTY500VALUE50,Nifty500 Value 50,Strategy / Thematic / Other,2020-06-30,2020-06-30,2912.74,10.29
NIFTY500VALUE50,Nifty500 Value 50,Strategy / Thematic / Other,2020-09-30,2020-09-30,2979.26,10.8
NIFTY500VALUE50,Nifty500 Value 50,Strategy / Thematic / Other,2020-12-31,2020-12-31,3911.12,13.6
NIFTY500VALUE50,Nifty500 Value 50,Strategy / Thematic / Other,2021-03-31,2021-03-31,4705.55,13.35
NIFTY500VALUE50,Nifty500 Value 50,Strategy / Thematic / Other,2021-06-30,2021-06-30,5544.28,9.26
NIFTY500VALUE50,Nifty500 Value 50,Strategy / Thematic / Other,2021-09-30,2021-09-30,6117.47,8.52
NIFTY500VALUE50,Nifty500 Value 50,Strategy / Thematic / Other,2021-12-31,2021-12-31,5934.66,5.8
NIFTY500VALUE50,Nifty500 Value 50,Strategy / Thematic / Other,2022-03-31,2022-03-31,6340.31,5.75
NIFTY500VALUE50,Nifty500 Value 50,Strategy / Thematic / Other,2022-06-30,2022-06-30,5541.62,5
NIFTY500VALUE50,Nifty500 Value 50,Strategy / Thematic / Other,2022-09-30,2022-09-30,6034.29,5.91
NIFTY500VALUE50,Nifty500 Value 50,Strategy / Thematic / Other,2022-12-31,2022-12-30,7058.28,7.14
NIFTY500VALUE50,Nifty500 Value 50,Strategy / Thematic / Other,2023-03-31,2023-03-31,6887.29,7.34
NIFTY500VALUE50,Nifty500 Value 50,Strategy / Thematic / Other,2023-06-30,2023-06-30,7794.73,8.13
NIFTY500VALUE50,Nifty500 Value 50,Strategy / Thematic / Other,2023-09-30,2023-09-29,9179.96,7.89
NIFTY500VALUE50,Nifty500 Value 50,Strategy / Thematic / Other,2023-12-31,2023-12-29,11364.37,9
NIFTY500VALUE50,Nifty500 Value 50,Strategy / Thematic / Other,2024-03-31,2024-03-28,12693.2,10.11
NIFTY500VALUE50,Nifty500 Value 50,Strategy / Thematic / Other,2024-06-30,2024-06-28,14734.18,11.8
NIFTY500VALUE50,Nifty500 Value 50,Strategy / Thematic / Other,2024-09-30,2024-09-30,15537.35,13.19
NIFTY500VALUE50,Nifty500 Value 50,Strategy / Thematic / Other,2024-12-31,2024-12-31,13481.1,10.81
NIFTY500VALUE50,Nifty500 Value 50,Strategy / Thematic / Other,2025-03-31,2025-03-28,13302.85,10.37
NIFTY500VALUE50,Nifty500 Value 50,Strategy / Thematic / Other,2025-06-30,2025-06-30,14365.4,11.01
NIFTY500VALUE50,Nifty500 Value 50,Strategy / Thematic / Other,2025-09-30,2025-09-30,14456.3,10.12
NIFTY500VALUE50,Nifty500 Value 50,Strategy / Thematic / Other,2025-12-31,2025-12-31,15534.2,9.79
NIFTY500VALUE50,Nifty500 Value 50,Strategy / Thematic / Other,2026-03-31,2026-03-30,14937.7,9.23
NIFTY500VALUE50,Nifty500 Value 50,Strategy / Thematic / Other,2026-06-30,2026-06-30,16116.95,9.83
NIFTY50EQUALWEIGHT,Nifty50 Equal Weight,Strategy / Thematic / Other,2017-06-30,2017-06-30,11615.79,23.37
NIFTY50EQUALWEIGHT,Nifty50 Equal Weight,Strategy / Thematic / Other,2017-09-30,2017-09-29,12135.81,25.35
NIFTY50EQUALWEIGHT,Nifty50 Equal Weight,Strategy / Thematic / Other,2017-12-31,2017-12-29,12919.07,25.67
NIFTY50EQUALWEIGHT,Nifty50 Equal Weight,Strategy / Thematic / Other,2018-03-31,2018-03-28,12047.3,23.24
NIFTY50EQUALWEIGHT,Nifty50 Equal Weight,Strategy / Thematic / Other,2018-06-30,2018-06-29,12349.25,23.26
NIFTY50EQUALWEIGHT,Nifty50 Equal Weight,Strategy / Thematic / Other,2018-09-30,2018-09-28,12273.75,21.98
NIFTY50EQUALWEIGHT,Nifty50 Equal Weight,Strategy / Thematic / Other,2018-12-31,2018-12-31,12100.85,21.07
NIFTY50EQUALWEIGHT,Nifty50 Equal Weight,Strategy / Thematic / Other,2019-03-31,2019-03-29,12785.85,22.67
NIFTY50EQUALWEIGHT,Nifty50 Equal Weight,Strategy / Thematic / Other,2019-06-30,2019-06-28,12624.25,20.4
NIFTY50EQUALWEIGHT,Nifty50 Equal Weight,Strategy / Thematic / Other,2019-09-30,2019-09-30,11770.9,20.47
NIFTY50EQUALWEIGHT,Nifty50 Equal Weight,Strategy / Thematic / Other,2019-12-31,2019-12-31,12427.2,22.22
NIFTY50EQUALWEIGHT,Nifty50 Equal Weight,Strategy / Thematic / Other,2020-03-31,2020-03-31,8592.2,14.43
NIFTY50EQUALWEIGHT,Nifty50 Equal Weight,Strategy / Thematic / Other,2020-06-30,2020-06-30,10625.3,22.44
NIFTY50EQUALWEIGHT,Nifty50 Equal Weight,Strategy / Thematic / Other,2020-09-30,2020-09-30,11516.7,29.32
NIFTY50EQUALWEIGHT,Nifty50 Equal Weight,Strategy / Thematic / Other,2020-12-31,2020-12-31,14616.65,36.21
NIFTY50EQUALWEIGHT,Nifty50 Equal Weight,Strategy / Thematic / Other,2021-03-31,2021-03-31,15999.3,33.32
NIFTY50EQUALWEIGHT,Nifty50 Equal Weight,Strategy / Thematic / Other,2021-06-30,2021-06-30,17666.05,24.11
NIFTY50EQUALWEIGHT,Nifty50 Equal Weight,Strategy / Thematic / Other,2021-09-30,2021-09-30,19717.65,21.01
NIFTY50EQUALWEIGHT,Nifty50 Equal Weight,Strategy / Thematic / Other,2021-12-31,2021-12-31,19382.45,18.01
NIFTY50EQUALWEIGHT,Nifty50 Equal Weight,Strategy / Thematic / Other,2022-03-31,2022-03-31,19445.6,19.34
NIFTY50EQUALWEIGHT,Nifty50 Equal Weight,Strategy / Thematic / Other,2022-06-30,2022-06-30,17668.95,15.74
NIFTY50EQUALWEIGHT,Nifty50 Equal Weight,Strategy / Thematic / Other,2022-09-30,2022-09-30,19707.05,17.62
NIFTY50EQUALWEIGHT,Nifty50 Equal Weight,Strategy / Thematic / Other,2022-12-31,2022-12-30,20614.95,20.11
NIFTY50EQUALWEIGHT,Nifty50 Equal Weight,Strategy / Thematic / Other,2023-03-31,2023-03-31,19618.6,19.21
NIFTY50EQUALWEIGHT,Nifty50 Equal Weight,Strategy / Thematic / Other,2023-06-30,2023-06-30,22442.8,21.35
NIFTY50EQUALWEIGHT,Nifty50 Equal Weight,Strategy / Thematic / Other,2023-09-30,2023-09-29,23566.35,20.41
NIFTY50EQUALWEIGHT,Nifty50 Equal Weight,Strategy / Thematic / Other,2023-12-31,2023-12-29,26755.15,22.01
NIFTY50EQUALWEIGHT,Nifty50 Equal Weight,Strategy / Thematic / Other,2024-03-31,2024-03-28,28146,22.89
NIFTY50EQUALWEIGHT,Nifty50 Equal Weight,Strategy / Thematic / Other,2024-06-30,2024-06-28,30256.4,23.15
NIFTY50EQUALWEIGHT,Nifty50 Equal Weight,Strategy / Thematic / Other,2024-09-30,2024-09-30,33349.9,25.58
NIFTY50EQUALWEIGHT,Nifty50 Equal Weight,Strategy / Thematic / Other,2024-12-31,2024-12-31,29357.1,21.96
NIFTY50EQUALWEIGHT,Nifty50 Equal Weight,Strategy / Thematic / Other,2025-03-31,2025-03-28,29215.85,22.28
NIFTY50EQUALWEIGHT,Nifty50 Equal Weight,Strategy / Thematic / Other,2025-06-30,2025-06-30,32053.75,24.26
NIFTY50EQUALWEIGHT,Nifty50 Equal Weight,Strategy / Thematic / Other,2025-09-30,2025-09-30,31553.9,23.77
NIFTY50EQUALWEIGHT,Nifty50 Equal Weight,Strategy / Thematic / Other,2025-12-31,2025-12-31,33331,24.74
NIFTY50EQUALWEIGHT,Nifty50 Equal Weight,Strategy / Thematic / Other,2026-03-31,2026-03-30,29556.95,22.93
NIFTY50EQUALWEIGHT,Nifty50 Equal Weight,Strategy / Thematic / Other,2026-06-30,2026-06-30,32369.55,23.85
NIFTY50SHARIAH,Nifty50 Shariah,Strategy / Thematic / Other,2015-12-31,2015-12-31,1835.6,19.36
NIFTY50SHARIAH,Nifty50 Shariah,Strategy / Thematic / Other,2016-03-31,2016-03-31,1796.37,18.77
NIFTY50SHARIAH,Nifty50 Shariah,Strategy / Thematic / Other,2016-06-30,2016-06-30,1863.63,19.6
NIFTY50SHARIAH,Nifty50 Shariah,Strategy / Thematic / Other,2016-09-30,2016-09-30,1968.55,20.83
NIFTY50SHARIAH,Nifty50 Shariah,Strategy / Thematic / Other,2016-12-31,2016-12-30,1890.97,20.02
NIFTY50SHARIAH,Nifty50 Shariah,Strategy / Thematic / Other,2017-03-31,2017-03-31,2107.67,20.01
NIFTY50SHARIAH,Nifty50 Shariah,Strategy / Thematic / Other,2017-06-30,2017-06-30,2180.28,20.18
NIFTY50SHARIAH,Nifty50 Shariah,Strategy / Thematic / Other,2017-09-30,2017-09-29,2366.02,28.01
NIFTY50SHARIAH,Nifty50 Shariah,Strategy / Thematic / Other,2017-12-31,2017-12-29,2584,25.6
NIFTY50SHARIAH,Nifty50 Shariah,Strategy / Thematic / Other,2018-03-31,2018-03-28,2374.48,22.87
NIFTY50SHARIAH,Nifty50 Shariah,Strategy / Thematic / Other,2018-06-30,2018-06-29,2408.71,23.66
NIFTY50SHARIAH,Nifty50 Shariah,Strategy / Thematic / Other,2018-09-30,2018-09-28,2452.28,18.14
NIFTY50SHARIAH,Nifty50 Shariah,Strategy / Thematic / Other,2018-12-31,2018-12-31,2405.06,18.3
NIFTY50SHARIAH,Nifty50 Shariah,Strategy / Thematic / Other,2019-03-31,2019-03-29,2503.75,20.73
NIFTY50SHARIAH,Nifty50 Shariah,Strategy / Thematic / Other,2019-06-30,2019-06-28,2481.69,21.42
NIFTY50SHARIAH,Nifty50 Shariah,Strategy / Thematic / Other,2019-09-30,2019-09-30,2517.14,25.5
NIFTY50SHARIAH,Nifty50 Shariah,Strategy / Thematic / Other,2019-12-31,2019-12-31,2488.1,24.17
NIFTY50SHARIAH,Nifty50 Shariah,Strategy / Thematic / Other,2020-03-31,2020-03-31,2138.47,20.69
NIFTY50SHARIAH,Nifty50 Shariah,Strategy / Thematic / Other,2020-06-30,2020-06-30,2436.06,24.39
NIFTY50SHARIAH,Nifty50 Shariah,Strategy / Thematic / Other,2020-09-30,2020-09-30,2868.32,31.44
NIFTY50SHARIAH,Nifty50 Shariah,Strategy / Thematic / Other,2020-12-31,2020-12-31,3403.95,36.62
NIFTY50SHARIAH,Nifty50 Shariah,Strategy / Thematic / Other,2021-03-31,2021-03-31,3574.16,33.32
NIFTY50SHARIAH,Nifty50 Shariah,Strategy / Thematic / Other,2021-06-30,2021-06-30,3937.74,32.72
NIFTY50SHARIAH,Nifty50 Shariah,Strategy / Thematic / Other,2021-09-30,2021-09-30,4317.83,32.39
NIFTY50SHARIAH,Nifty50 Shariah,Strategy / Thematic / Other,2021-12-31,2021-12-31,4422.09,28.13
NIFTY50SHARIAH,Nifty50 Shariah,Strategy / Thematic / Other,2022-03-31,2022-03-31,4263.65,25.54
NIFTY50SHARIAH,Nifty50 Shariah,Strategy / Thematic / Other,2022-06-30,2022-06-30,3674.54,21.68
NIFTY50SHARIAH,Nifty50 Shariah,Strategy / Thematic / Other,2022-09-30,2022-09-30,3779.45,18.78
NIFTY50SHARIAH,Nifty50 Shariah,Strategy / Thematic / Other,2022-12-31,2022-12-30,3941.84,21.48
NIFTY50SHARIAH,Nifty50 Shariah,Strategy / Thematic / Other,2023-03-31,2023-03-31,3750.32,21.2
NIFTY50SHARIAH,Nifty50 Shariah,Strategy / Thematic / Other,2023-06-30,2023-06-30,3977.86,23.69
NIFTY50SHARIAH,Nifty50 Shariah,Strategy / Thematic / Other,2023-09-30,2023-09-29,4162.53,25.24
NIFTY50SHARIAH,Nifty50 Shariah,Strategy / Thematic / Other,2023-12-31,2023-12-29,4632.44,28.15
NIFTY50SHARIAH,Nifty50 Shariah,Strategy / Thematic / Other,2024-03-31,2024-03-28,4640.33,27.93
NIFTY50SHARIAH,Nifty50 Shariah,Strategy / Thematic / Other,2024-06-30,2024-06-28,4889.58,25.74
NIFTY50SHARIAH,Nifty50 Shariah,Strategy / Thematic / Other,2024-09-30,2024-09-30,5624.72,29.2
NIFTY50SHARIAH,Nifty50 Shariah,Strategy / Thematic / Other,2024-12-31,2024-12-31,5048.15,27.42
NIFTY50SHARIAH,Nifty50 Shariah,Strategy / Thematic / Other,2025-03-31,2025-03-28,4644.45,25.82
NIFTY50SHARIAH,Nifty50 Shariah,Strategy / Thematic / Other,2025-06-30,2025-06-30,4825.9,26.85
NIFTY50SHARIAH,Nifty50 Shariah,Strategy / Thematic / Other,2025-09-30,2025-09-30,4507.25,23.57
NIFTY50SHARIAH,Nifty50 Shariah,Strategy / Thematic / Other,2025-12-31,2025-12-31,4811.45,25.05
NIFTY50SHARIAH,Nifty50 Shariah,Strategy / Thematic / Other,2026-03-31,2026-03-30,4118.8,22.91
NIFTY50SHARIAH,Nifty50 Shariah,Strategy / Thematic / Other,2026-06-30,2026-06-30,4111.2,22.83
NIFTY50USD,Nifty50 Usd,Strategy / Thematic / Other,2015-12-31,2015-12-31,4151.34,
NIFTY50USD,Nifty50 Usd,Strategy / Thematic / Other,2016-03-31,2016-03-31,4042.27,
NIFTY50USD,Nifty50 Usd,Strategy / Thematic / Other,2016-06-30,2016-06-30,4247.04,
NIFTY50USD,Nifty50 Usd,Strategy / Thematic / Other,2016-09-30,2016-09-30,4476.12,
NIFTY50USD,Nifty50 Usd,Strategy / Thematic / Other,2016-12-31,2016-12-30,4173.93,
NIFTY50USD,Nifty50 Usd,Strategy / Thematic / Other,2017-03-31,2017-03-31,4902.49,
NIFTY50USD,Nifty50 Usd,Strategy / Thematic / Other,2017-06-30,2017-06-30,5103.84,
NIFTY50USD,Nifty50 Usd,Strategy / Thematic / Other,2017-09-30,2017-09-29,5192.52,
NIFTY50USD,Nifty50 Usd,Strategy / Thematic / Other,2017-12-31,2017-12-29,5716.78,
NIFTY50USD,Nifty50 Usd,Strategy / Thematic / Other,2018-03-31,2018-03-28,5373.05,
NIFTY50USD,Nifty50 Usd,Strategy / Thematic / Other,2018-06-30,2018-06-29,5418.53,
NIFTY50USD,Nifty50 Usd,Strategy / Thematic / Other,2018-09-30,2018-09-28,5224.72,
NIFTY50USD,Nifty50 Usd,Strategy / Thematic / Other,2018-12-31,2018-12-31,5391.21,
NIFTY50USD,Nifty50 Usd,Strategy / Thematic / Other,2019-03-31,2019-03-29,5814.05,
NIFTY50USD,Nifty50 Usd,Strategy / Thematic / Other,2019-06-30,2019-06-28,5917.68,
NIFTY50USD,Nifty50 Usd,Strategy / Thematic / Other,2019-09-30,2019-09-30,5610.23,
NIFTY50USD,Nifty50 Usd,Strategy / Thematic / Other,2019-12-31,2019-12-31,5907.08,
NIFTY50USD,Nifty50 Usd,Strategy / Thematic / Other,2020-03-31,2020-03-31,3937.97,
NIFTY50USD,Nifty50 Usd,Strategy / Thematic / Other,2020-06-30,2020-06-30,4727.81,
NIFTY50USD,Nifty50 Usd,Strategy / Thematic / Other,2020-09-30,2020-09-30,5282.29,
NIFTY50USD,Nifty50 Usd,Strategy / Thematic / Other,2020-12-31,2020-12-31,6630.4,
NIFTY50USD,Nifty50 Usd,Strategy / Thematic / Other,2021-03-31,2021-03-31,6962.21,
NIFTY50USD,Nifty50 Usd,Strategy / Thematic / Other,2021-06-30,2021-06-30,7328.81,
NIFTY50USD,Nifty50 Usd,Strategy / Thematic / Other,2021-09-30,2021-09-30,8224.29,
NIFTY50USD,Nifty50 Usd,Strategy / Thematic / Other,2021-12-31,2021-12-31,8089.22,
NIFTY50USD,Nifty50 Usd,Strategy / Thematic / Other,2022-03-31,2022-03-31,7986.2,
NIFTY50USD,Nifty50 Usd,Strategy / Thematic / Other,2022-06-30,2022-06-30,6923.74,
NIFTY50USD,Nifty50 Usd,Strategy / Thematic / Other,2022-09-30,2022-09-30,7281.01,
NIFTY50USD,Nifty50 Usd,Strategy / Thematic / Other,2022-12-31,2022-12-30,7583.08,
NIFTY50USD,Nifty50 Usd,Strategy / Thematic / Other,2023-03-31,2023-03-31,7319.25,
NIFTY50USD,Nifty50 Usd,Strategy / Thematic / Other,2023-06-30,2023-06-30,8104.96,
NIFTY50USD,Nifty50 Usd,Strategy / Thematic / Other,2023-09-30,2023-09-29,8194.33,
NIFTY50USD,Nifty50 Usd,Strategy / Thematic / Other,2023-12-31,2023-12-29,9048.9,
NIFTY50USD,Nifty50 Usd,Strategy / Thematic / Other,2024-03-31,2024-03-28,9275.83,
NIFTY50USD,Nifty50 Usd,Strategy / Thematic / Other,2024-06-30,2024-06-28,9977.13,
NIFTY50USD,Nifty50 Usd,Strategy / Thematic / Other,2024-09-30,2024-09-30,10672.22,
NIFTY50USD,Nifty50 Usd,Strategy / Thematic / Other,2024-12-31,2024-12-31,9569.63,
NIFTY50USD,Nifty50 Usd,Strategy / Thematic / Other,2025-03-31,2025-03-28,9534.58,
NIFTY50USD,Nifty50 Usd,Strategy / Thematic / Other,2025-06-30,2025-06-30,10309.76,
NIFTY50USD,Nifty50 Usd,Strategy / Thematic / Other,2025-09-30,2025-09-30,9604.53,
NIFTY50USD,Nifty50 Usd,Strategy / Thematic / Other,2025-12-31,2025-12-31,10073.4,
NIFTY50USD,Nifty50 Usd,Strategy / Thematic / Other,2026-03-31,2026-03-30,8158.08,
NIFTY50USD,Nifty50 Usd,Strategy / Thematic / Other,2026-06-30,2026-06-30,8736.1,
NIFTY50VALUE20,Nifty50 Value 20,Strategy / Thematic / Other,2015-12-31,2015-12-31,3579.85,14.97
NIFTY50VALUE20,Nifty50 Value 20,Strategy / Thematic / Other,2016-03-31,2016-03-31,3557.65,15.12
NIFTY50VALUE20,Nifty50 Value 20,Strategy / Thematic / Other,2016-06-30,2016-06-30,3649.05,16.58
NIFTY50VALUE20,Nifty50 Value 20,Strategy / Thematic / Other,2016-09-30,2016-09-30,3716.7,17.04
NIFTY50VALUE20,Nifty50 Value 20,Strategy / Thematic / Other,2016-12-31,2016-12-30,3652,16.65
NIFTY50VALUE20,Nifty50 Value 20,Strategy / Thematic / Other,2017-03-31,2017-03-31,3988.9,17.66
NIFTY50VALUE20,Nifty50 Value 20,Strategy / Thematic / Other,2017-06-30,2017-06-30,4032.5,18.85
NIFTY50VALUE20,Nifty50 Value 20,Strategy / Thematic / Other,2017-09-30,2017-09-29,4193.85,19.89
NIFTY50VALUE20,Nifty50 Value 20,Strategy / Thematic / Other,2017-12-31,2017-12-29,4732,20.07
NIFTY50VALUE20,Nifty50 Value 20,Strategy / Thematic / Other,2018-03-31,2018-03-28,4517.5,19.12
NIFTY50VALUE20,Nifty50 Value 20,Strategy / Thematic / Other,2018-06-30,2018-06-29,4815.35,20.61
NIFTY50VALUE20,Nifty50 Value 20,Strategy / Thematic / Other,2018-09-30,2018-09-28,5300.5,24.66
NIFTY50VALUE20,Nifty50 Value 20,Strategy / Thematic / Other,2018-12-31,2018-12-31,5136.75,16.32
NIFTY50VALUE20,Nifty50 Value 20,Strategy / Thematic / Other,2019-03-31,2019-03-29,5555.3,17.23
NIFTY50VALUE20,Nifty50 Value 20,Strategy / Thematic / Other,2019-06-30,2019-06-28,5459.1,16.37
NIFTY50VALUE20,Nifty50 Value 20,Strategy / Thematic / Other,2019-09-30,2019-09-30,5346.55,16.51
NIFTY50VALUE20,Nifty50 Value 20,Strategy / Thematic / Other,2019-12-31,2019-12-31,5455.95,15.15
NIFTY50VALUE20,Nifty50 Value 20,Strategy / Thematic / Other,2020-03-31,2020-03-31,4402.5,12.81
NIFTY50VALUE20,Nifty50 Value 20,Strategy / Thematic / Other,2020-06-30,2020-06-30,4987.35,16.41
NIFTY50VALUE20,Nifty50 Value 20,Strategy / Thematic / Other,2020-09-30,2020-09-30,5576.5,19.98
NIFTY50VALUE20,Nifty50 Value 20,Strategy / Thematic / Other,2020-12-31,2020-12-31,6840.95,25.97
NIFTY50VALUE20,Nifty50 Value 20,Strategy / Thematic / Other,2021-03-31,2021-03-31,7455.3,25.28
NIFTY50VALUE20,Nifty50 Value 20,Strategy / Thematic / Other,2021-06-30,2021-06-30,8064.55,23.82
NIFTY50VALUE20,Nifty50 Value 20,Strategy / Thematic / Other,2021-09-30,2021-09-30,9082.25,22.73
NIFTY50VALUE20,Nifty50 Value 20,Strategy / Thematic / Other,2021-12-31,2021-12-31,9174.35,17.86
NIFTY50VALUE20,Nifty50 Value 20,Strategy / Thematic / Other,2022-03-31,2022-03-31,9122.4,17.83
NIFTY50VALUE20,Nifty50 Value 20,Strategy / Thematic / Other,2022-06-30,2022-06-30,8078.75,15.6
NIFTY50VALUE20,Nifty50 Value 20,Strategy / Thematic / Other,2022-09-30,2022-09-30,8550.6,16.95
NIFTY50VALUE20,Nifty50 Value 20,Strategy / Thematic / Other,2022-12-31,2022-12-30,9093.6,16.29
NIFTY50VALUE20,Nifty50 Value 20,Strategy / Thematic / Other,2023-03-31,2023-03-31,9197.4,17.32
NIFTY50VALUE20,Nifty50 Value 20,Strategy / Thematic / Other,2023-06-30,2023-06-30,9861.45,19.35
NIFTY50VALUE20,Nifty50 Value 20,Strategy / Thematic / Other,2023-09-30,2023-09-29,10394.8,19.47
NIFTY50VALUE20,Nifty50 Value 20,Strategy / Thematic / Other,2023-12-31,2023-12-29,11618.7,18.54
NIFTY50VALUE20,Nifty50 Value 20,Strategy / Thematic / Other,2024-03-31,2024-03-28,12211.75,19.19
NIFTY50VALUE20,Nifty50 Value 20,Strategy / Thematic / Other,2024-06-30,2024-06-28,13047.75,19.61
NIFTY50VALUE20,Nifty50 Value 20,Strategy / Thematic / Other,2024-09-30,2024-09-30,14431.6,21.37
NIFTY50VALUE20,Nifty50 Value 20,Strategy / Thematic / Other,2024-12-31,2024-12-31,13435,17.4
NIFTY50VALUE20,Nifty50 Value 20,Strategy / Thematic / Other,2025-03-31,2025-03-28,12505.8,16.26
NIFTY50VALUE20,Nifty50 Value 20,Strategy / Thematic / Other,2025-06-30,2025-06-30,12961.45,17.3
NIFTY50VALUE20,Nifty50 Value 20,Strategy / Thematic / Other,2025-09-30,2025-09-30,12472.75,16.18
NIFTY50VALUE20,Nifty50 Value 20,Strategy / Thematic / Other,2025-12-31,2025-12-31,13275.55,17.33
NIFTY50VALUE20,Nifty50 Value 20,Strategy / Thematic / Other,2026-03-31,2026-03-30,11586,15.42
NIFTY50VALUE20,Nifty50 Value 20,Strategy / Thematic / Other,2026-06-30,2026-06-30,11855.95,14.72
NIFTYADITYABIRLAGROUP,NIFTY Aditya Birla Group,Strategy / Thematic / Other,2015-12-31,2015-12-31,3161.65,31.93
NIFTYADITYABIRLAGROUP,NIFTY Aditya Birla Group,Strategy / Thematic / Other,2016-03-31,2016-03-31,3141.36,32.12
NIFTYADITYABIRLAGROUP,NIFTY Aditya Birla Group,Strategy / Thematic / Other,2016-06-30,2016-06-30,3438.76,34.82
NIFTYADITYABIRLAGROUP,NIFTY Aditya Birla Group,Strategy / Thematic / Other,2016-09-30,2016-09-30,3678.55,29.45
NIFTYADITYABIRLAGROUP,NIFTY Aditya Birla Group,Strategy / Thematic / Other,2016-12-31,2016-12-30,3313.93,28.89
NIFTYADITYABIRLAGROUP,NIFTY Aditya Birla Group,Strategy / Thematic / Other,2017-03-31,2017-03-31,4015.59,38.95
NIFTYADITYABIRLAGROUP,NIFTY Aditya Birla Group,Strategy / Thematic / Other,2017-06-30,2017-06-30,4054.47,62.74
NIFTYADITYABIRLAGROUP,NIFTY Aditya Birla Group,Strategy / Thematic / Other,2017-09-30,2017-09-29,4151.48,69.48
NIFTYADITYABIRLAGROUP,NIFTY Aditya Birla Group,Strategy / Thematic / Other,2017-12-31,2017-12-29,4655.03,138.52
NIFTYADITYABIRLAGROUP,NIFTY Aditya Birla Group,Strategy / Thematic / Other,2018-03-31,2018-03-28,3949.94,166.96
NIFTYADITYABIRLAGROUP,NIFTY Aditya Birla Group,Strategy / Thematic / Other,2018-06-30,2018-06-29,3768.49,342.66
NIFTYADITYABIRLAGROUP,NIFTY Aditya Birla Group,Strategy / Thematic / Other,2018-09-30,2018-09-28,3702.71,128.79
NIFTYADITYABIRLAGROUP,NIFTY Aditya Birla Group,Strategy / Thematic / Other,2018-12-31,2018-12-31,3483.61,
NIFTYADITYABIRLAGROUP,NIFTY Aditya Birla Group,Strategy / Thematic / Other,2019-03-31,2019-03-29,3389.6,
NIFTYADITYABIRLAGROUP,NIFTY Aditya Birla Group,Strategy / Thematic / Other,2019-06-30,2019-06-28,3392.28,
NIFTYADITYABIRLAGROUP,NIFTY Aditya Birla Group,Strategy / Thematic / Other,2019-09-30,2019-09-30,2938.34,
NIFTYADITYABIRLAGROUP,NIFTY Aditya Birla Group,Strategy / Thematic / Other,2019-12-31,2019-12-31,2978.8,
NIFTYADITYABIRLAGROUP,NIFTY Aditya Birla Group,Strategy / Thematic / Other,2020-03-31,2020-03-31,1926.37,
NIFTYADITYABIRLAGROUP,NIFTY Aditya Birla Group,Strategy / Thematic / Other,2020-06-30,2020-06-30,2621.41,
NIFTYADITYABIRLAGROUP,NIFTY Aditya Birla Group,Strategy / Thematic / Other,2020-09-30,2020-09-30,2801.61,
NIFTYADITYABIRLAGROUP,NIFTY Aditya Birla Group,Strategy / Thematic / Other,2020-12-31,2020-12-31,3600.91,
NIFTYADITYABIRLAGROUP,NIFTY Aditya Birla Group,Strategy / Thematic / Other,2021-03-31,2021-03-31,4715.9,
NIFTYADITYABIRLAGROUP,NIFTY Aditya Birla Group,Strategy / Thematic / Other,2021-06-30,2021-06-30,4902.49,
NIFTYADITYABIRLAGROUP,NIFTY Aditya Birla Group,Strategy / Thematic / Other,2021-09-30,2021-09-30,5579.31,
NIFTYADITYABIRLAGROUP,NIFTY Aditya Birla Group,Strategy / Thematic / Other,2021-12-31,2021-12-31,5734.48,335.69
NIFTYADITYABIRLAGROUP,NIFTY Aditya Birla Group,Strategy / Thematic / Other,2022-03-31,2022-03-31,5502.91,318.06
NIFTYADITYABIRLAGROUP,NIFTY Aditya Birla Group,Strategy / Thematic / Other,2022-06-30,2022-06-30,4238.35,67.24
NIFTYADITYABIRLAGROUP,NIFTY Aditya Birla Group,Strategy / Thematic / Other,2022-09-30,2022-09-30,4992.12,62.12
NIFTYADITYABIRLAGROUP,NIFTY Aditya Birla Group,Strategy / Thematic / Other,2022-12-31,2022-12-30,5436.76,101.22
NIFTYADITYABIRLAGROUP,NIFTY Aditya Birla Group,Strategy / Thematic / Other,2023-03-31,2023-03-31,5210.21,88.44
NIFTYADITYABIRLAGROUP,NIFTY Aditya Birla Group,Strategy / Thematic / Other,2023-06-30,2023-06-30,5714.47,240.47
NIFTYADITYABIRLAGROUP,NIFTY Aditya Birla Group,Strategy / Thematic / Other,2023-09-30,2023-09-29,6188.35,4764.79
NIFTYADITYABIRLAGROUP,NIFTY Aditya Birla Group,Strategy / Thematic / Other,2023-12-31,2023-12-29,7446.39,40595.32
NIFTYADITYABIRLAGROUP,NIFTY Aditya Birla Group,Strategy / Thematic / Other,2024-03-31,2024-03-28,7076.43,
NIFTYALPHA50,NIFTY Alpha 50,Strategy / Thematic / Other,2015-12-31,2015-12-31,9502.57,45.37
NIFTYALPHA50,NIFTY Alpha 50,Strategy / Thematic / Other,2016-03-31,2016-03-31,8620.5,42.71
NIFTYALPHA50,NIFTY Alpha 50,Strategy / Thematic / Other,2016-06-30,2016-06-30,8685.62,27.75
NIFTYALPHA50,NIFTY Alpha 50,Strategy / Thematic / Other,2016-09-30,2016-09-30,9463.61,25.07
NIFTYALPHA50,NIFTY Alpha 50,Strategy / Thematic / Other,2016-12-31,2016-12-30,8536.01,20.46
NIFTYALPHA50,NIFTY Alpha 50,Strategy / Thematic / Other,2017-03-31,2017-03-31,10803.04,21.64
NIFTYALPHA50,NIFTY Alpha 50,Strategy / Thematic / Other,2017-06-30,2017-06-30,11462.19,20.77
NIFTYALPHA50,NIFTY Alpha 50,Strategy / Thematic / Other,2017-09-30,2017-09-29,12229.89,57.65
NIFTYALPHA50,NIFTY Alpha 50,Strategy / Thematic / Other,2017-12-31,2017-12-29,14257.54,89.66
NIFTYALPHA50,NIFTY Alpha 50,Strategy / Thematic / Other,2018-03-31,2018-03-28,12558.6,57.68
NIFTYALPHA50,NIFTY Alpha 50,Strategy / Thematic / Other,2018-06-30,2018-06-29,12897.05,30.28
NIFTYALPHA50,NIFTY Alpha 50,Strategy / Thematic / Other,2018-09-30,2018-09-28,12415.75,25.26
NIFTYALPHA50,NIFTY Alpha 50,Strategy / Thematic / Other,2018-12-31,2018-12-31,12191.25,26.01
NIFTYALPHA50,NIFTY Alpha 50,Strategy / Thematic / Other,2019-03-31,2019-03-29,12187.9,44.7
NIFTYALPHA50,NIFTY Alpha 50,Strategy / Thematic / Other,2019-06-30,2019-06-28,12373.9,42.25
NIFTYALPHA50,NIFTY Alpha 50,Strategy / Thematic / Other,2019-09-30,2019-09-30,12401.8,29.72
NIFTYALPHA50,NIFTY Alpha 50,Strategy / Thematic / Other,2019-12-31,2019-12-31,13071.95,35.82
NIFTYALPHA50,NIFTY Alpha 50,Strategy / Thematic / Other,2020-03-31,2020-03-31,10067.55,25.47
NIFTYALPHA50,NIFTY Alpha 50,Strategy / Thematic / Other,2020-06-30,2020-06-30,13701.05,37.56
NIFTYALPHA50,NIFTY Alpha 50,Strategy / Thematic / Other,2020-09-30,2020-09-30,16926.65,
NIFTYALPHA50,NIFTY Alpha 50,Strategy / Thematic / Other,2020-12-31,2020-12-31,19836.8,
NIFTYALPHA50,NIFTY Alpha 50,Strategy / Thematic / Other,2021-03-31,2021-03-31,22648.2,
NIFTYALPHA50,NIFTY Alpha 50,Strategy / Thematic / Other,2021-06-30,2021-06-30,27135,55.12
NIFTYALPHA50,NIFTY Alpha 50,Strategy / Thematic / Other,2021-09-30,2021-09-30,31641.8,36.37
NIFTYALPHA50,NIFTY Alpha 50,Strategy / Thematic / Other,2021-12-31,2021-12-31,34605.05,35.34
NIFTYALPHA50,NIFTY Alpha 50,Strategy / Thematic / Other,2022-03-31,2022-03-31,35463.05,31.75
NIFTYALPHA50,NIFTY Alpha 50,Strategy / Thematic / Other,2022-06-30,2022-06-30,26214.1,29.75
NIFTYALPHA50,NIFTY Alpha 50,Strategy / Thematic / Other,2022-09-30,2022-09-30,29586.2,41.96
NIFTYALPHA50,NIFTY Alpha 50,Strategy / Thematic / Other,2022-12-31,2022-12-30,29685.5,17.97
NIFTYALPHA50,NIFTY Alpha 50,Strategy / Thematic / Other,2023-03-31,2023-03-31,25993.55,15.12
NIFTYALPHA50,NIFTY Alpha 50,Strategy / Thematic / Other,2023-06-30,2023-06-30,31290.15,16.42
NIFTYALPHA50,NIFTY Alpha 50,Strategy / Thematic / Other,2023-09-30,2023-09-29,36496.65,16.04
NIFTYALPHA50,NIFTY Alpha 50,Strategy / Thematic / Other,2023-12-31,2023-12-29,42306.3,26.68
NIFTYALPHA50,NIFTY Alpha 50,Strategy / Thematic / Other,2024-03-31,2024-03-28,47200.3,27.39
NIFTYALPHA50,NIFTY Alpha 50,Strategy / Thematic / Other,2024-06-30,2024-06-28,56314.8,30.79
NIFTYALPHA50,NIFTY Alpha 50,Strategy / Thematic / Other,2024-09-30,2024-09-30,60409.8,41.61
NIFTYALPHA50,NIFTY Alpha 50,Strategy / Thematic / Other,2024-12-31,2024-12-31,56293.05,42.38
NIFTYALPHA50,NIFTY Alpha 50,Strategy / Thematic / Other,2025-03-31,2025-03-28,46004.55,41.36
NIFTYALPHA50,NIFTY Alpha 50,Strategy / Thematic / Other,2025-06-30,2025-06-30,53900.45,51.51
NIFTYALPHA50,NIFTY Alpha 50,Strategy / Thematic / Other,2025-09-30,2025-09-30,48722.95,40.37
NIFTYALPHA50,NIFTY Alpha 50,Strategy / Thematic / Other,2025-12-31,2025-12-31,50309.15,33.05
NIFTYALPHA50,NIFTY Alpha 50,Strategy / Thematic / Other,2026-03-31,2026-03-30,44487.95,23.91
NIFTYALPHA50,NIFTY Alpha 50,Strategy / Thematic / Other,2026-06-30,2026-06-30,53700.3,24.79
NIFTYALPHALOWVOLATILITY30,NIFTY Alpha Low-Volatility 30,Strategy / Thematic / Other,2017-09-30,2017-09-29,10219.34,24.64
NIFTYALPHALOWVOLATILITY30,NIFTY Alpha Low-Volatility 30,Strategy / Thematic / Other,2017-12-31,2017-12-29,11295.54,33.12
NIFTYALPHALOWVOLATILITY30,NIFTY Alpha Low-Volatility 30,Strategy / Thematic / Other,2018-03-31,2018-03-28,10720.67,31.47
NIFTYALPHALOWVOLATILITY30,NIFTY Alpha Low-Volatility 30,Strategy / Thematic / Other,2018-06-30,2018-06-29,11406.44,28.87
NIFTYALPHALOWVOLATILITY30,NIFTY Alpha Low-Volatility 30,Strategy / Thematic / Other,2018-09-30,2018-09-28,11356.59,27.38
NIFTYALPHALOWVOLATILITY30,NIFTY Alpha Low-Volatility 30,Strategy / Thematic / Other,2018-12-31,2018-12-31,11600.4,28.82
NIFTYALPHALOWVOLATILITY30,NIFTY Alpha Low-Volatility 30,Strategy / Thematic / Other,2019-03-31,2019-03-29,11719.25,29.48
NIFTYALPHALOWVOLATILITY30,NIFTY Alpha Low-Volatility 30,Strategy / Thematic / Other,2019-06-30,2019-06-28,11782.03,34.8
NIFTYALPHALOWVOLATILITY30,NIFTY Alpha Low-Volatility 30,Strategy / Thematic / Other,2019-09-30,2019-09-30,11875.91,31
NIFTYALPHALOWVOLATILITY30,NIFTY Alpha Low-Volatility 30,Strategy / Thematic / Other,2019-12-31,2019-12-31,12052.86,29.35
NIFTYALPHALOWVOLATILITY30,NIFTY Alpha Low-Volatility 30,Strategy / Thematic / Other,2020-03-31,2020-03-31,9706.52,22.47
NIFTYALPHALOWVOLATILITY30,NIFTY Alpha Low-Volatility 30,Strategy / Thematic / Other,2020-06-30,2020-06-30,10970.14,27.71
NIFTYALPHALOWVOLATILITY30,NIFTY Alpha Low-Volatility 30,Strategy / Thematic / Other,2020-09-30,2020-09-30,12023.6,31.03
NIFTYALPHALOWVOLATILITY30,NIFTY Alpha Low-Volatility 30,Strategy / Thematic / Other,2020-12-31,2020-12-31,13730.4,36.31
NIFTYALPHALOWVOLATILITY30,NIFTY Alpha Low-Volatility 30,Strategy / Thematic / Other,2021-03-31,2021-03-31,14115.35,35.41
NIFTYALPHALOWVOLATILITY30,NIFTY Alpha Low-Volatility 30,Strategy / Thematic / Other,2021-06-30,2021-06-30,15701.25,38.81
NIFTYALPHALOWVOLATILITY30,NIFTY Alpha Low-Volatility 30,Strategy / Thematic / Other,2021-09-30,2021-09-30,17649.6,40.58
NIFTYALPHALOWVOLATILITY30,NIFTY Alpha Low-Volatility 30,Strategy / Thematic / Other,2021-12-31,2021-12-31,17758.75,43.18
NIFTYALPHALOWVOLATILITY30,NIFTY Alpha Low-Volatility 30,Strategy / Thematic / Other,2022-03-31,2022-03-31,16839.95,40.3
NIFTYALPHALOWVOLATILITY30,NIFTY Alpha Low-Volatility 30,Strategy / Thematic / Other,2022-06-30,2022-06-30,14913.65,29.12
NIFTYALPHALOWVOLATILITY30,NIFTY Alpha Low-Volatility 30,Strategy / Thematic / Other,2022-09-30,2022-09-30,16962.1,31.78
NIFTYALPHALOWVOLATILITY30,NIFTY Alpha Low-Volatility 30,Strategy / Thematic / Other,2022-12-31,2022-12-30,17010.35,22.52
NIFTYALPHALOWVOLATILITY30,NIFTY Alpha Low-Volatility 30,Strategy / Thematic / Other,2023-03-31,2023-03-31,16779,21.33
NIFTYALPHALOWVOLATILITY30,NIFTY Alpha Low-Volatility 30,Strategy / Thematic / Other,2023-06-30,2023-06-30,19040.95,21.03
NIFTYALPHALOWVOLATILITY30,NIFTY Alpha Low-Volatility 30,Strategy / Thematic / Other,2023-09-30,2023-09-29,19909.05,19.04
NIFTYALPHALOWVOLATILITY30,NIFTY Alpha Low-Volatility 30,Strategy / Thematic / Other,2023-12-31,2023-12-29,23373.2,22.59
NIFTYALPHALOWVOLATILITY30,NIFTY Alpha Low-Volatility 30,Strategy / Thematic / Other,2024-03-31,2024-03-28,26248.05,24.13
NIFTYALPHALOWVOLATILITY30,NIFTY Alpha Low-Volatility 30,Strategy / Thematic / Other,2024-06-30,2024-06-28,28040.3,27.35
NIFTYALPHALOWVOLATILITY30,NIFTY Alpha Low-Volatility 30,Strategy / Thematic / Other,2024-09-30,2024-09-30,31123.3,30.05
NIFTYALPHALOWVOLATILITY30,NIFTY Alpha Low-Volatility 30,Strategy / Thematic / Other,2024-12-31,2024-12-31,27282,37.66
NIFTYALPHALOWVOLATILITY30,NIFTY Alpha Low-Volatility 30,Strategy / Thematic / Other,2025-03-31,2025-03-28,25142.6,33.08
NIFTYALPHALOWVOLATILITY30,NIFTY Alpha Low-Volatility 30,Strategy / Thematic / Other,2025-06-30,2025-06-30,27188.9,34.77
NIFTYALPHALOWVOLATILITY30,NIFTY Alpha Low-Volatility 30,Strategy / Thematic / Other,2025-09-30,2025-09-30,25952.95,32.24
NIFTYALPHALOWVOLATILITY30,NIFTY Alpha Low-Volatility 30,Strategy / Thematic / Other,2025-12-31,2025-12-31,27076.95,32.61
NIFTYALPHALOWVOLATILITY30,NIFTY Alpha Low-Volatility 30,Strategy / Thematic / Other,2026-03-31,2026-03-30,23961.3,28.47
NIFTYALPHALOWVOLATILITY30,NIFTY Alpha Low-Volatility 30,Strategy / Thematic / Other,2026-06-30,2026-06-30,26293.1,26.57
NIFTYALPHAQUALITYLOWVOLATILITY30,NIFTY Alpha Quality Low-Volatility 30,Strategy / Thematic / Other,2017-09-30,2017-09-29,8287.28,25.99
NIFTYALPHAQUALITYLOWVOLATILITY30,NIFTY Alpha Quality Low-Volatility 30,Strategy / Thematic / Other,2017-12-31,2017-12-29,9178.82,34.1
NIFTYALPHAQUALITYLOWVOLATILITY30,NIFTY Alpha Quality Low-Volatility 30,Strategy / Thematic / Other,2018-03-31,2018-03-28,8807.3,31.21
NIFTYALPHAQUALITYLOWVOLATILITY30,NIFTY Alpha Quality Low-Volatility 30,Strategy / Thematic / Other,2018-06-30,2018-06-29,9274.42,29.3
NIFTYALPHAQUALITYLOWVOLATILITY30,NIFTY Alpha Quality Low-Volatility 30,Strategy / Thematic / Other,2018-09-30,2018-09-28,9334.63,30.71
NIFTYALPHAQUALITYLOWVOLATILITY30,NIFTY Alpha Quality Low-Volatility 30,Strategy / Thematic / Other,2018-12-31,2018-12-31,9422.57,30.35
NIFTYALPHAQUALITYLOWVOLATILITY30,NIFTY Alpha Quality Low-Volatility 30,Strategy / Thematic / Other,2019-03-31,2019-03-29,9561.33,29.44
NIFTYALPHAQUALITYLOWVOLATILITY30,NIFTY Alpha Quality Low-Volatility 30,Strategy / Thematic / Other,2019-06-30,2019-06-28,9215.98,28.08
NIFTYALPHAQUALITYLOWVOLATILITY30,NIFTY Alpha Quality Low-Volatility 30,Strategy / Thematic / Other,2019-09-30,2019-09-30,9536.2,27.82
NIFTYALPHAQUALITYLOWVOLATILITY30,NIFTY Alpha Quality Low-Volatility 30,Strategy / Thematic / Other,2019-12-31,2019-12-31,9649.25,30.28
NIFTYALPHAQUALITYLOWVOLATILITY30,NIFTY Alpha Quality Low-Volatility 30,Strategy / Thematic / Other,2020-03-31,2020-03-31,8027.55,25.11
NIFTYALPHAQUALITYLOWVOLATILITY30,NIFTY Alpha Quality Low-Volatility 30,Strategy / Thematic / Other,2020-06-30,2020-06-30,9126.82,26.58
NIFTYALPHAQUALITYLOWVOLATILITY30,NIFTY Alpha Quality Low-Volatility 30,Strategy / Thematic / Other,2020-09-30,2020-09-30,10149.56,30.08
NIFTYALPHAQUALITYLOWVOLATILITY30,NIFTY Alpha Quality Low-Volatility 30,Strategy / Thematic / Other,2020-12-31,2020-12-31,11924.35,36.08
NIFTYALPHAQUALITYLOWVOLATILITY30,NIFTY Alpha Quality Low-Volatility 30,Strategy / Thematic / Other,2021-03-31,2021-03-31,12116.38,31.27
NIFTYALPHAQUALITYLOWVOLATILITY30,NIFTY Alpha Quality Low-Volatility 30,Strategy / Thematic / Other,2021-06-30,2021-06-30,13160.39,39.22
NIFTYALPHAQUALITYLOWVOLATILITY30,NIFTY Alpha Quality Low-Volatility 30,Strategy / Thematic / Other,2021-09-30,2021-09-30,14740.74,41.31
NIFTYALPHAQUALITYLOWVOLATILITY30,NIFTY Alpha Quality Low-Volatility 30,Strategy / Thematic / Other,2021-12-31,2021-12-31,14877.95,38.91
NIFTYALPHAQUALITYLOWVOLATILITY30,NIFTY Alpha Quality Low-Volatility 30,Strategy / Thematic / Other,2022-03-31,2022-03-31,14197.15,37.28
NIFTYALPHAQUALITYLOWVOLATILITY30,NIFTY Alpha Quality Low-Volatility 30,Strategy / Thematic / Other,2022-06-30,2022-06-30,12728.89,31.38
NIFTYALPHAQUALITYLOWVOLATILITY30,NIFTY Alpha Quality Low-Volatility 30,Strategy / Thematic / Other,2022-09-30,2022-09-30,13890.52,33.53
NIFTYALPHAQUALITYLOWVOLATILITY30,NIFTY Alpha Quality Low-Volatility 30,Strategy / Thematic / Other,2022-12-31,2022-12-30,13955.84,20.71
NIFTYALPHAQUALITYLOWVOLATILITY30,NIFTY Alpha Quality Low-Volatility 30,Strategy / Thematic / Other,2023-03-31,2023-03-31,13768.12,19.61
NIFTYALPHAQUALITYLOWVOLATILITY30,NIFTY Alpha Quality Low-Volatility 30,Strategy / Thematic / Other,2023-06-30,2023-06-30,15708.7,21.87
NIFTYALPHAQUALITYLOWVOLATILITY30,NIFTY Alpha Quality Low-Volatility 30,Strategy / Thematic / Other,2023-09-30,2023-09-29,16302.19,21.76
NIFTYALPHAQUALITYLOWVOLATILITY30,NIFTY Alpha Quality Low-Volatility 30,Strategy / Thematic / Other,2023-12-31,2023-12-29,19202.05,27.54
NIFTYALPHAQUALITYLOWVOLATILITY30,NIFTY Alpha Quality Low-Volatility 30,Strategy / Thematic / Other,2024-03-31,2024-03-28,21047.91,28.79
NIFTYALPHAQUALITYLOWVOLATILITY30,NIFTY Alpha Quality Low-Volatility 30,Strategy / Thematic / Other,2024-06-30,2024-06-28,23391.15,32.24
NIFTYALPHAQUALITYLOWVOLATILITY30,NIFTY Alpha Quality Low-Volatility 30,Strategy / Thematic / Other,2024-09-30,2024-09-30,25758.09,33.93
NIFTYALPHAQUALITYLOWVOLATILITY30,NIFTY Alpha Quality Low-Volatility 30,Strategy / Thematic / Other,2024-12-31,2024-12-31,22700.1,37.16
NIFTYALPHAQUALITYLOWVOLATILITY30,NIFTY Alpha Quality Low-Volatility 30,Strategy / Thematic / Other,2025-03-31,2025-03-28,20801.45,33.72
NIFTYALPHAQUALITYLOWVOLATILITY30,NIFTY Alpha Quality Low-Volatility 30,Strategy / Thematic / Other,2025-06-30,2025-06-30,22540,38.03
NIFTYALPHAQUALITYLOWVOLATILITY30,NIFTY Alpha Quality Low-Volatility 30,Strategy / Thematic / Other,2025-09-30,2025-09-30,22171.4,36.4
NIFTYALPHAQUALITYLOWVOLATILITY30,NIFTY Alpha Quality Low-Volatility 30,Strategy / Thematic / Other,2025-12-31,2025-12-31,22837.3,33.61
NIFTYALPHAQUALITYLOWVOLATILITY30,NIFTY Alpha Quality Low-Volatility 30,Strategy / Thematic / Other,2026-03-31,2026-03-30,20283.75,29.65
NIFTYALPHAQUALITYLOWVOLATILITY30,NIFTY Alpha Quality Low-Volatility 30,Strategy / Thematic / Other,2026-06-30,2026-06-30,22530.7,29.03
NIFTYALPHAQUALITYVALUELOWVOLATILITY30,NIFTY Alpha Quality Value Low-Volatility 30,Strategy / Thematic / Other,2017-09-30,2017-09-29,6428.23,19.84
NIFTYALPHAQUALITYVALUELOWVOLATILITY30,NIFTY Alpha Quality Value Low-Volatility 30,Strategy / Thematic / Other,2017-12-31,2017-12-29,7087.55,24.47
NIFTYALPHAQUALITYVALUELOWVOLATILITY30,NIFTY Alpha Quality Value Low-Volatility 30,Strategy / Thematic / Other,2018-03-31,2018-03-28,6865.65,22.55
NIFTYALPHAQUALITYVALUELOWVOLATILITY30,NIFTY Alpha Quality Value Low-Volatility 30,Strategy / Thematic / Other,2018-06-30,2018-06-29,7023.09,26.78
NIFTYALPHAQUALITYVALUELOWVOLATILITY30,NIFTY Alpha Quality Value Low-Volatility 30,Strategy / Thematic / Other,2018-09-30,2018-09-28,7023.83,27.8
NIFTYALPHAQUALITYVALUELOWVOLATILITY30,NIFTY Alpha Quality Value Low-Volatility 30,Strategy / Thematic / Other,2018-12-31,2018-12-31,7131.23,24.58
NIFTYALPHAQUALITYVALUELOWVOLATILITY30,NIFTY Alpha Quality Value Low-Volatility 30,Strategy / Thematic / Other,2019-03-31,2019-03-29,7310.94,23.86
NIFTYALPHAQUALITYVALUELOWVOLATILITY30,NIFTY Alpha Quality Value Low-Volatility 30,Strategy / Thematic / Other,2019-06-30,2019-06-28,7160.09,22.46
NIFTYALPHAQUALITYVALUELOWVOLATILITY30,NIFTY Alpha Quality Value Low-Volatility 30,Strategy / Thematic / Other,2019-09-30,2019-09-30,7290.72,21.3
NIFTYALPHAQUALITYVALUELOWVOLATILITY30,NIFTY Alpha Quality Value Low-Volatility 30,Strategy / Thematic / Other,2019-12-31,2019-12-31,7290.46,20.12
NIFTYALPHAQUALITYVALUELOWVOLATILITY30,NIFTY Alpha Quality Value Low-Volatility 30,Strategy / Thematic / Other,2020-03-31,2020-03-31,6042.81,16.88
NIFTYALPHAQUALITYVALUELOWVOLATILITY30,NIFTY Alpha Quality Value Low-Volatility 30,Strategy / Thematic / Other,2020-06-30,2020-06-30,6961.87,19.03
NIFTYALPHAQUALITYVALUELOWVOLATILITY30,NIFTY Alpha Quality Value Low-Volatility 30,Strategy / Thematic / Other,2020-09-30,2020-09-30,7661.87,21.26
NIFTYALPHAQUALITYVALUELOWVOLATILITY30,NIFTY Alpha Quality Value Low-Volatility 30,Strategy / Thematic / Other,2020-12-31,2020-12-31,8986.4,24.71
NIFTYALPHAQUALITYVALUELOWVOLATILITY30,NIFTY Alpha Quality Value Low-Volatility 30,Strategy / Thematic / Other,2021-03-31,2021-03-31,9148.38,22.73
NIFTYALPHAQUALITYVALUELOWVOLATILITY30,NIFTY Alpha Quality Value Low-Volatility 30,Strategy / Thematic / Other,2021-06-30,2021-06-30,10090.67,23.41
NIFTYALPHAQUALITYVALUELOWVOLATILITY30,NIFTY Alpha Quality Value Low-Volatility 30,Strategy / Thematic / Other,2021-09-30,2021-09-30,11255.08,24.59
NIFTYALPHAQUALITYVALUELOWVOLATILITY30,NIFTY Alpha Quality Value Low-Volatility 30,Strategy / Thematic / Other,2021-12-31,2021-12-31,11074.59,21.85
NIFTYALPHAQUALITYVALUELOWVOLATILITY30,NIFTY Alpha Quality Value Low-Volatility 30,Strategy / Thematic / Other,2022-03-31,2022-03-31,10701.1,20.69
NIFTYALPHAQUALITYVALUELOWVOLATILITY30,NIFTY Alpha Quality Value Low-Volatility 30,Strategy / Thematic / Other,2022-06-30,2022-06-30,10018.88,18.12
NIFTYALPHAQUALITYVALUELOWVOLATILITY30,NIFTY Alpha Quality Value Low-Volatility 30,Strategy / Thematic / Other,2022-09-30,2022-09-30,11105.53,18.06
NIFTYALPHAQUALITYVALUELOWVOLATILITY30,NIFTY Alpha Quality Value Low-Volatility 30,Strategy / Thematic / Other,2022-12-31,2022-12-30,11435.95,14.86
NIFTYALPHAQUALITYVALUELOWVOLATILITY30,NIFTY Alpha Quality Value Low-Volatility 30,Strategy / Thematic / Other,2023-03-31,2023-03-31,11392.81,14.26
NIFTYALPHAQUALITYVALUELOWVOLATILITY30,NIFTY Alpha Quality Value Low-Volatility 30,Strategy / Thematic / Other,2023-06-30,2023-06-30,13207.13,16.66
NIFTYALPHAQUALITYVALUELOWVOLATILITY30,NIFTY Alpha Quality Value Low-Volatility 30,Strategy / Thematic / Other,2023-09-30,2023-09-29,14170.16,17.24
NIFTYALPHAQUALITYVALUELOWVOLATILITY30,NIFTY Alpha Quality Value Low-Volatility 30,Strategy / Thematic / Other,2023-12-31,2023-12-29,16996.76,18.18
NIFTYALPHAQUALITYVALUELOWVOLATILITY30,NIFTY Alpha Quality Value Low-Volatility 30,Strategy / Thematic / Other,2024-03-31,2024-03-28,18329.04,19.01
NIFTYALPHAQUALITYVALUELOWVOLATILITY30,NIFTY Alpha Quality Value Low-Volatility 30,Strategy / Thematic / Other,2024-06-30,2024-06-28,20647.43,21.75
NIFTYALPHAQUALITYVALUELOWVOLATILITY30,NIFTY Alpha Quality Value Low-Volatility 30,Strategy / Thematic / Other,2024-09-30,2024-09-30,22716.73,23.24
NIFTYALPHAQUALITYVALUELOWVOLATILITY30,NIFTY Alpha Quality Value Low-Volatility 30,Strategy / Thematic / Other,2024-12-31,2024-12-31,20379.55,27.01
NIFTYALPHAQUALITYVALUELOWVOLATILITY30,NIFTY Alpha Quality Value Low-Volatility 30,Strategy / Thematic / Other,2025-03-31,2025-03-28,19091.2,24.82
NIFTYALPHAQUALITYVALUELOWVOLATILITY30,NIFTY Alpha Quality Value Low-Volatility 30,Strategy / Thematic / Other,2025-06-30,2025-06-30,20720.9,25.09
NIFTYALPHAQUALITYVALUELOWVOLATILITY30,NIFTY Alpha Quality Value Low-Volatility 30,Strategy / Thematic / Other,2025-09-30,2025-09-30,20531.15,24.15
NIFTYALPHAQUALITYVALUELOWVOLATILITY30,NIFTY Alpha Quality Value Low-Volatility 30,Strategy / Thematic / Other,2025-12-31,2025-12-31,21453.15,23.77
NIFTYALPHAQUALITYVALUELOWVOLATILITY30,NIFTY Alpha Quality Value Low-Volatility 30,Strategy / Thematic / Other,2026-03-31,2026-03-30,18543.9,20.23
NIFTYALPHAQUALITYVALUELOWVOLATILITY30,NIFTY Alpha Quality Value Low-Volatility 30,Strategy / Thematic / Other,2026-06-30,2026-06-30,19921.05,16.61
NIFTYAUTO,NIFTY Auto,Sectoral,2015-12-31,2015-12-31,8254.75,41.47
NIFTYAUTO,NIFTY Auto,Sectoral,2016-03-31,2016-03-31,8087.6,34.07
NIFTYAUTO,NIFTY Auto,Sectoral,2016-06-30,2016-06-30,8863.75,34.04
NIFTYAUTO,NIFTY Auto,Sectoral,2016-09-30,2016-09-30,10029.3,37.95
NIFTYAUTO,NIFTY Auto,Sectoral,2016-12-31,2016-12-30,9141.75,32.47
NIFTYAUTO,NIFTY Auto,Sectoral,2017-03-31,2017-03-31,9880.2,34.52
NIFTYAUTO,NIFTY Auto,Sectoral,2017-06-30,2017-06-30,10540.25,38.35
NIFTYAUTO,NIFTY Auto,Sectoral,2017-09-30,2017-09-29,10811.25,41.91
NIFTYAUTO,NIFTY Auto,Sectoral,2017-12-31,2017-12-29,12009.7,42.63
NIFTYAUTO,NIFTY Auto,Sectoral,2018-03-31,2018-03-28,10821.35,35.08
NIFTYAUTO,NIFTY Auto,Sectoral,2018-06-30,2018-06-29,10709.05,32.74
NIFTYAUTO,NIFTY Auto,Sectoral,2018-09-30,2018-09-28,9590.25,25.72
NIFTYAUTO,NIFTY Auto,Sectoral,2018-12-31,2018-12-31,9235.55,25.73
NIFTYAUTO,NIFTY Auto,Sectoral,2019-03-31,2019-03-29,8335.35,23.25
NIFTYAUTO,NIFTY Auto,Sectoral,2019-06-30,2019-06-28,7928.05,21.98
NIFTYAUTO,NIFTY Auto,Sectoral,2019-09-30,2019-09-30,7493.15,19.98
NIFTYAUTO,NIFTY Auto,Sectoral,2019-12-31,2019-12-31,8248.3,24.35
NIFTYAUTO,NIFTY Auto,Sectoral,2020-03-31,2020-03-31,4731.3,15.49
NIFTYAUTO,NIFTY Auto,Sectoral,2020-06-30,2020-06-30,6719.15,36.73
NIFTYAUTO,NIFTY Auto,Sectoral,2020-09-30,2020-09-30,7908.1,141.16
NIFTYAUTO,NIFTY Auto,Sectoral,2020-12-31,2020-12-31,9193.5,302.4
NIFTYAUTO,NIFTY Auto,Sectoral,2021-03-31,2021-03-31,9862.45,713.22
NIFTYAUTO,NIFTY Auto,Sectoral,2021-06-30,2021-06-30,10600.35,94.51
NIFTYAUTO,NIFTY Auto,Sectoral,2021-09-30,2021-09-30,10598.45,58.33
NIFTYAUTO,NIFTY Auto,Sectoral,2021-12-31,2021-12-31,10936.9,60.71
NIFTYAUTO,NIFTY Auto,Sectoral,2022-03-31,2022-03-31,10552.1,77.31
NIFTYAUTO,NIFTY Auto,Sectoral,2022-06-30,2022-06-30,11701.15,54.22
NIFTYAUTO,NIFTY Auto,Sectoral,2022-09-30,2022-09-30,12699.3,46.75
NIFTYAUTO,NIFTY Auto,Sectoral,2022-12-31,2022-12-30,12611.7,38.3
NIFTYAUTO,NIFTY Auto,Sectoral,2023-03-31,2023-03-31,12243.8,30.99
NIFTYAUTO,NIFTY Auto,Sectoral,2023-06-30,2023-06-30,15147.65,30.87
NIFTYAUTO,NIFTY Auto,Sectoral,2023-09-30,2023-09-29,16184.4,25.61
NIFTYAUTO,NIFTY Auto,Sectoral,2023-12-31,2023-12-29,18618.2,26.33
NIFTYAUTO,NIFTY Auto,Sectoral,2024-03-31,2024-03-28,21419.1,25.14
NIFTYAUTO,NIFTY Auto,Sectoral,2024-06-30,2024-06-28,25200.6,24.45
NIFTYAUTO,NIFTY Auto,Sectoral,2024-09-30,2024-09-30,27027.2,26.47
NIFTYAUTO,NIFTY Auto,Sectoral,2024-12-31,2024-12-31,22834,22.29
NIFTYAUTO,NIFTY Auto,Sectoral,2025-03-31,2025-03-28,21295.5,20.82
NIFTYAUTO,NIFTY Auto,Sectoral,2025-06-30,2025-06-30,23872.55,24.91
NIFTYAUTO,NIFTY Auto,Sectoral,2025-09-30,2025-09-30,26542.35,27.52
NIFTYAUTO,NIFTY Auto,Sectoral,2025-12-31,2025-12-31,28189.6,30.61
NIFTYAUTO,NIFTY Auto,Sectoral,2026-03-31,2026-03-30,23769.6,28.1
NIFTYAUTO,NIFTY Auto,Sectoral,2026-06-30,2026-06-30,26479.8,30.55
NIFTYBANK,NIFTY Bank,Sectoral,2015-12-31,2015-12-31,16922.2,17.69
NIFTYBANK,NIFTY Bank,Sectoral,2016-03-31,2016-03-31,16141.65,17.94
NIFTYBANK,NIFTY Bank,Sectoral,2016-06-30,2016-06-30,17935.4,25.8
NIFTYBANK,NIFTY Bank,Sectoral,2016-09-30,2016-09-30,19285.7,28.95
NIFTYBANK,NIFTY Bank,Sectoral,2016-12-31,2016-12-30,18177.2,27.29
NIFTYBANK,NIFTY Bank,Sectoral,2017-03-31,2017-03-31,21444.15,29.32
NIFTYBANK,NIFTY Bank,Sectoral,2017-06-30,2017-06-30,23211.2,26.1
NIFTYBANK,NIFTY Bank,Sectoral,2017-09-30,2017-09-29,24053,27.41
NIFTYBANK,NIFTY Bank,Sectoral,2017-12-31,2017-12-29,25539.45,29.57
NIFTYBANK,NIFTY Bank,Sectoral,2018-03-31,2018-03-28,24263.35,29.59
NIFTYBANK,NIFTY Bank,Sectoral,2018-06-30,2018-06-29,26364.2,40.77
NIFTYBANK,NIFTY Bank,Sectoral,2018-09-30,2018-09-28,25119.85,53.65
NIFTYBANK,NIFTY Bank,Sectoral,2018-12-31,2018-12-31,27160.2,54.61
NIFTYBANK,NIFTY Bank,Sectoral,2019-03-31,2019-03-29,30426.8,64.82
NIFTYBANK,NIFTY Bank,Sectoral,2019-06-30,2019-06-28,31105.2,67.29
NIFTYBANK,NIFTY Bank,Sectoral,2019-09-30,2019-09-30,29103.15,38.87
NIFTYBANK,NIFTY Bank,Sectoral,2019-12-31,2019-12-31,32161.65,40.8
NIFTYBANK,NIFTY Bank,Sectoral,2020-03-31,2020-03-31,19144,20.68
NIFTYBANK,NIFTY Bank,Sectoral,2020-06-30,2020-06-30,21370.15,22.95
NIFTYBANK,NIFTY Bank,Sectoral,2020-09-30,2020-09-30,21451.8,23.73
NIFTYBANK,NIFTY Bank,Sectoral,2020-12-31,2020-12-31,31264.05,30.09
NIFTYBANK,NIFTY Bank,Sectoral,2021-03-31,2021-03-31,33303.9,25.87
NIFTYBANK,NIFTY Bank,Sectoral,2021-06-30,2021-06-30,34772.2,23.75
NIFTYBANK,NIFTY Bank,Sectoral,2021-09-30,2021-09-30,37425.1,24.32
NIFTYBANK,NIFTY Bank,Sectoral,2021-12-31,2021-12-31,35481.7,22.33
NIFTYBANK,NIFTY Bank,Sectoral,2022-03-31,2022-03-31,36373.6,20.51
NIFTYBANK,NIFTY Bank,Sectoral,2022-06-30,2022-06-30,33425.1,16.65
NIFTYBANK,NIFTY Bank,Sectoral,2022-09-30,2022-09-30,38631.95,17.97
NIFTYBANK,NIFTY Bank,Sectoral,2022-12-31,2022-12-30,42986.45,18.08
NIFTYBANK,NIFTY Bank,Sectoral,2023-03-31,2023-03-31,40608.65,15.56
NIFTYBANK,NIFTY Bank,Sectoral,2023-06-30,2023-06-30,44747.35,16.81
NIFTYBANK,NIFTY Bank,Sectoral,2023-09-30,2023-09-29,44584.55,16.39
NIFTYBANK,NIFTY Bank,Sectoral,2023-12-31,2023-12-29,48292.25,16.6
NIFTYBANK,NIFTY Bank,Sectoral,2024-03-31,2024-03-28,47124.6,15.84
NIFTYBANK,NIFTY Bank,Sectoral,2024-06-30,2024-06-28,52342.25,15.97
NIFTYBANK,NIFTY Bank,Sectoral,2024-09-30,2024-09-30,52978.1,14.84
NIFTYBANK,NIFTY Bank,Sectoral,2024-12-31,2024-12-31,50860.2,13.68
NIFTYBANK,NIFTY Bank,Sectoral,2025-03-31,2025-03-28,51564.85,13.18
NIFTYBANK,NIFTY Bank,Sectoral,2025-06-30,2025-06-30,57312.75,15.19
NIFTYBANK,NIFTY Bank,Sectoral,2025-09-30,2025-09-30,54635.85,15.09
NIFTYBANK,NIFTY Bank,Sectoral,2025-12-31,2025-12-31,59581.85,16.4
NIFTYBANK,NIFTY Bank,Sectoral,2026-03-31,2026-03-30,50275.35,13.38
NIFTYBANK,NIFTY Bank,Sectoral,2026-06-30,2026-06-30,57542.9,14.46
NIFTYCAPITALGOODS,NIFTY Capital Goods,Sectoral,2026-06-30,2026-06-30,17408.66,49.53
NIFTYCAPITALMARKETS,NIFTY Capital Markets,Strategy / Thematic / Other,2024-09-30,2024-09-30,3419.89,45.93
NIFTYCAPITALMARKETS,NIFTY Capital Markets,Strategy / Thematic / Other,2024-12-31,2024-12-31,4027.75,46.1
NIFTYCAPITALMARKETS,NIFTY Capital Markets,Strategy / Thematic / Other,2025-03-31,2025-03-28,3415.75,36.23
NIFTYCAPITALMARKETS,NIFTY Capital Markets,Strategy / Thematic / Other,2025-06-30,2025-06-30,4730.1,48.04
NIFTYCAPITALMARKETS,NIFTY Capital Markets,Strategy / Thematic / Other,2025-09-30,2025-09-30,4143.65,40.79
NIFTYCAPITALMARKETS,NIFTY Capital Markets,Strategy / Thematic / Other,2025-12-31,2025-12-31,4656.3,45.37
NIFTYCAPITALMARKETS,NIFTY Capital Markets,Strategy / Thematic / Other,2026-03-31,2026-03-30,4251.8,39.6
NIFTYCAPITALMARKETS,NIFTY Capital Markets,Strategy / Thematic / Other,2026-06-30,2026-06-30,5447.4,47.67
NIFTYCEMENT,NIFTY Cement,Sectoral,2026-03-31,2026-03-30,13767.34,26.71
NIFTYCEMENT,NIFTY Cement,Sectoral,2026-06-30,2026-06-30,14859.4,28.18
NIFTYCHEMICALS,NIFTY Chemicals,Sectoral,2025-03-31,2025-03-28,27879.52,53.22
NIFTYCHEMICALS,NIFTY Chemicals,Sectoral,2025-06-30,2025-06-30,31895.46,47.69
NIFTYCHEMICALS,NIFTY Chemicals,Sectoral,2025-09-30,2025-09-30,28611.86,43.49
NIFTYCHEMICALS,NIFTY Chemicals,Sectoral,2025-12-31,2025-12-31,29049.9,39.51
NIFTYCHEMICALS,NIFTY Chemicals,Sectoral,2026-03-31,2026-03-30,24936,35.14
NIFTYCHEMICALS,NIFTY Chemicals,Sectoral,2026-06-30,2026-06-30,29615.5,47.46
NIFTYCOMMERCIALTRANSPORTSERVICES,NIFTY Commercial & Transport Services,Sectoral,2026-06-30,2026-06-30,13531.11,39.91
NIFTYCOMMODITIES,NIFTY Commodities,Strategy / Thematic / Other,2015-12-31,2015-12-31,2432.15,15.15
NIFTYCOMMODITIES,NIFTY Commodities,Strategy / Thematic / Other,2016-03-31,2016-03-31,2438.7,15.69
NIFTYCOMMODITIES,NIFTY Commodities,Strategy / Thematic / Other,2016-06-30,2016-06-30,2709.6,16.4
NIFTYCOMMODITIES,NIFTY Commodities,Strategy / Thematic / Other,2016-09-30,2016-09-30,3029.75,18
NIFTYCOMMODITIES,NIFTY Commodities,Strategy / Thematic / Other,2016-12-31,2016-12-30,3033.8,17.56
NIFTYCOMMODITIES,NIFTY Commodities,Strategy / Thematic / Other,2017-03-31,2017-03-31,3459.15,17.32
NIFTYCOMMODITIES,NIFTY Commodities,Strategy / Thematic / Other,2017-06-30,2017-06-30,3413.95,15.32
NIFTYCOMMODITIES,NIFTY Commodities,Strategy / Thematic / Other,2017-09-30,2017-09-29,3751.2,18.1
NIFTYCOMMODITIES,NIFTY Commodities,Strategy / Thematic / Other,2017-12-31,2017-12-29,4087.95,18.65
NIFTYCOMMODITIES,NIFTY Commodities,Strategy / Thematic / Other,2018-03-31,2018-03-28,3680.65,16.62
NIFTYCOMMODITIES,NIFTY Commodities,Strategy / Thematic / Other,2018-06-30,2018-06-29,3506.6,16.41
NIFTYCOMMODITIES,NIFTY Commodities,Strategy / Thematic / Other,2018-09-30,2018-09-28,3686.5,16.24
NIFTYCOMMODITIES,NIFTY Commodities,Strategy / Thematic / Other,2018-12-31,2018-12-31,3431.2,14.82
NIFTYCOMMODITIES,NIFTY Commodities,Strategy / Thematic / Other,2019-03-31,2019-03-29,3625.8,14.9
NIFTYCOMMODITIES,NIFTY Commodities,Strategy / Thematic / Other,2019-06-30,2019-06-28,3635.5,14.24
NIFTYCOMMODITIES,NIFTY Commodities,Strategy / Thematic / Other,2019-09-30,2019-09-30,3312.2,13.9
NIFTYCOMMODITIES,NIFTY Commodities,Strategy / Thematic / Other,2019-12-31,2019-12-31,3432.1,13.74
NIFTYCOMMODITIES,NIFTY Commodities,Strategy / Thematic / Other,2020-03-31,2020-03-31,2295.05,10.22
NIFTYCOMMODITIES,NIFTY Commodities,Strategy / Thematic / Other,2020-06-30,2020-06-30,2860,16.35
NIFTYCOMMODITIES,NIFTY Commodities,Strategy / Thematic / Other,2020-09-30,2020-09-30,3110.95,19.04
NIFTYCOMMODITIES,NIFTY Commodities,Strategy / Thematic / Other,2020-12-31,2020-12-31,3800.6,22.96
NIFTYCOMMODITIES,NIFTY Commodities,Strategy / Thematic / Other,2021-03-31,2021-03-31,4473.75,22.75
NIFTYCOMMODITIES,NIFTY Commodities,Strategy / Thematic / Other,2021-06-30,2021-06-30,5138.65,13.89
NIFTYCOMMODITIES,NIFTY Commodities,Strategy / Thematic / Other,2021-09-30,2021-09-30,5700.3,11.58
NIFTYCOMMODITIES,NIFTY Commodities,Strategy / Thematic / Other,2021-12-31,2021-12-31,5580.55,9.53
NIFTYCOMMODITIES,NIFTY Commodities,Strategy / Thematic / Other,2022-03-31,2022-03-31,5995.2,9.49
NIFTYCOMMODITIES,NIFTY Commodities,Strategy / Thematic / Other,2022-06-30,2022-06-30,5021.45,7.8
NIFTYCOMMODITIES,NIFTY Commodities,Strategy / Thematic / Other,2022-09-30,2022-09-30,5562.15,9.77
NIFTYCOMMODITIES,NIFTY Commodities,Strategy / Thematic / Other,2022-12-31,2022-12-30,5944.1,12.94
NIFTYCOMMODITIES,NIFTY Commodities,Strategy / Thematic / Other,2023-03-31,2023-03-31,5554.2,13.54
NIFTYCOMMODITIES,NIFTY Commodities,Strategy / Thematic / Other,2023-06-30,2023-06-30,6034.25,16.14
NIFTYCOMMODITIES,NIFTY Commodities,Strategy / Thematic / Other,2023-09-30,2023-09-29,6487.05,14.66
NIFTYCOMMODITIES,NIFTY Commodities,Strategy / Thematic / Other,2023-12-31,2023-12-29,7715.8,15.17
NIFTYCOMMODITIES,NIFTY Commodities,Strategy / Thematic / Other,2024-03-31,2024-03-28,8331.65,15.67
NIFTYCOMMODITIES,NIFTY Commodities,Strategy / Thematic / Other,2024-06-30,2024-06-28,9266.7,17.73
NIFTYCOMMODITIES,NIFTY Commodities,Strategy / Thematic / Other,2024-09-30,2024-09-30,9825.75,20.84
NIFTYCOMMODITIES,NIFTY Commodities,Strategy / Thematic / Other,2024-12-31,2024-12-31,8120.55,18.09
NIFTYCOMMODITIES,NIFTY Commodities,Strategy / Thematic / Other,2025-03-31,2025-03-28,8468.7,18.52
NIFTYCOMMODITIES,NIFTY Commodities,Strategy / Thematic / Other,2025-06-30,2025-06-30,8937.95,18.53
NIFTYCOMMODITIES,NIFTY Commodities,Strategy / Thematic / Other,2025-09-30,2025-09-30,8985.9,17.26
NIFTYCOMMODITIES,NIFTY Commodities,Strategy / Thematic / Other,2025-12-31,2025-12-31,9515.15,16.75
NIFTYCOMMODITIES,NIFTY Commodities,Strategy / Thematic / Other,2026-03-31,2026-03-30,9127.75,15.34
NIFTYCOMMODITIES,NIFTY Commodities,Strategy / Thematic / Other,2026-06-30,2026-06-30,9792.95,14.16
NIFTYCONGLOMERATE50,NIFTY Conglomerate 50,Strategy / Thematic / Other,2025-09-30,2025-09-30,14170.28,28.36
NIFTYCONGLOMERATE50,NIFTY Conglomerate 50,Strategy / Thematic / Other,2025-12-31,2025-12-31,15043.19,29.31
NIFTYCONGLOMERATE50,NIFTY Conglomerate 50,Strategy / Thematic / Other,2026-03-31,2026-03-30,12787.65,25.74
NIFTYCONGLOMERATE50,NIFTY Conglomerate 50,Strategy / Thematic / Other,2026-06-30,2026-06-30,14639.6,23.99
NIFTYCONSTRUCTION,NIFTY Construction,Sectoral,2026-06-30,2026-06-30,12875.09,20.83
NIFTYCONSUMERDURABLES,NIFTY Consumer Durables,Sectoral,2020-03-31,2020-03-31,12316.12,40.92
NIFTYCONSUMERDURABLES,NIFTY Consumer Durables,Sectoral,2020-06-30,2020-06-30,13254.86,44.51
NIFTYCONSUMERDURABLES,NIFTY Consumer Durables,Sectoral,2020-09-30,2020-09-30,15688.28,73.9
NIFTYCONSUMERDURABLES,NIFTY Consumer Durables,Sectoral,2020-12-31,2020-12-31,19944.95,101.01
NIFTYCONSUMERDURABLES,NIFTY Consumer Durables,Sectoral,2021-03-31,2021-03-31,21390.93,87.94
NIFTYCONSUMERDURABLES,NIFTY Consumer Durables,Sectoral,2021-06-30,2021-06-30,22999.27,77.08
NIFTYCONSUMERDURABLES,NIFTY Consumer Durables,Sectoral,2021-09-30,2021-09-30,27087.2,77.88
NIFTYCONSUMERDURABLES,NIFTY Consumer Durables,Sectoral,2021-12-31,2021-12-31,29138.95,72.97
NIFTYCONSUMERDURABLES,NIFTY Consumer Durables,Sectoral,2022-03-31,2022-03-31,27141.25,63.3
NIFTYCONSUMERDURABLES,NIFTY Consumer Durables,Sectoral,2022-06-30,2022-06-30,22820.05,56.6
NIFTYCONSUMERDURABLES,NIFTY Consumer Durables,Sectoral,2022-09-30,2022-09-30,27181.9,58.07
NIFTYCONSUMERDURABLES,NIFTY Consumer Durables,Sectoral,2022-12-31,2022-12-30,25296.7,56.48
NIFTYCONSUMERDURABLES,NIFTY Consumer Durables,Sectoral,2023-03-31,2023-03-31,24035.1,56.93
NIFTYCONSUMERDURABLES,NIFTY Consumer Durables,Sectoral,2023-06-30,2023-06-30,27130.05,60.64
NIFTYCONSUMERDURABLES,NIFTY Consumer Durables,Sectoral,2023-09-30,2023-09-29,28948.9,63.3
NIFTYCONSUMERDURABLES,NIFTY Consumer Durables,Sectoral,2023-12-31,2023-12-29,31132.35,68.63
NIFTYCONSUMERDURABLES,NIFTY Consumer Durables,Sectoral,2024-03-31,2024-03-28,32337.5,71.36
NIFTYCONSUMERDURABLES,NIFTY Consumer Durables,Sectoral,2024-06-30,2024-06-28,38357.9,88.57
NIFTYCONSUMERDURABLES,NIFTY Consumer Durables,Sectoral,2024-09-30,2024-09-30,43688.85,92.6
NIFTYCONSUMERDURABLES,NIFTY Consumer Durables,Sectoral,2024-12-31,2024-12-31,41805.8,87.48
NIFTYCONSUMERDURABLES,NIFTY Consumer Durables,Sectoral,2025-03-31,2025-03-28,35652.2,71.88
NIFTYCONSUMERDURABLES,NIFTY Consumer Durables,Sectoral,2025-06-30,2025-06-30,38441.7,69.36
NIFTYCONSUMERDURABLES,NIFTY Consumer Durables,Sectoral,2025-09-30,2025-09-30,37114.5,67.54
NIFTYCONSUMERDURABLES,NIFTY Consumer Durables,Sectoral,2025-12-31,2025-12-31,36756,61.25
NIFTYCONSUMERDURABLES,NIFTY Consumer Durables,Sectoral,2026-03-31,2026-03-30,33023.3,53.19
NIFTYCONSUMERDURABLES,NIFTY Consumer Durables,Sectoral,2026-06-30,2026-06-30,36442.85,65.56
NIFTYCONSUMERSERVICES,NIFTY Consumer Services,Sectoral,2026-06-30,2026-06-30,3464.63,119.17
NIFTYCOREHOUSING,NIFTY Core Housing,Strategy / Thematic / Other,2023-06-30,2023-06-30,11683.44,30.05
NIFTYCOREHOUSING,NIFTY Core Housing,Strategy / Thematic / Other,2023-09-30,2023-09-29,12374.91,34.62
NIFTYCOREHOUSING,NIFTY Core Housing,Strategy / Thematic / Other,2023-12-31,2023-12-29,14311.64,35.69
NIFTYCOREHOUSING,NIFTY Core Housing,Strategy / Thematic / Other,2024-03-31,2024-03-28,14428.62,35.05
NIFTYCOREHOUSING,NIFTY Core Housing,Strategy / Thematic / Other,2024-06-30,2024-06-28,17074.9,40.02
NIFTYCOREHOUSING,NIFTY Core Housing,Strategy / Thematic / Other,2024-09-30,2024-09-30,17853.22,42.24
NIFTYCOREHOUSING,NIFTY Core Housing,Strategy / Thematic / Other,2024-12-31,2024-12-31,16387.4,45.39
NIFTYCOREHOUSING,NIFTY Core Housing,Strategy / Thematic / Other,2025-03-31,2025-03-28,14971.4,36.84
NIFTYCOREHOUSING,NIFTY Core Housing,Strategy / Thematic / Other,2025-06-30,2025-06-30,16253.2,39.32
NIFTYCOREHOUSING,NIFTY Core Housing,Strategy / Thematic / Other,2025-09-30,2025-09-30,15661.95,37.22
NIFTYCOREHOUSING,NIFTY Core Housing,Strategy / Thematic / Other,2025-12-31,2025-12-31,15504.35,34.36
NIFTYCOREHOUSING,NIFTY Core Housing,Strategy / Thematic / Other,2026-03-31,2026-03-30,12986.1,28.8
NIFTYCOREHOUSING,NIFTY Core Housing,Strategy / Thematic / Other,2026-06-30,2026-06-30,15261.25,33.08
NIFTYCPSE,NIFTY Cpse,Strategy / Thematic / Other,2015-12-31,2015-12-31,2078.55,11.57
NIFTYCPSE,NIFTY Cpse,Strategy / Thematic / Other,2016-03-31,2016-03-31,1844.8,9.88
NIFTYCPSE,NIFTY Cpse,Strategy / Thematic / Other,2016-06-30,2016-06-30,1967.2,10.57
NIFTYCPSE,NIFTY Cpse,Strategy / Thematic / Other,2016-09-30,2016-09-30,2228.6,11.84
NIFTYCPSE,NIFTY Cpse,Strategy / Thematic / Other,2016-12-31,2016-12-30,2346.45,11.44
NIFTYCPSE,NIFTY Cpse,Strategy / Thematic / Other,2017-03-31,2017-03-31,2539.6,11.63
NIFTYCPSE,NIFTY Cpse,Strategy / Thematic / Other,2017-06-30,2017-06-30,2332.3,10.87
NIFTYCPSE,NIFTY Cpse,Strategy / Thematic / Other,2017-09-30,2017-09-29,2521.55,12.42
NIFTYCPSE,NIFTY Cpse,Strategy / Thematic / Other,2017-12-31,2017-12-29,2683.4,13.29
NIFTYCPSE,NIFTY Cpse,Strategy / Thematic / Other,2018-03-31,2018-03-28,2419.5,11.39
NIFTYCPSE,NIFTY Cpse,Strategy / Thematic / Other,2018-06-30,2018-06-29,2221.9,10.12
NIFTYCPSE,NIFTY Cpse,Strategy / Thematic / Other,2018-09-30,2018-09-28,2279.7,11.04
NIFTYCPSE,NIFTY Cpse,Strategy / Thematic / Other,2018-12-31,2018-12-31,2064.95,9.26
NIFTYCPSE,NIFTY Cpse,Strategy / Thematic / Other,2019-03-31,2019-03-29,2269.75,9.22
NIFTYCPSE,NIFTY Cpse,Strategy / Thematic / Other,2019-06-30,2019-06-28,2364.95,9.37
NIFTYCPSE,NIFTY Cpse,Strategy / Thematic / Other,2019-09-30,2019-09-30,1963.5,8.33
NIFTYCPSE,NIFTY Cpse,Strategy / Thematic / Other,2019-12-31,2019-12-31,1935.9,8.76
NIFTYCPSE,NIFTY Cpse,Strategy / Thematic / Other,2020-03-31,2020-03-31,1315.55,6.84
NIFTYCPSE,NIFTY Cpse,Strategy / Thematic / Other,2020-06-30,2020-06-30,1440.55,7.27
NIFTYCPSE,NIFTY Cpse,Strategy / Thematic / Other,2020-09-30,2020-09-30,1322.4,8.42
NIFTYCPSE,NIFTY Cpse,Strategy / Thematic / Other,2020-12-31,2020-12-31,1628.65,10.86
NIFTYCPSE,NIFTY Cpse,Strategy / Thematic / Other,2021-03-31,2021-03-31,1773.8,10.08
NIFTYCPSE,NIFTY Cpse,Strategy / Thematic / Other,2021-06-30,2021-06-30,2052.65,8.41
NIFTYCPSE,NIFTY Cpse,Strategy / Thematic / Other,2021-09-30,2021-09-30,2362.55,8.14
NIFTYCPSE,NIFTY Cpse,Strategy / Thematic / Other,2021-12-31,2021-12-31,2263.45,6.65
NIFTYCPSE,NIFTY Cpse,Strategy / Thematic / Other,2022-03-31,2022-03-31,2501.15,6.88
NIFTYCPSE,NIFTY Cpse,Strategy / Thematic / Other,2022-06-30,2022-06-30,2461.9,6.37
NIFTYCPSE,NIFTY Cpse,Strategy / Thematic / Other,2022-09-30,2022-09-30,2563.15,6.33
NIFTYCPSE,NIFTY Cpse,Strategy / Thematic / Other,2022-12-31,2022-12-30,2798.05,7.19
NIFTYCPSE,NIFTY Cpse,Strategy / Thematic / Other,2023-03-31,2023-03-31,2916.95,7.04
NIFTYCPSE,NIFTY Cpse,Strategy / Thematic / Other,2023-06-30,2023-06-30,3257.95,8.26
NIFTYCPSE,NIFTY Cpse,Strategy / Thematic / Other,2023-09-30,2023-09-29,3909.9,9.41
NIFTYCPSE,NIFTY Cpse,Strategy / Thematic / Other,2023-12-31,2023-12-29,4860.45,10.64
NIFTYCPSE,NIFTY Cpse,Strategy / Thematic / Other,2024-03-31,2024-03-28,5759.35,12.56
NIFTYCPSE,NIFTY Cpse,Strategy / Thematic / Other,2024-06-30,2024-06-28,6806.75,13.83
NIFTYCPSE,NIFTY Cpse,Strategy / Thematic / Other,2024-09-30,2024-09-30,7258.05,14.71
NIFTYCPSE,NIFTY Cpse,Strategy / Thematic / Other,2024-12-31,2024-12-31,6088.1,12.7
NIFTYCPSE,NIFTY Cpse,Strategy / Thematic / Other,2025-03-31,2025-03-28,6139.8,13.02
NIFTYCPSE,NIFTY Cpse,Strategy / Thematic / Other,2025-06-30,2025-06-30,6637,13.95
NIFTYCPSE,NIFTY Cpse,Strategy / Thematic / Other,2025-09-30,2025-09-30,6459.35,13.57
NIFTYCPSE,NIFTY Cpse,Strategy / Thematic / Other,2025-12-31,2025-12-31,6365.25,13.27
NIFTYCPSE,NIFTY Cpse,Strategy / Thematic / Other,2026-03-31,2026-03-30,6900.85,14.23
NIFTYCPSE,NIFTY Cpse,Strategy / Thematic / Other,2026-06-30,2026-06-30,6697.2,12.76
NIFTYDIVIDENDOPPORTUNITIES50,NIFTY Dividend Opportunities 50,Strategy / Thematic / Other,2015-12-31,2015-12-31,1914.7,16.47
NIFTYDIVIDENDOPPORTUNITIES50,NIFTY Dividend Opportunities 50,Strategy / Thematic / Other,2016-03-31,2016-03-31,1813.6,15.66
NIFTYDIVIDENDOPPORTUNITIES50,NIFTY Dividend Opportunities 50,Strategy / Thematic / Other,2016-06-30,2016-06-30,1959.7,20.18
NIFTYDIVIDENDOPPORTUNITIES50,NIFTY Dividend Opportunities 50,Strategy / Thematic / Other,2016-09-30,2016-09-30,2109.95,22.77
NIFTYDIVIDENDOPPORTUNITIES50,NIFTY Dividend Opportunities 50,Strategy / Thematic / Other,2016-12-31,2016-12-30,2104.55,15.87
NIFTYDIVIDENDOPPORTUNITIES50,NIFTY Dividend Opportunities 50,Strategy / Thematic / Other,2017-03-31,2017-03-31,2328.85,16.69
NIFTYDIVIDENDOPPORTUNITIES50,NIFTY Dividend Opportunities 50,Strategy / Thematic / Other,2017-06-30,2017-06-30,2361.9,16.82
NIFTYDIVIDENDOPPORTUNITIES50,NIFTY Dividend Opportunities 50,Strategy / Thematic / Other,2017-09-30,2017-09-29,2434.45,18.15
NIFTYDIVIDENDOPPORTUNITIES50,NIFTY Dividend Opportunities 50,Strategy / Thematic / Other,2017-12-31,2017-12-29,2637.4,18.54
NIFTYDIVIDENDOPPORTUNITIES50,NIFTY Dividend Opportunities 50,Strategy / Thematic / Other,2018-03-31,2018-03-28,2522.8,16.85
NIFTYDIVIDENDOPPORTUNITIES50,NIFTY Dividend Opportunities 50,Strategy / Thematic / Other,2018-06-30,2018-06-29,2600,16.5
NIFTYDIVIDENDOPPORTUNITIES50,NIFTY Dividend Opportunities 50,Strategy / Thematic / Other,2018-09-30,2018-09-28,2664.4,16.4
NIFTYDIVIDENDOPPORTUNITIES50,NIFTY Dividend Opportunities 50,Strategy / Thematic / Other,2018-12-31,2018-12-31,2589.1,15.79
NIFTYDIVIDENDOPPORTUNITIES50,NIFTY Dividend Opportunities 50,Strategy / Thematic / Other,2019-03-31,2019-03-29,2701.25,15.84
NIFTYDIVIDENDOPPORTUNITIES50,NIFTY Dividend Opportunities 50,Strategy / Thematic / Other,2019-06-30,2019-06-28,2668.85,15.16
NIFTYDIVIDENDOPPORTUNITIES50,NIFTY Dividend Opportunities 50,Strategy / Thematic / Other,2019-09-30,2019-09-30,2564.9,15.18
NIFTYDIVIDENDOPPORTUNITIES50,NIFTY Dividend Opportunities 50,Strategy / Thematic / Other,2019-12-31,2019-12-31,2537.1,14.66
NIFTYDIVIDENDOPPORTUNITIES50,NIFTY Dividend Opportunities 50,Strategy / Thematic / Other,2020-03-31,2020-03-31,1941.25,11.28
NIFTYDIVIDENDOPPORTUNITIES50,NIFTY Dividend Opportunities 50,Strategy / Thematic / Other,2020-06-30,2020-06-30,2253.45,14.4
NIFTYDIVIDENDOPPORTUNITIES50,NIFTY Dividend Opportunities 50,Strategy / Thematic / Other,2020-09-30,2020-09-30,2368.35,16.86
NIFTYDIVIDENDOPPORTUNITIES50,NIFTY Dividend Opportunities 50,Strategy / Thematic / Other,2020-12-31,2020-12-31,2857.35,20.57
NIFTYDIVIDENDOPPORTUNITIES50,NIFTY Dividend Opportunities 50,Strategy / Thematic / Other,2021-03-31,2021-03-31,3067.1,21.13
NIFTYDIVIDENDOPPORTUNITIES50,NIFTY Dividend Opportunities 50,Strategy / Thematic / Other,2021-06-30,2021-06-30,3345.8,17.97
NIFTYDIVIDENDOPPORTUNITIES50,NIFTY Dividend Opportunities 50,Strategy / Thematic / Other,2021-09-30,2021-09-30,3747.1,16.89
NIFTYDIVIDENDOPPORTUNITIES50,NIFTY Dividend Opportunities 50,Strategy / Thematic / Other,2021-12-31,2021-12-31,3718.3,14.55
NIFTYDIVIDENDOPPORTUNITIES50,NIFTY Dividend Opportunities 50,Strategy / Thematic / Other,2022-03-31,2022-03-31,3705.9,12.68
NIFTYDIVIDENDOPPORTUNITIES50,NIFTY Dividend Opportunities 50,Strategy / Thematic / Other,2022-06-30,2022-06-30,3339.65,11.3
NIFTYDIVIDENDOPPORTUNITIES50,NIFTY Dividend Opportunities 50,Strategy / Thematic / Other,2022-09-30,2022-09-30,3567.65,12.79
NIFTYDIVIDENDOPPORTUNITIES50,NIFTY Dividend Opportunities 50,Strategy / Thematic / Other,2022-12-31,2022-12-30,3788.15,15.02
NIFTYDIVIDENDOPPORTUNITIES50,NIFTY Dividend Opportunities 50,Strategy / Thematic / Other,2023-03-31,2023-03-31,3874.6,14.84
NIFTYDIVIDENDOPPORTUNITIES50,NIFTY Dividend Opportunities 50,Strategy / Thematic / Other,2023-06-30,2023-06-30,4270,16.81
NIFTYDIVIDENDOPPORTUNITIES50,NIFTY Dividend Opportunities 50,Strategy / Thematic / Other,2023-09-30,2023-09-29,4602.05,15.9
NIFTYDIVIDENDOPPORTUNITIES50,NIFTY Dividend Opportunities 50,Strategy / Thematic / Other,2023-12-31,2023-12-29,5384.4,17.1
NIFTYDIVIDENDOPPORTUNITIES50,NIFTY Dividend Opportunities 50,Strategy / Thematic / Other,2024-03-31,2024-03-28,5719.85,16.69
NIFTYDIVIDENDOPPORTUNITIES50,NIFTY Dividend Opportunities 50,Strategy / Thematic / Other,2024-06-30,2024-06-28,6246.05,17.72
NIFTYDIVIDENDOPPORTUNITIES50,NIFTY Dividend Opportunities 50,Strategy / Thematic / Other,2024-09-30,2024-09-30,6931.8,19.69
NIFTYDIVIDENDOPPORTUNITIES50,NIFTY Dividend Opportunities 50,Strategy / Thematic / Other,2024-12-31,2024-12-31,6280.75,17.32
NIFTYDIVIDENDOPPORTUNITIES50,NIFTY Dividend Opportunities 50,Strategy / Thematic / Other,2025-03-31,2025-03-28,5844.6,14.7
NIFTYDIVIDENDOPPORTUNITIES50,NIFTY Dividend Opportunities 50,Strategy / Thematic / Other,2025-06-30,2025-06-30,6132.55,15.22
NIFTYDIVIDENDOPPORTUNITIES50,NIFTY Dividend Opportunities 50,Strategy / Thematic / Other,2025-09-30,2025-09-30,5915.5,14.34
NIFTYDIVIDENDOPPORTUNITIES50,NIFTY Dividend Opportunities 50,Strategy / Thematic / Other,2025-12-31,2025-12-31,6385.25,15.01
NIFTYDIVIDENDOPPORTUNITIES50,NIFTY Dividend Opportunities 50,Strategy / Thematic / Other,2026-03-31,2026-03-30,5644.3,13.51
NIFTYDIVIDENDOPPORTUNITIES50,NIFTY Dividend Opportunities 50,Strategy / Thematic / Other,2026-06-30,2026-06-30,5701.1,12.75
NIFTYENERGY,NIFTY Energy,Sectoral,2015-12-31,2015-12-31,8584.1,12.93
NIFTYENERGY,NIFTY Energy,Sectoral,2016-03-31,2016-03-31,8424.6,11.61
NIFTYENERGY,NIFTY Energy,Sectoral,2016-06-30,2016-06-30,8705.1,12.13
NIFTYENERGY,NIFTY Energy,Sectoral,2016-09-30,2016-09-30,9756.2,13.14
NIFTYENERGY,NIFTY Energy,Sectoral,2016-12-31,2016-12-30,10271.55,12.24
NIFTYENERGY,NIFTY Energy,Sectoral,2017-03-31,2017-03-31,11648.7,13.12
NIFTYENERGY,NIFTY Energy,Sectoral,2017-06-30,2017-06-30,11600.4,13.07
NIFTYENERGY,NIFTY Energy,Sectoral,2017-09-30,2017-09-29,12772.65,15.14
NIFTYENERGY,NIFTY Energy,Sectoral,2017-12-31,2017-12-29,14249.3,16.29
NIFTYENERGY,NIFTY Energy,Sectoral,2018-03-31,2018-03-28,13214.15,14.54
NIFTYENERGY,NIFTY Energy,Sectoral,2018-06-30,2018-06-29,13333.35,14.87
NIFTYENERGY,NIFTY Energy,Sectoral,2018-09-30,2018-09-28,15697.2,15.91
NIFTYENERGY,NIFTY Energy,Sectoral,2018-12-31,2018-12-31,14334.85,14.53
NIFTYENERGY,NIFTY Energy,Sectoral,2019-03-31,2019-03-29,16484,13.89
NIFTYENERGY,NIFTY Energy,Sectoral,2019-06-30,2019-06-28,16046.8,13.25
NIFTYENERGY,NIFTY Energy,Sectoral,2019-09-30,2019-09-30,15501.6,12.55
NIFTYENERGY,NIFTY Energy,Sectoral,2019-12-31,2019-12-31,15908.2,12.42
NIFTYENERGY,NIFTY Energy,Sectoral,2020-03-31,2020-03-31,11124.15,8.65
NIFTYENERGY,NIFTY Energy,Sectoral,2020-06-30,2020-06-30,14396.55,13.18
NIFTYENERGY,NIFTY Energy,Sectoral,2020-09-30,2020-09-30,15026.95,16.11
NIFTYENERGY,NIFTY Energy,Sectoral,2020-12-31,2020-12-31,16922.5,16.79
NIFTYENERGY,NIFTY Energy,Sectoral,2021-03-31,2021-03-31,18185.1,15.68
NIFTYENERGY,NIFTY Energy,Sectoral,2021-06-30,2021-06-30,19822.4,10.79
NIFTYENERGY,NIFTY Energy,Sectoral,2021-09-30,2021-09-30,22858.55,12.07
NIFTYENERGY,NIFTY Energy,Sectoral,2021-12-31,2021-12-31,22631.95,10.9
NIFTYENERGY,NIFTY Energy,Sectoral,2022-03-31,2022-03-31,25822,11.44
NIFTYENERGY,NIFTY Energy,Sectoral,2022-06-30,2022-06-30,25108.5,11.38
NIFTYENERGY,NIFTY Energy,Sectoral,2022-09-30,2022-09-30,25581.3,12.81
NIFTYENERGY,NIFTY Energy,Sectoral,2022-12-31,2022-12-30,25869.85,14.64
NIFTYENERGY,NIFTY Energy,Sectoral,2023-03-31,2023-03-31,22814.45,12.05
NIFTYENERGY,NIFTY Energy,Sectoral,2023-06-30,2023-06-30,24696.5,12.82
NIFTYENERGY,NIFTY Energy,Sectoral,2023-09-30,2023-09-29,27321.75,11.26
NIFTYENERGY,NIFTY Energy,Sectoral,2023-12-31,2023-12-29,33468.05,11.82
NIFTYENERGY,NIFTY Energy,Sectoral,2024-03-31,2024-03-28,39020.6,13.27
NIFTYENERGY,NIFTY Energy,Sectoral,2024-06-30,2024-06-28,41789.2,14.12
NIFTYENERGY,NIFTY Energy,Sectoral,2024-09-30,2024-09-30,44016.7,16.02
NIFTYENERGY,NIFTY Energy,Sectoral,2024-12-31,2024-12-31,35188.25,16.07
NIFTYENERGY,NIFTY Energy,Sectoral,2025-03-31,2025-03-28,33571.6,15.7
NIFTYENERGY,NIFTY Energy,Sectoral,2025-06-30,2025-06-30,36568.65,16.27
NIFTYENERGY,NIFTY Energy,Sectoral,2025-09-30,2025-09-30,34999.65,15.32
NIFTYENERGY,NIFTY Energy,Sectoral,2025-12-31,2025-12-31,35325.65,15.13
NIFTYENERGY,NIFTY Energy,Sectoral,2026-03-31,2026-03-30,34849.7,14.45
NIFTYENERGY,NIFTY Energy,Sectoral,2026-06-30,2026-06-30,39740.5,14.49
NIFTYEVNEWAGEAUTOMOTIVE,NIFTY Ev & New Age Automotive,Strategy / Thematic / Other,2024-06-30,2024-06-28,3278.27,35.16
NIFTYEVNEWAGEAUTOMOTIVE,NIFTY Ev & New Age Automotive,Strategy / Thematic / Other,2024-09-30,2024-09-30,3490.39,37.31
NIFTYEVNEWAGEAUTOMOTIVE,NIFTY Ev & New Age Automotive,Strategy / Thematic / Other,2024-12-31,2024-12-31,2970.25,31.23
NIFTYEVNEWAGEAUTOMOTIVE,NIFTY Ev & New Age Automotive,Strategy / Thematic / Other,2025-03-31,2025-03-28,2665.65,28.31
NIFTYEVNEWAGEAUTOMOTIVE,NIFTY Ev & New Age Automotive,Strategy / Thematic / Other,2025-06-30,2025-06-30,2942.55,31.53
NIFTYEVNEWAGEAUTOMOTIVE,NIFTY Ev & New Age Automotive,Strategy / Thematic / Other,2025-09-30,2025-09-30,3062.1,32.17
NIFTYEVNEWAGEAUTOMOTIVE,NIFTY Ev & New Age Automotive,Strategy / Thematic / Other,2025-12-31,2025-12-31,3150.1,36.74
NIFTYEVNEWAGEAUTOMOTIVE,NIFTY Ev & New Age Automotive,Strategy / Thematic / Other,2026-03-31,2026-03-30,2631.45,33.43
NIFTYEVNEWAGEAUTOMOTIVE,NIFTY Ev & New Age Automotive,Strategy / Thematic / Other,2026-06-30,2026-06-30,3103.35,40.77
NIFTYFINANCIALSERVICES,NIFTY Financial Services,Sectoral,2015-12-31,2015-12-31,7059.15,18.76
NIFTYFINANCIALSERVICES,NIFTY Financial Services,Sectoral,2016-03-31,2016-03-31,6579.4,17.35
NIFTYFINANCIALSERVICES,NIFTY Financial Services,Sectoral,2016-06-30,2016-06-30,7320.65,20.29
NIFTYFINANCIALSERVICES,NIFTY Financial Services,Sectoral,2016-09-30,2016-09-30,7952.8,22.03
NIFTYFINANCIALSERVICES,NIFTY Financial Services,Sectoral,2016-12-31,2016-12-30,7407.05,20.92
NIFTYFINANCIALSERVICES,NIFTY Financial Services,Sectoral,2017-03-31,2017-03-31,8734.3,24.67
NIFTYFINANCIALSERVICES,NIFTY Financial Services,Sectoral,2017-06-30,2017-06-30,9494.2,26.51
NIFTYFINANCIALSERVICES,NIFTY Financial Services,Sectoral,2017-09-30,2017-09-29,9939.35,28.46
NIFTYFINANCIALSERVICES,NIFTY Financial Services,Sectoral,2017-12-31,2017-12-29,10475.15,30.45
NIFTYFINANCIALSERVICES,NIFTY Financial Services,Sectoral,2018-03-31,2018-03-28,10207.6,28.55
NIFTYFINANCIALSERVICES,NIFTY Financial Services,Sectoral,2018-06-30,2018-06-29,11007.05,32.76
NIFTYFINANCIALSERVICES,NIFTY Financial Services,Sectoral,2018-09-30,2018-09-28,10577.1,35.51
NIFTYFINANCIALSERVICES,NIFTY Financial Services,Sectoral,2018-12-31,2018-12-31,11585.9,38.2
NIFTYFINANCIALSERVICES,NIFTY Financial Services,Sectoral,2019-03-31,2019-03-29,12544.15,45.19
NIFTYFINANCIALSERVICES,NIFTY Financial Services,Sectoral,2019-06-30,2019-06-28,13556.4,49.1
NIFTYFINANCIALSERVICES,NIFTY Financial Services,Sectoral,2019-09-30,2019-09-30,13017.3,34.01
NIFTYFINANCIALSERVICES,NIFTY Financial Services,Sectoral,2019-12-31,2019-12-31,14557.4,35.37
NIFTYFINANCIALSERVICES,NIFTY Financial Services,Sectoral,2020-03-31,2020-03-31,9317.3,19.21
NIFTYFINANCIALSERVICES,NIFTY Financial Services,Sectoral,2020-06-30,2020-06-30,10561.9,23.24
NIFTYFINANCIALSERVICES,NIFTY Financial Services,Sectoral,2020-09-30,2020-09-30,10622.4,23.33
NIFTYFINANCIALSERVICES,NIFTY Financial Services,Sectoral,2020-12-31,2020-12-31,15208,30.88
NIFTYFINANCIALSERVICES,NIFTY Financial Services,Sectoral,2021-03-31,2021-03-31,15715.6,25.86
NIFTYFINANCIALSERVICES,NIFTY Financial Services,Sectoral,2021-06-30,2021-06-30,16444.1,23.78
NIFTYFINANCIALSERVICES,NIFTY Financial Services,Sectoral,2021-09-30,2021-09-30,18303.8,25.58
NIFTYFINANCIALSERVICES,NIFTY Financial Services,Sectoral,2021-12-31,2021-12-31,17330.85,22.85
NIFTYFINANCIALSERVICES,NIFTY Financial Services,Sectoral,2022-03-31,2022-03-31,17147.15,21.2
NIFTYFINANCIALSERVICES,NIFTY Financial Services,Sectoral,2022-06-30,2022-06-30,15474.4,17.63
NIFTYFINANCIALSERVICES,NIFTY Financial Services,Sectoral,2022-09-30,2022-09-30,17506.65,18.86
NIFTYFINANCIALSERVICES,NIFTY Financial Services,Sectoral,2022-12-31,2022-12-30,18981.2,19.08
NIFTYFINANCIALSERVICES,NIFTY Financial Services,Sectoral,2023-03-31,2023-03-31,18058.7,17.03
NIFTYFINANCIALSERVICES,NIFTY Financial Services,Sectoral,2023-06-30,2023-06-30,20057.7,18.72
NIFTYFINANCIALSERVICES,NIFTY Financial Services,Sectoral,2023-09-30,2023-09-29,19811.1,18.46
NIFTYFINANCIALSERVICES,NIFTY Financial Services,Sectoral,2023-12-31,2023-12-29,21487.45,18.63
NIFTYFINANCIALSERVICES,NIFTY Financial Services,Sectoral,2024-03-31,2024-03-28,20989.1,17.56
NIFTYFINANCIALSERVICES,NIFTY Financial Services,Sectoral,2024-06-30,2024-06-28,23420.3,17.49
NIFTYFINANCIALSERVICES,NIFTY Financial Services,Sectoral,2024-09-30,2024-09-30,24480.3,17.46
NIFTYFINANCIALSERVICES,NIFTY Financial Services,Sectoral,2024-12-31,2024-12-31,23512.8,16.3
NIFTYFINANCIALSERVICES,NIFTY Financial Services,Sectoral,2025-03-31,2025-03-28,25074.9,16.8
NIFTYFINANCIALSERVICES,NIFTY Financial Services,Sectoral,2025-06-30,2025-06-30,27174.45,18
NIFTYFINANCIALSERVICES,NIFTY Financial Services,Sectoral,2025-09-30,2025-09-30,26022.1,17.14
NIFTYFINANCIALSERVICES,NIFTY Financial Services,Sectoral,2025-12-31,2025-12-31,27613.3,17.88
NIFTYFINANCIALSERVICES,NIFTY Financial Services,Sectoral,2026-03-31,2026-03-30,23521.8,15.35
NIFTYFINANCIALSERVICES,NIFTY Financial Services,Sectoral,2026-06-30,2026-06-30,26554.55,16.97
NIFTYFINANCIALSERVICES2550,NIFTY Financial Services 25/50,Sectoral,2020-09-30,2020-09-30,10511.8,20.94
NIFTYFINANCIALSERVICES2550,NIFTY Financial Services 25/50,Sectoral,2020-12-31,2020-12-31,14701.45,27.45
NIFTYFINANCIALSERVICES2550,NIFTY Financial Services 25/50,Sectoral,2021-03-31,2021-03-31,15488.2,22.82
NIFTYFINANCIALSERVICES2550,NIFTY Financial Services 25/50,Sectoral,2021-06-30,2021-06-30,16521.2,20.79
NIFTYFINANCIALSERVICES2550,NIFTY Financial Services 25/50,Sectoral,2021-09-30,2021-09-30,18328.6,22.69
NIFTYFINANCIALSERVICES2550,NIFTY Financial Services 25/50,Sectoral,2021-12-31,2021-12-31,17260.2,20.31
NIFTYFINANCIALSERVICES2550,NIFTY Financial Services 25/50,Sectoral,2022-03-31,2022-03-31,16860.2,19.1
NIFTYFINANCIALSERVICES2550,NIFTY Financial Services 25/50,Sectoral,2022-06-30,2022-06-30,15210.45,15.79
NIFTYFINANCIALSERVICES2550,NIFTY Financial Services 25/50,Sectoral,2022-09-30,2022-09-30,17041.1,16.5
NIFTYFINANCIALSERVICES2550,NIFTY Financial Services 25/50,Sectoral,2022-12-31,2022-12-30,18292.5,16.93
NIFTYFINANCIALSERVICES2550,NIFTY Financial Services 25/50,Sectoral,2023-03-31,2023-03-31,17281.05,15.35
NIFTYFINANCIALSERVICES2550,NIFTY Financial Services 25/50,Sectoral,2023-06-30,2023-06-30,20135.25,17.45
NIFTYFINANCIALSERVICES2550,NIFTY Financial Services 25/50,Sectoral,2023-09-30,2023-09-29,20552.2,17.15
NIFTYFINANCIALSERVICES2550,NIFTY Financial Services 25/50,Sectoral,2023-12-31,2023-12-29,22565.95,17.81
NIFTYFINANCIALSERVICES2550,NIFTY Financial Services 25/50,Sectoral,2024-03-31,2024-03-28,22713.5,17.48
NIFTYFINANCIALSERVICES2550,NIFTY Financial Services 25/50,Sectoral,2024-06-30,2024-06-28,25247.55,17.47
NIFTYFINANCIALSERVICES2550,NIFTY Financial Services 25/50,Sectoral,2024-09-30,2024-09-30,27113.2,17.86
NIFTYFINANCIALSERVICES2550,NIFTY Financial Services 25/50,Sectoral,2024-12-31,2024-12-31,25105.85,16.01
NIFTYFINANCIALSERVICES2550,NIFTY Financial Services 25/50,Sectoral,2025-03-31,2025-03-28,26766.75,16.76
NIFTYFINANCIALSERVICES2550,NIFTY Financial Services 25/50,Sectoral,2025-06-30,2025-06-30,29419.4,17.98
NIFTYFINANCIALSERVICES2550,NIFTY Financial Services 25/50,Sectoral,2025-09-30,2025-09-30,28102.05,16.83
NIFTYFINANCIALSERVICES2550,NIFTY Financial Services 25/50,Sectoral,2025-12-31,2025-12-31,30177.95,17.78
NIFTYFINANCIALSERVICES2550,NIFTY Financial Services 25/50,Sectoral,2026-03-31,2026-03-30,25705.6,15.12
NIFTYFINANCIALSERVICES2550,NIFTY Financial Services 25/50,Sectoral,2026-06-30,2026-06-30,28840.15,16.55
NIFTYFINANCIALSERVICESEXBANK,NIFTY Financial Services Ex-Bank,Sectoral,2022-03-31,2022-03-31,16765.08,22.62
NIFTYFINANCIALSERVICESEXBANK,NIFTY Financial Services Ex-Bank,Sectoral,2022-06-30,2022-06-30,14240.06,17.8
NIFTYFINANCIALSERVICESEXBANK,NIFTY Financial Services Ex-Bank,Sectoral,2022-09-30,2022-09-30,16459,19.5
NIFTYFINANCIALSERVICESEXBANK,NIFTY Financial Services Ex-Bank,Sectoral,2022-12-31,2022-12-30,16863.11,18.96
NIFTYFINANCIALSERVICESEXBANK,NIFTY Financial Services Ex-Bank,Sectoral,2023-03-31,2023-03-31,15640.51,16.96
NIFTYFINANCIALSERVICESEXBANK,NIFTY Financial Services Ex-Bank,Sectoral,2023-06-30,2023-06-30,19095.24,19.75
NIFTYFINANCIALSERVICESEXBANK,NIFTY Financial Services Ex-Bank,Sectoral,2023-09-30,2023-09-29,20504.12,20.19
NIFTYFINANCIALSERVICESEXBANK,NIFTY Financial Services Ex-Bank,Sectoral,2023-12-31,2023-12-29,22195.55,20.34
NIFTYFINANCIALSERVICESEXBANK,NIFTY Financial Services Ex-Bank,Sectoral,2024-03-31,2024-03-28,22881.91,23.13
NIFTYFINANCIALSERVICESEXBANK,NIFTY Financial Services Ex-Bank,Sectoral,2024-06-30,2024-06-28,24555.4,23.25
NIFTYFINANCIALSERVICESEXBANK,NIFTY Financial Services Ex-Bank,Sectoral,2024-09-30,2024-09-30,27891.56,25.03
NIFTYFINANCIALSERVICESEXBANK,NIFTY Financial Services Ex-Bank,Sectoral,2024-12-31,2024-12-31,25137.05,21.72
NIFTYFINANCIALSERVICESEXBANK,NIFTY Financial Services Ex-Bank,Sectoral,2025-03-31,2025-03-28,26459.6,22.34
NIFTYFINANCIALSERVICESEXBANK,NIFTY Financial Services Ex-Bank,Sectoral,2025-06-30,2025-06-30,30909.9,25.37
NIFTYFINANCIALSERVICESEXBANK,NIFTY Financial Services Ex-Bank,Sectoral,2025-09-30,2025-09-30,29397,22.79
NIFTYFINANCIALSERVICESEXBANK,NIFTY Financial Services Ex-Bank,Sectoral,2025-12-31,2025-12-31,31961.3,24.36
NIFTYFINANCIALSERVICESEXBANK,NIFTY Financial Services Ex-Bank,Sectoral,2026-03-31,2026-03-30,27011.2,19.85
NIFTYFINANCIALSERVICESEXBANK,NIFTY Financial Services Ex-Bank,Sectoral,2026-06-30,2026-06-30,31692.55,22.64
NIFTYFMCG,NIFTY FMCG,Sectoral,2015-12-31,2015-12-31,20192.65,37.48
NIFTYFMCG,NIFTY FMCG,Sectoral,2016-03-31,2016-03-31,19764.15,36.55
NIFTYFMCG,NIFTY FMCG,Sectoral,2016-06-30,2016-06-30,21608.45,36.22
NIFTYFMCG,NIFTY FMCG,Sectoral,2016-09-30,2016-09-30,21542.05,35.83
NIFTYFMCG,NIFTY FMCG,Sectoral,2016-12-31,2016-12-30,20754.1,35.22
NIFTYFMCG,NIFTY FMCG,Sectoral,2017-03-31,2017-03-31,23542.3,39.77
NIFTYFMCG,NIFTY FMCG,Sectoral,2017-06-30,2017-06-30,26752.05,45.32
NIFTYFMCG,NIFTY FMCG,Sectoral,2017-09-30,2017-09-29,24480.8,40.83
NIFTYFMCG,NIFTY FMCG,Sectoral,2017-12-31,2017-12-29,26851.5,43.69
NIFTYFMCG,NIFTY FMCG,Sectoral,2018-03-31,2018-03-28,26127.4,40.39
NIFTYFMCG,NIFTY FMCG,Sectoral,2018-06-30,2018-06-29,28966,43.09
NIFTYFMCG,NIFTY FMCG,Sectoral,2018-09-30,2018-09-28,29757.7,43.08
NIFTYFMCG,NIFTY FMCG,Sectoral,2018-12-31,2018-12-31,30516.65,43.59
NIFTYFMCG,NIFTY FMCG,Sectoral,2019-03-31,2019-03-29,30321.4,46.62
NIFTYFMCG,NIFTY FMCG,Sectoral,2019-06-30,2019-06-28,29546.05,43.21
NIFTYFMCG,NIFTY FMCG,Sectoral,2019-09-30,2019-09-30,31134.5,41.16
NIFTYFMCG,NIFTY FMCG,Sectoral,2019-12-31,2019-12-31,30121.5,37.94
NIFTYFMCG,NIFTY FMCG,Sectoral,2020-03-31,2020-03-31,27319.2,31.82
NIFTYFMCG,NIFTY FMCG,Sectoral,2020-06-30,2020-06-30,30063.25,37.25
NIFTYFMCG,NIFTY FMCG,Sectoral,2020-09-30,2020-09-30,29841.75,37.22
NIFTYFMCG,NIFTY FMCG,Sectoral,2020-12-31,2020-12-31,34177.1,43.77
NIFTYFMCG,NIFTY FMCG,Sectoral,2021-03-31,2021-03-31,34931.7,42.93
NIFTYFMCG,NIFTY FMCG,Sectoral,2021-06-30,2021-06-30,36093.2,42.08
NIFTYFMCG,NIFTY FMCG,Sectoral,2021-09-30,2021-09-30,40426.55,44.07
NIFTYFMCG,NIFTY FMCG,Sectoral,2021-12-31,2021-12-31,37579.95,39.77
NIFTYFMCG,NIFTY FMCG,Sectoral,2022-03-31,2022-03-31,36287.75,37.78
NIFTYFMCG,NIFTY FMCG,Sectoral,2022-06-30,2022-06-30,37664.55,38.23
NIFTYFMCG,NIFTY FMCG,Sectoral,2022-09-30,2022-09-30,44405.65,42.89
NIFTYFMCG,NIFTY FMCG,Sectoral,2022-12-31,2022-12-30,44171.45,40.52
NIFTYFMCG,NIFTY FMCG,Sectoral,2023-03-31,2023-03-31,45904.9,41.31
NIFTYFMCG,NIFTY FMCG,Sectoral,2023-06-30,2023-06-30,52194.75,45.29
NIFTYFMCG,NIFTY FMCG,Sectoral,2023-09-30,2023-09-29,51602.65,42.64
NIFTYFMCG,NIFTY FMCG,Sectoral,2023-12-31,2023-12-29,56987.2,45.81
NIFTYFMCG,NIFTY FMCG,Sectoral,2024-03-31,2024-03-28,53949.2,42.27
NIFTYFMCG,NIFTY FMCG,Sectoral,2024-06-30,2024-06-28,56756.85,44.94
NIFTYFMCG,NIFTY FMCG,Sectoral,2024-09-30,2024-09-30,65540.35,52.36
NIFTYFMCG,NIFTY FMCG,Sectoral,2024-12-31,2024-12-31,56799.65,46.36
NIFTYFMCG,NIFTY FMCG,Sectoral,2025-03-31,2025-03-28,53589.8,42.81
NIFTYFMCG,NIFTY FMCG,Sectoral,2025-06-30,2025-06-30,54883.9,41.43
NIFTYFMCG,NIFTY FMCG,Sectoral,2025-09-30,2025-09-30,54710.7,40.45
NIFTYFMCG,NIFTY FMCG,Sectoral,2025-12-31,2025-12-31,55475.65,40.74
NIFTYFMCG,NIFTY FMCG,Sectoral,2026-03-31,2026-03-30,45538.65,32.56
NIFTYFMCG,NIFTY FMCG,Sectoral,2026-06-30,2026-06-30,48794.2,33.57
NIFTYFREEFLOATMIDCAP100,NIFTY Free Float Midcap 100,Strategy / Thematic / Other,2016-06-30,2016-06-30,13816.45,32.12
NIFTYFREEFLOATMIDCAP100,NIFTY Free Float Midcap 100,Strategy / Thematic / Other,2016-09-30,2016-09-30,15413.1,33.67
NIFTYFREEFLOATMIDCAP100,NIFTY Free Float Midcap 100,Strategy / Thematic / Other,2016-12-31,2016-12-30,14351.45,29.03
NIFTYFREEFLOATMIDCAP100,NIFTY Free Float Midcap 100,Strategy / Thematic / Other,2017-03-31,2017-03-31,17197.15,33.43
NIFTYFREEFLOATMIDCAP100,NIFTY Free Float Midcap 100,Strategy / Thematic / Other,2017-06-30,2017-06-30,17729.75,31.09
NIFTYFREEFLOATMIDCAP100,NIFTY Free Float Midcap 100,Strategy / Thematic / Other,2017-09-30,2017-09-29,18107.95,42.43
NIFTYFREEFLOATMIDCAP100,NIFTY Free Float Midcap 100,Strategy / Thematic / Other,2017-12-31,2017-12-29,21133.5,52.61
NIFTYFREEFLOATMIDCAP100,NIFTY Free Float Midcap 100,Strategy / Thematic / Other,2018-03-31,2018-03-28,18757,46.87
NIFTYFREEFLOATSMALLCAP100,NIFTY Free Float Smallcap 100,Strategy / Thematic / Other,2016-06-30,2016-06-30,5813.5,
NIFTYFREEFLOATSMALLCAP100,NIFTY Free Float Smallcap 100,Strategy / Thematic / Other,2016-09-30,2016-09-30,6137.3,
NIFTYFREEFLOATSMALLCAP100,NIFTY Free Float Smallcap 100,Strategy / Thematic / Other,2016-12-31,2016-12-30,5780.85,
NIFTYFREEFLOATSMALLCAP100,NIFTY Free Float Smallcap 100,Strategy / Thematic / Other,2017-03-31,2017-03-31,6984.85,191.08
NIFTYFREEFLOATSMALLCAP100,NIFTY Free Float Smallcap 100,Strategy / Thematic / Other,2017-06-30,2017-06-30,7311.05,104.63
NIFTYFREEFLOATSMALLCAP100,NIFTY Free Float Smallcap 100,Strategy / Thematic / Other,2017-09-30,2017-09-29,7584.5,75.12
NIFTYFREEFLOATSMALLCAP100,NIFTY Free Float Smallcap 100,Strategy / Thematic / Other,2017-12-31,2017-12-29,9093.25,105.82
NIFTYFREEFLOATSMALLCAP100,NIFTY Free Float Smallcap 100,Strategy / Thematic / Other,2018-03-31,2018-03-28,7791.95,343.52
NIFTYFULLMIDCAP100,NIFTY Full Midcap 100,Strategy / Thematic / Other,2016-06-30,2016-06-30,4260.76,40.25
NIFTYFULLMIDCAP100,NIFTY Full Midcap 100,Strategy / Thematic / Other,2016-09-30,2016-09-30,4744.68,41.51
NIFTYFULLMIDCAP100,NIFTY Full Midcap 100,Strategy / Thematic / Other,2016-12-31,2016-12-30,4402.21,34.11
NIFTYFULLMIDCAP100,NIFTY Full Midcap 100,Strategy / Thematic / Other,2017-03-31,2017-03-31,5287.87,43.41
NIFTYFULLMIDCAP100,NIFTY Full Midcap 100,Strategy / Thematic / Other,2017-06-30,2017-06-30,5494.06,42.51
NIFTYFULLMIDCAP100,NIFTY Full Midcap 100,Strategy / Thematic / Other,2017-09-30,2017-09-29,5689.89,52.77
NIFTYFULLMIDCAP100,NIFTY Full Midcap 100,Strategy / Thematic / Other,2017-12-31,2017-12-29,6696.89,62.17
NIFTYFULLMIDCAP100,NIFTY Full Midcap 100,Strategy / Thematic / Other,2018-03-31,2018-03-28,5987.56,58.45
NIFTYFULLSMALLCAP100,NIFTY Full Smallcap 100,Strategy / Thematic / Other,2016-06-30,2016-06-30,2991.58,32.22
NIFTYFULLSMALLCAP100,NIFTY Full Smallcap 100,Strategy / Thematic / Other,2016-09-30,2016-09-30,3232.84,67.04
NIFTYFULLSMALLCAP100,NIFTY Full Smallcap 100,Strategy / Thematic / Other,2016-12-31,2016-12-30,2960.77,84.5
NIFTYFULLSMALLCAP100,NIFTY Full Smallcap 100,Strategy / Thematic / Other,2017-03-31,2017-03-31,3694.73,63.34
NIFTYFULLSMALLCAP100,NIFTY Full Smallcap 100,Strategy / Thematic / Other,2017-06-30,2017-06-30,3956.42,56.88
NIFTYFULLSMALLCAP100,NIFTY Full Smallcap 100,Strategy / Thematic / Other,2017-09-30,2017-09-29,3966.99,48.89
NIFTYFULLSMALLCAP100,NIFTY Full Smallcap 100,Strategy / Thematic / Other,2017-12-31,2017-12-29,4622.49,64.75
NIFTYFULLSMALLCAP100,NIFTY Full Smallcap 100,Strategy / Thematic / Other,2018-03-31,2018-03-28,4000.01,66.36
NIFTYGROWTHSECTORS15,NIFTY Growth Sectors 15,Strategy / Thematic / Other,2015-12-31,2015-12-31,5192.15,25.16
NIFTYGROWTHSECTORS15,NIFTY Growth Sectors 15,Strategy / Thematic / Other,2016-03-31,2016-03-31,5146.3,24.6
NIFTYGROWTHSECTORS15,NIFTY Growth Sectors 15,Strategy / Thematic / Other,2016-06-30,2016-06-30,5386.75,25.04
NIFTYGROWTHSECTORS15,NIFTY Growth Sectors 15,Strategy / Thematic / Other,2016-09-30,2016-09-30,5436.65,24.54
NIFTYGROWTHSECTORS15,NIFTY Growth Sectors 15,Strategy / Thematic / Other,2016-12-31,2016-12-30,5196.1,22.45
NIFTYGROWTHSECTORS15,NIFTY Growth Sectors 15,Strategy / Thematic / Other,2017-03-31,2017-03-31,5559.65,29.49
NIFTYGROWTHSECTORS15,NIFTY Growth Sectors 15,Strategy / Thematic / Other,2017-06-30,2017-06-30,6017.85,31.34
NIFTYGROWTHSECTORS15,NIFTY Growth Sectors 15,Strategy / Thematic / Other,2017-09-30,2017-09-29,6027.85,32.12
NIFTYGROWTHSECTORS15,NIFTY Growth Sectors 15,Strategy / Thematic / Other,2017-12-31,2017-12-29,6576.85,33.65
NIFTYGROWTHSECTORS15,NIFTY Growth Sectors 15,Strategy / Thematic / Other,2018-03-31,2018-03-28,6216,31.63
NIFTYGROWTHSECTORS15,NIFTY Growth Sectors 15,Strategy / Thematic / Other,2018-06-30,2018-06-29,6783.6,33.25
NIFTYGROWTHSECTORS15,NIFTY Growth Sectors 15,Strategy / Thematic / Other,2018-09-30,2018-09-28,6539.25,33.21
NIFTYGROWTHSECTORS15,NIFTY Growth Sectors 15,Strategy / Thematic / Other,2018-12-31,2018-12-31,6480,34.6
NIFTYGROWTHSECTORS15,NIFTY Growth Sectors 15,Strategy / Thematic / Other,2019-03-31,2019-03-29,6144.05,35
NIFTYGROWTHSECTORS15,NIFTY Growth Sectors 15,Strategy / Thematic / Other,2019-06-30,2019-06-28,5961.95,33.07
NIFTYGROWTHSECTORS15,NIFTY Growth Sectors 15,Strategy / Thematic / Other,2019-09-30,2019-09-30,6133.5,32.6
NIFTYGROWTHSECTORS15,NIFTY Growth Sectors 15,Strategy / Thematic / Other,2019-12-31,2019-12-31,6410.9,31.55
NIFTYGROWTHSECTORS15,NIFTY Growth Sectors 15,Strategy / Thematic / Other,2020-03-31,2020-03-31,4521.5,19.93
NIFTYGROWTHSECTORS15,NIFTY Growth Sectors 15,Strategy / Thematic / Other,2020-06-30,2020-06-30,5210.65,24.96
NIFTYGROWTHSECTORS15,NIFTY Growth Sectors 15,Strategy / Thematic / Other,2020-09-30,2020-09-30,5245.3,26.16
NIFTYGROWTHSECTORS15,NIFTY Growth Sectors 15,Strategy / Thematic / Other,2020-12-31,2020-12-31,7063.25,34.49
NIFTYGROWTHSECTORS15,NIFTY Growth Sectors 15,Strategy / Thematic / Other,2021-03-31,2021-03-31,7150.75,37.7
NIFTYGROWTHSECTORS15,NIFTY Growth Sectors 15,Strategy / Thematic / Other,2021-06-30,2021-06-30,7620.3,34.85
NIFTYGROWTHSECTORS15,NIFTY Growth Sectors 15,Strategy / Thematic / Other,2021-09-30,2021-09-30,7976.65,36.56
NIFTYGROWTHSECTORS15,NIFTY Growth Sectors 15,Strategy / Thematic / Other,2021-12-31,2021-12-31,7685.55,33.99
NIFTYGROWTHSECTORS15,NIFTY Growth Sectors 15,Strategy / Thematic / Other,2022-03-31,2022-03-31,7496.5,33.38
NIFTYGROWTHSECTORS15,NIFTY Growth Sectors 15,Strategy / Thematic / Other,2022-06-30,2022-06-30,7760.05,35.32
NIFTYGROWTHSECTORS15,NIFTY Growth Sectors 15,Strategy / Thematic / Other,2022-09-30,2022-09-30,8862.3,34.63
NIFTYGROWTHSECTORS15,NIFTY Growth Sectors 15,Strategy / Thematic / Other,2022-12-31,2022-12-30,8642.3,32.16
NIFTYGROWTHSECTORS15,NIFTY Growth Sectors 15,Strategy / Thematic / Other,2023-03-31,2023-03-31,8604.25,32.55
NIFTYGROWTHSECTORS15,NIFTY Growth Sectors 15,Strategy / Thematic / Other,2023-06-30,2023-06-30,9611.8,33.46
NIFTYGROWTHSECTORS15,NIFTY Growth Sectors 15,Strategy / Thematic / Other,2023-09-30,2023-09-29,9869.55,31.27
NIFTYGROWTHSECTORS15,NIFTY Growth Sectors 15,Strategy / Thematic / Other,2023-12-31,2023-12-29,10787.7,33.04
NIFTYGROWTHSECTORS15,NIFTY Growth Sectors 15,Strategy / Thematic / Other,2024-03-31,2024-03-28,10941.75,32.25
NIFTYGROWTHSECTORS15,NIFTY Growth Sectors 15,Strategy / Thematic / Other,2024-06-30,2024-06-28,11093.4,31.58
NIFTYGROWTHSECTORS15,NIFTY Growth Sectors 15,Strategy / Thematic / Other,2024-09-30,2024-09-30,12814.55,31.55
NIFTYGROWTHSECTORS15,NIFTY Growth Sectors 15,Strategy / Thematic / Other,2024-12-31,2024-12-31,11845.6,28.79
NIFTYGROWTHSECTORS15,NIFTY Growth Sectors 15,Strategy / Thematic / Other,2025-03-31,2025-03-28,10690.9,33.54
NIFTYGROWTHSECTORS15,NIFTY Growth Sectors 15,Strategy / Thematic / Other,2025-06-30,2025-06-30,11530.85,34.43
NIFTYGROWTHSECTORS15,NIFTY Growth Sectors 15,Strategy / Thematic / Other,2025-09-30,2025-09-30,11574.5,30.8
NIFTYGROWTHSECTORS15,NIFTY Growth Sectors 15,Strategy / Thematic / Other,2025-12-31,2025-12-31,12483.55,32.33
NIFTYGROWTHSECTORS15,NIFTY Growth Sectors 15,Strategy / Thematic / Other,2026-03-31,2026-03-30,10408.35,28.21
NIFTYGROWTHSECTORS15,NIFTY Growth Sectors 15,Strategy / Thematic / Other,2026-06-30,2026-06-30,10565.2,26.63
NIFTYHEALTHCARE,NIFTY Healthcare,Sectoral,2020-12-31,2020-12-31,7580.96,39.58
NIFTYHEALTHCARE,NIFTY Healthcare,Sectoral,2021-03-31,2021-03-31,7328.48,34.85
NIFTYHEALTHCARE,NIFTY Healthcare,Sectoral,2021-06-30,2021-06-30,8791.88,39.85
NIFTYHEALTHCARE,NIFTY Healthcare,Sectoral,2021-09-30,2021-09-30,8978.4,32.38
NIFTYHEALTHCARE,NIFTY Healthcare,Sectoral,2021-12-31,2021-12-31,8968.7,34.73
NIFTYHEALTHCARE,NIFTY Healthcare,Sectoral,2022-03-31,2022-03-31,8471.6,33.65
NIFTYHEALTHCARE,NIFTY Healthcare,Sectoral,2022-06-30,2022-06-30,7511,36.51
NIFTYHEALTHCARE,NIFTY Healthcare,Sectoral,2022-09-30,2022-09-30,8212.3,39.51
NIFTYHEALTHCARE,NIFTY Healthcare,Sectoral,2022-12-31,2022-12-30,8001.4,35.4
NIFTYHEALTHCARE,NIFTY Healthcare,Sectoral,2023-03-31,2023-03-31,7621.55,35.26
NIFTYHEALTHCARE,NIFTY Healthcare,Sectoral,2023-06-30,2023-06-30,8936.45,34.66
NIFTYHEALTHCARE,NIFTY Healthcare,Sectoral,2023-09-30,2023-09-29,9719.05,36.75
NIFTYHEALTHCARE,NIFTY Healthcare,Sectoral,2023-12-31,2023-12-29,10637.8,38.86
NIFTYHEALTHCARE,NIFTY Healthcare,Sectoral,2024-03-31,2024-03-28,12059.3,41.53
NIFTYHEALTHCARE,NIFTY Healthcare,Sectoral,2024-06-30,2024-06-28,12576.25,40.81
NIFTYHEALTHCARE,NIFTY Healthcare,Sectoral,2024-09-30,2024-09-30,14752.2,44.01
NIFTYHEALTHCARE,NIFTY Healthcare,Sectoral,2024-12-31,2024-12-31,14951.7,42.41
NIFTYHEALTHCARE,NIFTY Healthcare,Sectoral,2025-03-31,2025-03-28,13681.3,37.62
NIFTYHEALTHCARE,NIFTY Healthcare,Sectoral,2025-06-30,2025-06-30,14463.8,37.47
NIFTYHEALTHCARE,NIFTY Healthcare,Sectoral,2025-09-30,2025-09-30,14139.05,37.17
NIFTYHEALTHCARE,NIFTY Healthcare,Sectoral,2025-12-31,2025-12-31,14639.9,36.72
NIFTYHEALTHCARE,NIFTY Healthcare,Sectoral,2026-03-31,2026-03-30,14201.05,36.07
NIFTYHEALTHCARE,NIFTY Healthcare,Sectoral,2026-06-30,2026-06-30,16139.75,41.81
NIFTYHIGHBETA50,NIFTY High Beta 50,Strategy / Thematic / Other,2015-12-31,2015-12-31,1544.57,20.72
NIFTYHIGHBETA50,NIFTY High Beta 50,Strategy / Thematic / Other,2016-03-31,2016-03-31,1352.06,42.8
NIFTYHIGHBETA50,NIFTY High Beta 50,Strategy / Thematic / Other,2016-06-30,2016-06-30,1500.54,
NIFTYHIGHBETA50,NIFTY High Beta 50,Strategy / Thematic / Other,2016-09-30,2016-09-30,1622.99,69.26
NIFTYHIGHBETA50,NIFTY High Beta 50,Strategy / Thematic / Other,2016-12-31,2016-12-30,1502.89,104.86
NIFTYHIGHBETA50,NIFTY High Beta 50,Strategy / Thematic / Other,2017-03-31,2017-03-31,1865.84,108.58
NIFTYHIGHBETA50,NIFTY High Beta 50,Strategy / Thematic / Other,2017-06-30,2017-06-30,1936.27,170.13
NIFTYHIGHBETA50,NIFTY High Beta 50,Strategy / Thematic / Other,2017-09-30,2017-09-29,1972.7,
NIFTYHIGHBETA50,NIFTY High Beta 50,Strategy / Thematic / Other,2017-12-31,2017-12-29,2396.7,
NIFTYHIGHBETA50,NIFTY High Beta 50,Strategy / Thematic / Other,2018-03-31,2018-03-28,1988.39,
NIFTYHIGHBETA50,NIFTY High Beta 50,Strategy / Thematic / Other,2018-06-30,2018-06-29,1833.26,81.59
NIFTYHIGHBETA50,NIFTY High Beta 50,Strategy / Thematic / Other,2018-09-30,2018-09-28,1556.26,
NIFTYHIGHBETA50,NIFTY High Beta 50,Strategy / Thematic / Other,2018-12-31,2018-12-31,1716.37,63.15
NIFTYHIGHBETA50,NIFTY High Beta 50,Strategy / Thematic / Other,2019-03-31,2019-03-29,1754.66,45.01
NIFTYHIGHBETA50,NIFTY High Beta 50,Strategy / Thematic / Other,2019-06-30,2019-06-28,1517.24,22.99
NIFTYHIGHBETA50,NIFTY High Beta 50,Strategy / Thematic / Other,2019-09-30,2019-09-30,1246.94,89.96
NIFTYHIGHBETA50,NIFTY High Beta 50,Strategy / Thematic / Other,2019-12-31,2019-12-31,1398.56,
NIFTYHIGHBETA50,NIFTY High Beta 50,Strategy / Thematic / Other,2020-03-31,2020-03-31,749.74,
NIFTYHIGHBETA50,NIFTY High Beta 50,Strategy / Thematic / Other,2020-06-30,2020-06-30,1025.06,122.75
NIFTYHIGHBETA50,NIFTY High Beta 50,Strategy / Thematic / Other,2020-09-30,2020-09-30,1103.76,
NIFTYHIGHBETA50,NIFTY High Beta 50,Strategy / Thematic / Other,2020-12-31,2020-12-31,1525.93,71.12
NIFTYHIGHBETA50,NIFTY High Beta 50,Strategy / Thematic / Other,2021-03-31,2021-03-31,1763.13,106.52
NIFTYHIGHBETA50,NIFTY High Beta 50,Strategy / Thematic / Other,2021-06-30,2021-06-30,1972.5,41.59
NIFTYHIGHBETA50,NIFTY High Beta 50,Strategy / Thematic / Other,2021-09-30,2021-09-30,2127.24,20.7
NIFTYHIGHBETA50,NIFTY High Beta 50,Strategy / Thematic / Other,2021-12-31,2021-12-31,2067.57,17.28
NIFTYHIGHBETA50,NIFTY High Beta 50,Strategy / Thematic / Other,2022-03-31,2022-03-31,2119.16,24.68
NIFTYHIGHBETA50,NIFTY High Beta 50,Strategy / Thematic / Other,2022-06-30,2022-06-30,1701.84,15.6
NIFTYHIGHBETA50,NIFTY High Beta 50,Strategy / Thematic / Other,2022-09-30,2022-09-30,2052.92,17.21
NIFTYHIGHBETA50,NIFTY High Beta 50,Strategy / Thematic / Other,2022-12-31,2022-12-30,2283.16,24.02
NIFTYHIGHBETA50,NIFTY High Beta 50,Strategy / Thematic / Other,2023-03-31,2023-03-31,2058.14,15.09
NIFTYHIGHBETA50,NIFTY High Beta 50,Strategy / Thematic / Other,2023-06-30,2023-06-30,2488.06,15.91
NIFTYHIGHBETA50,NIFTY High Beta 50,Strategy / Thematic / Other,2023-09-30,2023-09-29,2913.22,18.32
NIFTYHIGHBETA50,NIFTY High Beta 50,Strategy / Thematic / Other,2023-12-31,2023-12-29,3401.85,17.58
NIFTYHIGHBETA50,NIFTY High Beta 50,Strategy / Thematic / Other,2024-03-31,2024-03-28,3642.36,21.97
NIFTYHIGHBETA50,NIFTY High Beta 50,Strategy / Thematic / Other,2024-06-30,2024-06-28,4184.62,22.38
NIFTYHIGHBETA50,NIFTY High Beta 50,Strategy / Thematic / Other,2024-09-30,2024-09-30,4145.47,23.6
NIFTYHIGHBETA50,NIFTY High Beta 50,Strategy / Thematic / Other,2024-12-31,2024-12-31,3547.35,20.9
NIFTYHIGHBETA50,NIFTY High Beta 50,Strategy / Thematic / Other,2025-03-31,2025-03-28,3310.6,15.84
NIFTYHIGHBETA50,NIFTY High Beta 50,Strategy / Thematic / Other,2025-06-30,2025-06-30,3869.3,16.94
NIFTYHIGHBETA50,NIFTY High Beta 50,Strategy / Thematic / Other,2025-09-30,2025-09-30,3702.7,19.94
NIFTYHIGHBETA50,NIFTY High Beta 50,Strategy / Thematic / Other,2025-12-31,2025-12-31,3954.95,25.01
NIFTYHIGHBETA50,NIFTY High Beta 50,Strategy / Thematic / Other,2026-03-31,2026-03-30,3317.65,25.77
NIFTYHIGHBETA50,NIFTY High Beta 50,Strategy / Thematic / Other,2026-06-30,2026-06-30,4296,20.26
NIFTYHOSPITALS,NIFTY Hospitals,Sectoral,2026-06-30,2026-06-30,4593.13,70.68
NIFTYHOUSING,NIFTY Housing,Strategy / Thematic / Other,2022-03-31,2022-03-31,7589.17,16.5
NIFTYHOUSING,NIFTY Housing,Strategy / Thematic / Other,2022-06-30,2022-06-30,6684.97,13.84
NIFTYHOUSING,NIFTY Housing,Strategy / Thematic / Other,2022-09-30,2022-09-30,7834.3,16.61
NIFTYHOUSING,NIFTY Housing,Strategy / Thematic / Other,2022-12-31,2022-12-30,8267.56,19.84
NIFTYHOUSING,NIFTY Housing,Strategy / Thematic / Other,2023-03-31,2023-03-31,7442.83,19.15
NIFTYHOUSING,NIFTY Housing,Strategy / Thematic / Other,2023-06-30,2023-06-30,8274.97,23.24
NIFTYHOUSING,NIFTY Housing,Strategy / Thematic / Other,2023-09-30,2023-09-29,8905.69,25.75
NIFTYHOUSING,NIFTY Housing,Strategy / Thematic / Other,2023-12-31,2023-12-29,10257.04,27.51
NIFTYHOUSING,NIFTY Housing,Strategy / Thematic / Other,2024-03-31,2024-03-28,10513.9,26.16
NIFTYHOUSING,NIFTY Housing,Strategy / Thematic / Other,2024-06-30,2024-06-28,11762.09,27.95
NIFTYHOUSING,NIFTY Housing,Strategy / Thematic / Other,2024-09-30,2024-09-30,12250.96,28.4
NIFTYHOUSING,NIFTY Housing,Strategy / Thematic / Other,2024-12-31,2024-12-31,11036.9,25.06
NIFTYHOUSING,NIFTY Housing,Strategy / Thematic / Other,2025-03-31,2025-03-28,10899,25.49
NIFTYHOUSING,NIFTY Housing,Strategy / Thematic / Other,2025-06-30,2025-06-30,11553.9,26.55
NIFTYHOUSING,NIFTY Housing,Strategy / Thematic / Other,2025-09-30,2025-09-30,11431,25.27
NIFTYHOUSING,NIFTY Housing,Strategy / Thematic / Other,2025-12-31,2025-12-31,11769.85,25.34
NIFTYHOUSING,NIFTY Housing,Strategy / Thematic / Other,2026-03-31,2026-03-30,10501.6,21.7
NIFTYHOUSING,NIFTY Housing,Strategy / Thematic / Other,2026-06-30,2026-06-30,11963.8,22.03
NIFTYHOUSINGFINANCE,NIFTY Housing Finance,Sectoral,2026-06-30,2026-06-30,774.32,35.32
NIFTYINDIACONSUMPTION,NIFTY India Consumption,Strategy / Thematic / Other,2015-12-31,2015-12-31,3606.2,30.59
NIFTYINDIACONSUMPTION,NIFTY India Consumption,Strategy / Thematic / Other,2016-03-31,2016-03-31,3406.45,28.85
NIFTYINDIACONSUMPTION,NIFTY India Consumption,Strategy / Thematic / Other,2016-06-30,2016-06-30,3733.55,31.6
NIFTYINDIACONSUMPTION,NIFTY India Consumption,Strategy / Thematic / Other,2016-09-30,2016-09-30,3879.2,32.81
NIFTYINDIACONSUMPTION,NIFTY India Consumption,Strategy / Thematic / Other,2016-12-31,2016-12-30,3517.2,28.67
NIFTYINDIACONSUMPTION,NIFTY India Consumption,Strategy / Thematic / Other,2017-03-31,2017-03-31,3997.9,32.43
NIFTYINDIACONSUMPTION,NIFTY India Consumption,Strategy / Thematic / Other,2017-06-30,2017-06-30,4347.3,50.43
NIFTYINDIACONSUMPTION,NIFTY India Consumption,Strategy / Thematic / Other,2017-09-30,2017-09-29,4390.65,50.7
NIFTYINDIACONSUMPTION,NIFTY India Consumption,Strategy / Thematic / Other,2017-12-31,2017-12-29,5104.4,60.43
NIFTYINDIACONSUMPTION,NIFTY India Consumption,Strategy / Thematic / Other,2018-03-31,2018-03-28,4739.75,56.42
NIFTYINDIACONSUMPTION,NIFTY India Consumption,Strategy / Thematic / Other,2018-06-30,2018-06-29,5031.45,48.67
NIFTYINDIACONSUMPTION,NIFTY India Consumption,Strategy / Thematic / Other,2018-09-30,2018-09-28,4793.2,41.94
NIFTYINDIACONSUMPTION,NIFTY India Consumption,Strategy / Thematic / Other,2018-12-31,2018-12-31,4988.85,46.79
NIFTYINDIACONSUMPTION,NIFTY India Consumption,Strategy / Thematic / Other,2019-03-31,2019-03-29,4855.4,43.99
NIFTYINDIACONSUMPTION,NIFTY India Consumption,Strategy / Thematic / Other,2019-06-30,2019-06-28,4755.5,42.92
NIFTYINDIACONSUMPTION,NIFTY India Consumption,Strategy / Thematic / Other,2019-09-30,2019-09-30,4956.15,37.44
NIFTYINDIACONSUMPTION,NIFTY India Consumption,Strategy / Thematic / Other,2019-12-31,2019-12-31,4956.6,54.78
NIFTYINDIACONSUMPTION,NIFTY India Consumption,Strategy / Thematic / Other,2020-03-31,2020-03-31,4076,44.48
NIFTYINDIACONSUMPTION,NIFTY India Consumption,Strategy / Thematic / Other,2020-06-30,2020-06-30,4793.5,67.58
NIFTYINDIACONSUMPTION,NIFTY India Consumption,Strategy / Thematic / Other,2020-09-30,2020-09-30,5005.05,
NIFTYINDIACONSUMPTION,NIFTY India Consumption,Strategy / Thematic / Other,2020-12-31,2020-12-31,5912.7,192.73
NIFTYINDIACONSUMPTION,NIFTY India Consumption,Strategy / Thematic / Other,2021-03-31,2021-03-31,5959.8,154.6
NIFTYINDIACONSUMPTION,NIFTY India Consumption,Strategy / Thematic / Other,2021-06-30,2021-06-30,6330.2,82.52
NIFTYINDIACONSUMPTION,NIFTY India Consumption,Strategy / Thematic / Other,2021-09-30,2021-09-30,7195.15,62.52
NIFTYINDIACONSUMPTION,NIFTY India Consumption,Strategy / Thematic / Other,2021-12-31,2021-12-31,7051.55,47.98
NIFTYINDIACONSUMPTION,NIFTY India Consumption,Strategy / Thematic / Other,2022-03-31,2022-03-31,6829.35,38.42
NIFTYINDIACONSUMPTION,NIFTY India Consumption,Strategy / Thematic / Other,2022-06-30,2022-06-30,6692.8,35.65
NIFTYINDIACONSUMPTION,NIFTY India Consumption,Strategy / Thematic / Other,2022-09-30,2022-09-30,7872.7,39.4
NIFTYINDIACONSUMPTION,NIFTY India Consumption,Strategy / Thematic / Other,2022-12-31,2022-12-30,7554.35,39.27
NIFTYINDIACONSUMPTION,NIFTY India Consumption,Strategy / Thematic / Other,2023-03-31,2023-03-31,7161.5,37.16
NIFTYINDIACONSUMPTION,NIFTY India Consumption,Strategy / Thematic / Other,2023-06-30,2023-06-30,8318.75,42.25
NIFTYINDIACONSUMPTION,NIFTY India Consumption,Strategy / Thematic / Other,2023-09-30,2023-09-29,8459.9,40.94
NIFTYINDIACONSUMPTION,NIFTY India Consumption,Strategy / Thematic / Other,2023-12-31,2023-12-29,9577.95,45.21
NIFTYINDIACONSUMPTION,NIFTY India Consumption,Strategy / Thematic / Other,2024-03-31,2024-03-28,10128.4,47.06
NIFTYINDIACONSUMPTION,NIFTY India Consumption,Strategy / Thematic / Other,2024-06-30,2024-06-28,11131.6,50.49
NIFTYINDIACONSUMPTION,NIFTY India Consumption,Strategy / Thematic / Other,2024-09-30,2024-09-30,12826.85,52.38
NIFTYINDIACONSUMPTION,NIFTY India Consumption,Strategy / Thematic / Other,2024-12-31,2024-12-31,11362.6,46.77
NIFTYINDIACONSUMPTION,NIFTY India Consumption,Strategy / Thematic / Other,2025-03-31,2025-03-28,10720.4,40.8
NIFTYINDIACONSUMPTION,NIFTY India Consumption,Strategy / Thematic / Other,2025-06-30,2025-06-30,11842.85,41.51
NIFTYINDIACONSUMPTION,NIFTY India Consumption,Strategy / Thematic / Other,2025-09-30,2025-09-30,12063.25,41.01
NIFTYINDIACONSUMPTION,NIFTY India Consumption,Strategy / Thematic / Other,2025-12-31,2025-12-31,12289.45,40.78
NIFTYINDIACONSUMPTION,NIFTY India Consumption,Strategy / Thematic / Other,2026-03-31,2026-03-30,10334.35,34.47
NIFTYINDIACONSUMPTION,NIFTY India Consumption,Strategy / Thematic / Other,2026-06-30,2026-06-30,11514.9,38.39
NIFTYINDIACORPORATEGROUPINDEXADITYABIRLAGROUP,NIFTY India Corporate Group Index - Aditya Birla Group,Strategy / Thematic / Other,2024-06-30,2024-06-28,8768.54,
NIFTYINDIACORPORATEGROUPINDEXADITYABIRLAGROUP,NIFTY India Corporate Group Index - Aditya Birla Group,Strategy / Thematic / Other,2024-09-30,2024-09-30,8599.56,549.39
NIFTYINDIACORPORATEGROUPINDEXADITYABIRLAGROUP,NIFTY India Corporate Group Index - Aditya Birla Group,Strategy / Thematic / Other,2024-12-31,2024-12-31,7594.39,203.46
NIFTYINDIACORPORATEGROUPINDEXADITYABIRLAGROUP,NIFTY India Corporate Group Index - Aditya Birla Group,Strategy / Thematic / Other,2025-03-31,2025-03-28,7671.7,181.84
NIFTYINDIACORPORATEGROUPINDEXADITYABIRLAGROUP,NIFTY India Corporate Group Index - Aditya Birla Group,Strategy / Thematic / Other,2025-06-30,2025-06-30,8319.92,130.61
NIFTYINDIACORPORATEGROUPINDEXADITYABIRLAGROUP,NIFTY India Corporate Group Index - Aditya Birla Group,Strategy / Thematic / Other,2025-09-30,2025-09-30,8477.07,112.52
NIFTYINDIACORPORATEGROUPINDEXADITYABIRLAGROUP,NIFTY India Corporate Group Index - Aditya Birla Group,Strategy / Thematic / Other,2025-12-31,2025-12-31,9048.1,86.98
NIFTYINDIACORPORATEGROUPINDEXADITYABIRLAGROUP,NIFTY India Corporate Group Index - Aditya Birla Group,Strategy / Thematic / Other,2026-03-31,2026-03-30,8115.07,76.21
NIFTYINDIACORPORATEGROUPINDEXADITYABIRLAGROUP,NIFTY India Corporate Group Index - Aditya Birla Group,Strategy / Thematic / Other,2026-06-30,2026-06-30,9615.29,15.66
NIFTYINDIACORPORATEGROUPINDEXMAHINDRAGROUP,NIFTY India Corporate Group Index - Mahindra Group,Strategy / Thematic / Other,2024-06-30,2024-06-28,32097.23,32.81
NIFTYINDIACORPORATEGROUPINDEXMAHINDRAGROUP,NIFTY India Corporate Group Index - Mahindra Group,Strategy / Thematic / Other,2024-09-30,2024-09-30,34713.96,35.39
NIFTYINDIACORPORATEGROUPINDEXMAHINDRAGROUP,NIFTY India Corporate Group Index - Mahindra Group,Strategy / Thematic / Other,2024-12-31,2024-12-31,34127.69,31.58
NIFTYINDIACORPORATEGROUPINDEXMAHINDRAGROUP,NIFTY India Corporate Group Index - Mahindra Group,Strategy / Thematic / Other,2025-03-31,2025-03-28,29990.06,25.86
NIFTYINDIACORPORATEGROUPINDEXMAHINDRAGROUP,NIFTY India Corporate Group Index - Mahindra Group,Strategy / Thematic / Other,2025-06-30,2025-06-30,35348.97,29.67
NIFTYINDIACORPORATEGROUPINDEXMAHINDRAGROUP,NIFTY India Corporate Group Index - Mahindra Group,Strategy / Thematic / Other,2025-09-30,2025-09-30,35777.69,28.29
NIFTYINDIACORPORATEGROUPINDEXMAHINDRAGROUP,NIFTY India Corporate Group Index - Mahindra Group,Strategy / Thematic / Other,2025-12-31,2025-12-31,39811.55,30.45
NIFTYINDIACORPORATEGROUPINDEXMAHINDRAGROUP,NIFTY India Corporate Group Index - Mahindra Group,Strategy / Thematic / Other,2026-03-31,2026-03-30,32165.37,23.03
NIFTYINDIACORPORATEGROUPINDEXMAHINDRAGROUP,NIFTY India Corporate Group Index - Mahindra Group,Strategy / Thematic / Other,2026-06-30,2026-06-30,33522.29,21.85
NIFTYINDIACORPORATEGROUPINDEXTATAGROUP,NIFTY India Corporate Group Index - Tata Group,Strategy / Thematic / Other,2024-06-30,2024-06-28,18482.02,35.48
NIFTYINDIACORPORATEGROUPINDEXTATAGROUP,NIFTY India Corporate Group Index - Tata Group,Strategy / Thematic / Other,2024-09-30,2024-09-30,20249.43,39.45
NIFTYINDIACORPORATEGROUPINDEXTATAGROUP,NIFTY India Corporate Group Index - Tata Group,Strategy / Thematic / Other,2024-12-31,2024-12-31,18388.45,32.67
NIFTYINDIACORPORATEGROUPINDEXTATAGROUP,NIFTY India Corporate Group Index - Tata Group,Strategy / Thematic / Other,2025-03-31,2025-03-28,16462.54,28.85
NIFTYINDIACORPORATEGROUPINDEXTATAGROUP,NIFTY India Corporate Group Index - Tata Group,Strategy / Thematic / Other,2025-06-30,2025-06-30,16944.91,31.24
NIFTYINDIACORPORATEGROUPINDEXTATAGROUP,NIFTY India Corporate Group Index - Tata Group,Strategy / Thematic / Other,2025-09-30,2025-09-30,15235.44,27.77
NIFTYINDIACORPORATEGROUPINDEXTATAGROUP,NIFTY India Corporate Group Index - Tata Group,Strategy / Thematic / Other,2025-12-31,2025-12-31,16223.4,30.97
NIFTYINDIACORPORATEGROUPINDEXTATAGROUP,NIFTY India Corporate Group Index - Tata Group,Strategy / Thematic / Other,2026-03-31,2026-03-30,13416.5,29.23
NIFTYINDIACORPORATEGROUPINDEXTATAGROUP,NIFTY India Corporate Group Index - Tata Group,Strategy / Thematic / Other,2026-06-30,2026-06-30,13982.22,30.07
NIFTYINDIACORPORATEGROUPINDEXTATAGROUP25CAP,NIFTY India Corporate Group Index - Tata Group 25% Cap,Strategy / Thematic / Other,2024-06-30,2024-06-28,16784.05,36.41
NIFTYINDIACORPORATEGROUPINDEXTATAGROUP25CAP,NIFTY India Corporate Group Index - Tata Group 25% Cap,Strategy / Thematic / Other,2024-09-30,2024-09-30,18453.4,41.13
NIFTYINDIACORPORATEGROUPINDEXTATAGROUP25CAP,NIFTY India Corporate Group Index - Tata Group 25% Cap,Strategy / Thematic / Other,2024-12-31,2024-12-31,16399.8,31.36
NIFTYINDIACORPORATEGROUPINDEXTATAGROUP25CAP,NIFTY India Corporate Group Index - Tata Group 25% Cap,Strategy / Thematic / Other,2025-03-31,2025-03-28,14928.2,28.44
NIFTYINDIACORPORATEGROUPINDEXTATAGROUP25CAP,NIFTY India Corporate Group Index - Tata Group 25% Cap,Strategy / Thematic / Other,2025-06-30,2025-06-30,15746.15,32.61
NIFTYINDIACORPORATEGROUPINDEXTATAGROUP25CAP,NIFTY India Corporate Group Index - Tata Group 25% Cap,Strategy / Thematic / Other,2025-09-30,2025-09-30,14393.4,29.1
NIFTYINDIACORPORATEGROUPINDEXTATAGROUP25CAP,NIFTY India Corporate Group Index - Tata Group 25% Cap,Strategy / Thematic / Other,2025-12-31,2025-12-31,15292.65,33.11
NIFTYINDIACORPORATEGROUPINDEXTATAGROUP25CAP,NIFTY India Corporate Group Index - Tata Group 25% Cap,Strategy / Thematic / Other,2026-03-31,2026-03-30,13255.55,32.37
NIFTYINDIACORPORATEGROUPINDEXTATAGROUP25CAP,NIFTY India Corporate Group Index - Tata Group 25% Cap,Strategy / Thematic / Other,2026-06-30,2026-06-30,13974,32.91
NIFTYINDIADEFENCE,NIFTY India Defence,Strategy / Thematic / Other,2022-03-31,2022-03-31,1434.58,21.94
NIFTYINDIADEFENCE,NIFTY India Defence,Strategy / Thematic / Other,2022-06-30,2022-06-30,1489.57,20.38
NIFTYINDIADEFENCE,NIFTY India Defence,Strategy / Thematic / Other,2022-09-30,2022-09-30,2043.09,25.76
NIFTYINDIADEFENCE,NIFTY India Defence,Strategy / Thematic / Other,2022-12-31,2022-12-30,2206.48,25.98
NIFTYINDIADEFENCE,NIFTY India Defence,Strategy / Thematic / Other,2023-03-31,2023-03-31,2131.67,24.86
NIFTYINDIADEFENCE,NIFTY India Defence,Strategy / Thematic / Other,2023-06-30,2023-06-30,2722.13,32.91
NIFTYINDIADEFENCE,NIFTY India Defence,Strategy / Thematic / Other,2023-09-30,2023-09-29,3272.91,36.95
NIFTYINDIADEFENCE,NIFTY India Defence,Strategy / Thematic / Other,2023-12-31,2023-12-29,4175.46,45.95
NIFTYINDIADEFENCE,NIFTY India Defence,Strategy / Thematic / Other,2024-03-31,2024-03-28,4636.14,47.69
NIFTYINDIADEFENCE,NIFTY India Defence,Strategy / Thematic / Other,2024-06-30,2024-06-28,7283.69,64.36
NIFTYINDIADEFENCE,NIFTY India Defence,Strategy / Thematic / Other,2024-09-30,2024-09-30,6658.36,53.86
NIFTYINDIADEFENCE,NIFTY India Defence,Strategy / Thematic / Other,2024-12-31,2024-12-31,6493.85,49.94
NIFTYINDIADEFENCE,NIFTY India Defence,Strategy / Thematic / Other,2025-03-31,2025-03-28,6393.9,47
NIFTYINDIADEFENCE,NIFTY India Defence,Strategy / Thematic / Other,2025-06-30,2025-06-30,8870.4,61.65
NIFTYINDIADEFENCE,NIFTY India Defence,Strategy / Thematic / Other,2025-09-30,2025-09-30,7850.25,54.27
NIFTYINDIADEFENCE,NIFTY India Defence,Strategy / Thematic / Other,2025-12-31,2025-12-31,7747.4,51.77
NIFTYINDIADEFENCE,NIFTY India Defence,Strategy / Thematic / Other,2026-03-31,2026-03-30,7214.3,45.72
NIFTYINDIADEFENCE,NIFTY India Defence,Strategy / Thematic / Other,2026-06-30,2026-06-30,9519.4,57.67
NIFTYINDIADIGITAL,NIFTY India Digital,Strategy / Thematic / Other,2021-12-31,2021-12-31,7242.65,
NIFTYINDIADIGITAL,NIFTY India Digital,Strategy / Thematic / Other,2022-03-31,2022-03-31,6396.8,561.12
NIFTYINDIADIGITAL,NIFTY India Digital,Strategy / Thematic / Other,2022-06-30,2022-06-30,5090.65,85.07
NIFTYINDIADIGITAL,NIFTY India Digital,Strategy / Thematic / Other,2022-09-30,2022-09-30,5275.9,62.54
NIFTYINDIADIGITAL,NIFTY India Digital,Strategy / Thematic / Other,2022-12-31,2022-12-30,5261.1,150.85
NIFTYINDIADIGITAL,NIFTY India Digital,Strategy / Thematic / Other,2023-03-31,2023-03-31,5117.3,161.2
NIFTYINDIADIGITAL,NIFTY India Digital,Strategy / Thematic / Other,2023-06-30,2023-06-30,5928.5,113.86
NIFTYINDIADIGITAL,NIFTY India Digital,Strategy / Thematic / Other,2023-09-30,2023-09-29,6446.4,118.89
NIFTYINDIADIGITAL,NIFTY India Digital,Strategy / Thematic / Other,2023-12-31,2023-12-29,7287.85,143.63
NIFTYINDIADIGITAL,NIFTY India Digital,Strategy / Thematic / Other,2024-03-31,2024-03-28,7700.15,124.79
NIFTYINDIADIGITAL,NIFTY India Digital,Strategy / Thematic / Other,2024-06-30,2024-06-28,8347.75,451.6
NIFTYINDIADIGITAL,NIFTY India Digital,Strategy / Thematic / Other,2024-09-30,2024-09-30,9481.25,1981.55
NIFTYINDIADIGITAL,NIFTY India Digital,Strategy / Thematic / Other,2024-12-31,2024-12-31,9713.4,19041.1
NIFTYINDIADIGITAL,NIFTY India Digital,Strategy / Thematic / Other,2025-03-31,2025-03-28,8261.9,235.63
NIFTYINDIADIGITAL,NIFTY India Digital,Strategy / Thematic / Other,2025-06-30,2025-06-30,9233.4,88.56
NIFTYINDIADIGITAL,NIFTY India Digital,Strategy / Thematic / Other,2025-09-30,2025-09-30,8702.3,63.38
NIFTYINDIADIGITAL,NIFTY India Digital,Strategy / Thematic / Other,2025-12-31,2025-12-31,9422.55,69.76
NIFTYINDIADIGITAL,NIFTY India Digital,Strategy / Thematic / Other,2026-03-31,2026-03-30,7268.6,52.26
NIFTYINDIADIGITAL,NIFTY India Digital,Strategy / Thematic / Other,2026-06-30,2026-06-30,7657.05,27.08
NIFTYINDIAFPI150,NIFTY India FPI 150,Broad Market,2025-09-30,2025-09-30,1523.84,24
NIFTYINDIAFPI150,NIFTY India FPI 150,Broad Market,2025-12-31,2025-12-31,1620.65,24.91
NIFTYINDIAFPI150,NIFTY India FPI 150,Broad Market,2026-03-31,2026-03-30,1401.15,21.55
NIFTYINDIAFPI150,NIFTY India FPI 150,Broad Market,2026-06-30,2026-06-30,1536.1,22.03
NIFTYINDIAINFRASTRUCTURELOGISTICS,NIFTY India Infrastructure & Logistics,Strategy / Thematic / Other,2025-06-30,2025-06-30,11813.33,31.47
NIFTYINDIAINFRASTRUCTURELOGISTICS,NIFTY India Infrastructure & Logistics,Strategy / Thematic / Other,2025-09-30,2025-09-30,11276.94,30.27
NIFTYINDIAINFRASTRUCTURELOGISTICS,NIFTY India Infrastructure & Logistics,Strategy / Thematic / Other,2025-12-31,2025-12-31,11311.95,30.03
NIFTYINDIAINFRASTRUCTURELOGISTICS,NIFTY India Infrastructure & Logistics,Strategy / Thematic / Other,2026-03-31,2026-03-30,10191.85,29.66
NIFTYINDIAINFRASTRUCTURELOGISTICS,NIFTY India Infrastructure & Logistics,Strategy / Thematic / Other,2026-06-30,2026-06-30,12310.3,30.23
NIFTYINDIAINTERNET,NIFTY India Internet,Strategy / Thematic / Other,2025-06-30,2025-06-30,1355.15,111.57
NIFTYINDIAINTERNET,NIFTY India Internet,Strategy / Thematic / Other,2025-09-30,2025-09-30,1396.63,128.96
NIFTYINDIAINTERNET,NIFTY India Internet,Strategy / Thematic / Other,2025-12-31,2025-12-31,1402.4,291.78
NIFTYINDIAINTERNET,NIFTY India Internet,Strategy / Thematic / Other,2026-03-31,2026-03-30,1075.85,190.12
NIFTYINDIAINTERNET,NIFTY India Internet,Strategy / Thematic / Other,2026-06-30,2026-06-30,1258.35,160.67
NIFTYINDIAINTERNETECOMMERCE,NIFTY India Internet & E-Commerce,Strategy / Thematic / Other,2025-03-31,2025-03-28,1147.73,91.46
NIFTYINDIAMANUFACTURING,NIFTY India Manufacturing,Strategy / Thematic / Other,2021-09-30,2021-09-30,7897.43,21.45
NIFTYINDIAMANUFACTURING,NIFTY India Manufacturing,Strategy / Thematic / Other,2021-12-31,2021-12-31,7931.99,18.84
NIFTYINDIAMANUFACTURING,NIFTY India Manufacturing,Strategy / Thematic / Other,2022-03-31,2022-03-31,7963.05,19.03
NIFTYINDIAMANUFACTURING,NIFTY India Manufacturing,Strategy / Thematic / Other,2022-06-30,2022-06-30,7286.05,15.95
NIFTYINDIAMANUFACTURING,NIFTY India Manufacturing,Strategy / Thematic / Other,2022-09-30,2022-09-30,8158,18.96
NIFTYINDIAMANUFACTURING,NIFTY India Manufacturing,Strategy / Thematic / Other,2022-12-31,2022-12-30,8241.75,21.76
NIFTYINDIAMANUFACTURING,NIFTY India Manufacturing,Strategy / Thematic / Other,2023-03-31,2023-03-31,7948.1,24.07
NIFTYINDIAMANUFACTURING,NIFTY India Manufacturing,Strategy / Thematic / Other,2023-06-30,2023-06-30,9204.15,27.74
NIFTYINDIAMANUFACTURING,NIFTY India Manufacturing,Strategy / Thematic / Other,2023-09-30,2023-09-29,9796.8,25.9
NIFTYINDIAMANUFACTURING,NIFTY India Manufacturing,Strategy / Thematic / Other,2023-12-31,2023-12-29,11037.95,26.92
NIFTYINDIAMANUFACTURING,NIFTY India Manufacturing,Strategy / Thematic / Other,2024-03-31,2024-03-28,12240,27.65
NIFTYINDIAMANUFACTURING,NIFTY India Manufacturing,Strategy / Thematic / Other,2024-06-30,2024-06-28,14622.1,30.87
NIFTYINDIAMANUFACTURING,NIFTY India Manufacturing,Strategy / Thematic / Other,2024-09-30,2024-09-30,15612.05,34.09
NIFTYINDIAMANUFACTURING,NIFTY India Manufacturing,Strategy / Thematic / Other,2024-12-31,2024-12-31,13822.55,29.3
NIFTYINDIAMANUFACTURING,NIFTY India Manufacturing,Strategy / Thematic / Other,2025-03-31,2025-03-28,13097.55,27.47
NIFTYINDIAMANUFACTURING,NIFTY India Manufacturing,Strategy / Thematic / Other,2025-06-30,2025-06-30,14548.8,29.23
NIFTYINDIAMANUFACTURING,NIFTY India Manufacturing,Strategy / Thematic / Other,2025-09-30,2025-09-30,14768.15,28.55
NIFTYINDIAMANUFACTURING,NIFTY India Manufacturing,Strategy / Thematic / Other,2025-12-31,2025-12-31,15412.5,28.37
NIFTYINDIAMANUFACTURING,NIFTY India Manufacturing,Strategy / Thematic / Other,2026-03-31,2026-03-30,14032.55,25.69
NIFTYINDIAMANUFACTURING,NIFTY India Manufacturing,Strategy / Thematic / Other,2026-06-30,2026-06-30,15876,27.04
NIFTYINDIANEWAGECONSUMPTION,NIFTY India New Age Consumption,Strategy / Thematic / Other,2024-12-31,2024-12-31,11772.7,54.65
NIFTYINDIANEWAGECONSUMPTION,NIFTY India New Age Consumption,Strategy / Thematic / Other,2025-03-31,2025-03-28,10470.25,49.14
NIFTYINDIANEWAGECONSUMPTION,NIFTY India New Age Consumption,Strategy / Thematic / Other,2025-06-30,2025-06-30,11851.25,51.05
NIFTYINDIANEWAGECONSUMPTION,NIFTY India New Age Consumption,Strategy / Thematic / Other,2025-09-30,2025-09-30,11855.5,51.36
NIFTYINDIANEWAGECONSUMPTION,NIFTY India New Age Consumption,Strategy / Thematic / Other,2025-12-31,2025-12-31,11849.05,55.9
NIFTYINDIANEWAGECONSUMPTION,NIFTY India New Age Consumption,Strategy / Thematic / Other,2026-03-31,2026-03-30,9703.55,51.5
NIFTYINDIANEWAGECONSUMPTION,NIFTY India New Age Consumption,Strategy / Thematic / Other,2026-06-30,2026-06-30,11398.15,45.44
NIFTYINDIARAILWAYSPSU,NIFTY India Railways PSU,Strategy / Thematic / Other,2024-12-31,2024-12-31,3883.38,30.22
NIFTYINDIARAILWAYSPSU,NIFTY India Railways PSU,Strategy / Thematic / Other,2025-03-31,2025-03-28,3431.2,27.37
NIFTYINDIARAILWAYSPSU,NIFTY India Railways PSU,Strategy / Thematic / Other,2025-06-30,2025-06-30,3873.96,30.73
NIFTYINDIARAILWAYSPSU,NIFTY India Railways PSU,Strategy / Thematic / Other,2025-09-30,2025-09-30,3460.19,27.22
NIFTYINDIARAILWAYSPSU,NIFTY India Railways PSU,Strategy / Thematic / Other,2025-12-31,2025-12-31,3499.08,26.47
NIFTYINDIARAILWAYSPSU,NIFTY India Railways PSU,Strategy / Thematic / Other,2026-03-31,2026-03-30,2748.95,19.93
NIFTYINDIARAILWAYSPSU,NIFTY India Railways PSU,Strategy / Thematic / Other,2026-06-30,2026-06-30,2869.5,20.57
NIFTYINDIASELECT5CORPORATEGROUPSMAATR,NIFTY India Select 5 Corporate Groups (Maatr),Strategy / Thematic / Other,2024-12-31,2024-12-31,35211.55,33.89
NIFTYINDIASELECT5CORPORATEGROUPSMAATR,NIFTY India Select 5 Corporate Groups (Maatr),Strategy / Thematic / Other,2025-03-31,2025-03-28,33407.85,31.16
NIFTYINDIASELECT5CORPORATEGROUPSMAATR,NIFTY India Select 5 Corporate Groups (Maatr),Strategy / Thematic / Other,2025-06-30,2025-06-30,37435.4,31.77
NIFTYINDIASELECT5CORPORATEGROUPSMAATR,NIFTY India Select 5 Corporate Groups (Maatr),Strategy / Thematic / Other,2025-09-30,2025-09-30,36371.45,28.7
NIFTYINDIASELECT5CORPORATEGROUPSMAATR,NIFTY India Select 5 Corporate Groups (Maatr),Strategy / Thematic / Other,2025-12-31,2025-12-31,38967.95,29.83
NIFTYINDIASELECT5CORPORATEGROUPSMAATR,NIFTY India Select 5 Corporate Groups (Maatr),Strategy / Thematic / Other,2026-03-31,2026-03-30,33378.9,26.09
NIFTYINDIASELECT5CORPORATEGROUPSMAATR,NIFTY India Select 5 Corporate Groups (Maatr),Strategy / Thematic / Other,2026-06-30,2026-06-30,38053.05,24.66
NIFTYINDIATOURISM,NIFTY India Tourism,Strategy / Thematic / Other,2024-06-30,2024-06-28,8487.88,58.42
NIFTYINDIATOURISM,NIFTY India Tourism,Strategy / Thematic / Other,2024-09-30,2024-09-30,8981.98,65.74
NIFTYINDIATOURISM,NIFTY India Tourism,Strategy / Thematic / Other,2024-12-31,2024-12-31,9133.6,73.76
NIFTYINDIATOURISM,NIFTY India Tourism,Strategy / Thematic / Other,2025-03-31,2025-03-28,8546.6,68.99
NIFTYINDIATOURISM,NIFTY India Tourism,Strategy / Thematic / Other,2025-06-30,2025-06-30,9289.3,68.73
NIFTYINDIATOURISM,NIFTY India Tourism,Strategy / Thematic / Other,2025-09-30,2025-09-30,8813.5,62.98
NIFTYINDIATOURISM,NIFTY India Tourism,Strategy / Thematic / Other,2025-12-31,2025-12-31,8604.05,65.18
NIFTYINDIATOURISM,NIFTY India Tourism,Strategy / Thematic / Other,2026-03-31,2026-03-30,6517.65,48.88
NIFTYINDIATOURISM,NIFTY India Tourism,Strategy / Thematic / Other,2026-06-30,2026-06-30,8012.75,77.92
NIFTYINFRASTRUCTURE,NIFTY Infrastructure,Strategy / Thematic / Other,2015-12-31,2015-12-31,2769.05,19.67
NIFTYINFRASTRUCTURE,NIFTY Infrastructure,Strategy / Thematic / Other,2016-03-31,2016-03-31,2548.15,19.42
NIFTYINFRASTRUCTURE,NIFTY Infrastructure,Strategy / Thematic / Other,2016-06-30,2016-06-30,2845.7,22.53
NIFTYINFRASTRUCTURE,NIFTY Infrastructure,Strategy / Thematic / Other,2016-09-30,2016-09-30,2793.4,23.5
NIFTYINFRASTRUCTURE,NIFTY Infrastructure,Strategy / Thematic / Other,2016-12-31,2016-12-30,2712.25,20.23
NIFTYINFRASTRUCTURE,NIFTY Infrastructure,Strategy / Thematic / Other,2017-03-31,2017-03-31,3096.65,22.98
NIFTYINFRASTRUCTURE,NIFTY Infrastructure,Strategy / Thematic / Other,2017-06-30,2017-06-30,3201.35,43.75
NIFTYINFRASTRUCTURE,NIFTY Infrastructure,Strategy / Thematic / Other,2017-09-30,2017-09-29,3245.65,40.7
NIFTYINFRASTRUCTURE,NIFTY Infrastructure,Strategy / Thematic / Other,2017-12-31,2017-12-29,3637.5,63.9
NIFTYINFRASTRUCTURE,NIFTY Infrastructure,Strategy / Thematic / Other,2018-03-31,2018-03-28,3328.7,64.61
NIFTYINFRASTRUCTURE,NIFTY Infrastructure,Strategy / Thematic / Other,2018-06-30,2018-06-29,3125.7,34.39
NIFTYINFRASTRUCTURE,NIFTY Infrastructure,Strategy / Thematic / Other,2018-09-30,2018-09-28,2967.3,31.11
NIFTYINFRASTRUCTURE,NIFTY Infrastructure,Strategy / Thematic / Other,2018-12-31,2018-12-31,3175.3,35.02
NIFTYINFRASTRUCTURE,NIFTY Infrastructure,Strategy / Thematic / Other,2019-03-31,2019-03-29,3207.9,37.79
NIFTYINFRASTRUCTURE,NIFTY Infrastructure,Strategy / Thematic / Other,2019-06-30,2019-06-28,3369.2,41.37
NIFTYINFRASTRUCTURE,NIFTY Infrastructure,Strategy / Thematic / Other,2019-09-30,2019-09-30,3208.4,20.41
NIFTYINFRASTRUCTURE,NIFTY Infrastructure,Strategy / Thematic / Other,2019-12-31,2019-12-31,3255.3,24.14
NIFTYINFRASTRUCTURE,NIFTY Infrastructure,Strategy / Thematic / Other,2020-03-31,2020-03-31,2360.5,18.71
NIFTYINFRASTRUCTURE,NIFTY Infrastructure,Strategy / Thematic / Other,2020-06-30,2020-06-30,3032.35,33.76
NIFTYINFRASTRUCTURE,NIFTY Infrastructure,Strategy / Thematic / Other,2020-09-30,2020-09-30,3080.95,68.57
NIFTYINFRASTRUCTURE,NIFTY Infrastructure,Strategy / Thematic / Other,2020-12-31,2020-12-31,3650.95,49.52
NIFTYINFRASTRUCTURE,NIFTY Infrastructure,Strategy / Thematic / Other,2021-03-31,2021-03-31,4087.8,34.22
NIFTYINFRASTRUCTURE,NIFTY Infrastructure,Strategy / Thematic / Other,2021-06-30,2021-06-30,4339.25,22.43
NIFTYINFRASTRUCTURE,NIFTY Infrastructure,Strategy / Thematic / Other,2021-09-30,2021-09-30,5025.35,20.48
NIFTYINFRASTRUCTURE,NIFTY Infrastructure,Strategy / Thematic / Other,2021-12-31,2021-12-31,4949.9,17.81
NIFTYINFRASTRUCTURE,NIFTY Infrastructure,Strategy / Thematic / Other,2022-03-31,2022-03-31,5018.55,16.32
NIFTYINFRASTRUCTURE,NIFTY Infrastructure,Strategy / Thematic / Other,2022-06-30,2022-06-30,4619.8,14.95
NIFTYINFRASTRUCTURE,NIFTY Infrastructure,Strategy / Thematic / Other,2022-09-30,2022-09-30,4957.85,17.77
NIFTYINFRASTRUCTURE,NIFTY Infrastructure,Strategy / Thematic / Other,2022-12-31,2022-12-30,5252.1,21.11
NIFTYINFRASTRUCTURE,NIFTY Infrastructure,Strategy / Thematic / Other,2023-03-31,2023-03-31,5090.95,20.94
NIFTYINFRASTRUCTURE,NIFTY Infrastructure,Strategy / Thematic / Other,2023-06-30,2023-06-30,5738.7,23.28
NIFTYINFRASTRUCTURE,NIFTY Infrastructure,Strategy / Thematic / Other,2023-09-30,2023-09-29,6242.85,19.52
NIFTYINFRASTRUCTURE,NIFTY Infrastructure,Strategy / Thematic / Other,2023-12-31,2023-12-29,7303.4,19.27
NIFTYINFRASTRUCTURE,NIFTY Infrastructure,Strategy / Thematic / Other,2024-03-31,2024-03-28,8336,21.05
NIFTYINFRASTRUCTURE,NIFTY Infrastructure,Strategy / Thematic / Other,2024-06-30,2024-06-28,9133.95,22.81
NIFTYINFRASTRUCTURE,NIFTY Infrastructure,Strategy / Thematic / Other,2024-09-30,2024-09-30,9574.8,25.49
NIFTYINFRASTRUCTURE,NIFTY Infrastructure,Strategy / Thematic / Other,2024-12-31,2024-12-31,8463.5,24.16
NIFTYINFRASTRUCTURE,NIFTY Infrastructure,Strategy / Thematic / Other,2025-03-31,2025-03-28,8457.8,23.5
NIFTYINFRASTRUCTURE,NIFTY Infrastructure,Strategy / Thematic / Other,2025-06-30,2025-06-30,9409.35,24.46
NIFTYINFRASTRUCTURE,NIFTY Infrastructure,Strategy / Thematic / Other,2025-09-30,2025-09-30,9007.2,21.71
NIFTYINFRASTRUCTURE,NIFTY Infrastructure,Strategy / Thematic / Other,2025-12-31,2025-12-31,9616.35,21.69
NIFTYINFRASTRUCTURE,NIFTY Infrastructure,Strategy / Thematic / Other,2026-03-31,2026-03-30,8560.95,19.67
NIFTYINFRASTRUCTURE,NIFTY Infrastructure,Strategy / Thematic / Other,2026-06-30,2026-06-30,9392.2,21.21
NIFTYINSURANCE,NIFTY Insurance,Sectoral,2026-06-30,2026-06-30,1925.66,34.15
NIFTYIPO,NIFTY Ipo,Strategy / Thematic / Other,2024-09-30,2024-09-30,2337.82,65.13
NIFTYIPO,NIFTY Ipo,Strategy / Thematic / Other,2024-12-31,2024-12-31,2228.15,61.63
NIFTYIPO,NIFTY Ipo,Strategy / Thematic / Other,2025-03-31,2025-03-28,1818,52.55
NIFTYIPO,NIFTY Ipo,Strategy / Thematic / Other,2025-06-30,2025-06-30,2083.5,64.7
NIFTYIPO,NIFTY Ipo,Strategy / Thematic / Other,2025-09-30,2025-09-30,2143.1,83.47
NIFTYIPO,NIFTY Ipo,Strategy / Thematic / Other,2025-12-31,2025-12-31,2048.85,70.52
NIFTYIPO,NIFTY Ipo,Strategy / Thematic / Other,2026-03-31,2026-03-30,1782.65,57.42
NIFTYIPO,NIFTY Ipo,Strategy / Thematic / Other,2026-06-30,2026-06-30,2292.8,54.17
NIFTYIT,NIFTY IT,Sectoral,2015-12-31,2015-12-31,11212.55,19.51
NIFTYIT,NIFTY IT,Sectoral,2016-03-31,2016-03-31,11309.3,19.71
NIFTYIT,NIFTY IT,Sectoral,2016-06-30,2016-06-30,11120.15,18.49
NIFTYIT,NIFTY IT,Sectoral,2016-09-30,2016-09-30,10292.3,16.67
NIFTYIT,NIFTY IT,Sectoral,2016-12-31,2016-12-30,10399.25,16.63
NIFTYIT,NIFTY IT,Sectoral,2017-03-31,2017-03-31,10703.25,16.92
NIFTYIT,NIFTY IT,Sectoral,2017-06-30,2017-06-30,10155.05,16.38
NIFTYIT,NIFTY IT,Sectoral,2017-09-30,2017-09-29,10475.35,16.95
NIFTYIT,NIFTY IT,Sectoral,2017-12-31,2017-12-29,11665.75,18.45
NIFTYIT,NIFTY IT,Sectoral,2018-03-31,2018-03-28,12511.55,18.58
NIFTYIT,NIFTY IT,Sectoral,2018-06-30,2018-06-29,13989.5,19.95
NIFTYIT,NIFTY IT,Sectoral,2018-09-30,2018-09-28,15838.05,22.25
NIFTYIT,NIFTY IT,Sectoral,2018-12-31,2018-12-31,14440.3,20
NIFTYIT,NIFTY IT,Sectoral,2019-03-31,2019-03-29,15628.2,23.27
NIFTYIT,NIFTY IT,Sectoral,2019-06-30,2019-06-28,15936.45,23.13
NIFTYIT,NIFTY IT,Sectoral,2019-09-30,2019-09-30,15540.15,21.16
NIFTYIT,NIFTY IT,Sectoral,2019-12-31,2019-12-31,15652.4,20.66
NIFTYIT,NIFTY IT,Sectoral,2020-03-31,2020-03-31,12763.65,16.56
NIFTYIT,NIFTY IT,Sectoral,2020-06-30,2020-06-30,14754.3,19.67
NIFTYIT,NIFTY IT,Sectoral,2020-09-30,2020-09-30,19951.3,26.86
NIFTYIT,NIFTY IT,Sectoral,2020-12-31,2020-12-31,24251.35,32.69
NIFTYIT,NIFTY IT,Sectoral,2021-03-31,2021-03-31,25855,28.65
NIFTYIT,NIFTY IT,Sectoral,2021-06-30,2021-06-30,29168,31.87
NIFTYIT,NIFTY IT,Sectoral,2021-09-30,2021-09-30,35028,36.81
NIFTYIT,NIFTY IT,Sectoral,2021-12-31,2021-12-31,38701,38.91
NIFTYIT,NIFTY IT,Sectoral,2022-03-31,2022-03-31,36317.2,35.85
NIFTYIT,NIFTY IT,Sectoral,2022-06-30,2022-06-30,27843.35,25.39
NIFTYIT,NIFTY IT,Sectoral,2022-09-30,2022-09-30,26981.15,24.72
NIFTYIT,NIFTY IT,Sectoral,2022-12-31,2022-12-30,28621.7,26.29
NIFTYIT,NIFTY IT,Sectoral,2023-03-31,2023-03-31,28698.6,25.31
NIFTYIT,NIFTY IT,Sectoral,2023-06-30,2023-06-30,29563,25.42
NIFTYIT,NIFTY IT,Sectoral,2023-09-30,2023-09-29,31784.4,26.74
NIFTYIT,NIFTY IT,Sectoral,2023-12-31,2023-12-29,35515,29.74
NIFTYIT,NIFTY IT,Sectoral,2024-03-31,2024-03-28,34898.15,29.93
NIFTYIT,NIFTY IT,Sectoral,2024-06-30,2024-06-28,36157.5,30.25
NIFTYIT,NIFTY IT,Sectoral,2024-09-30,2024-09-30,41946.05,34.4
NIFTYIT,NIFTY IT,Sectoral,2024-12-31,2024-12-31,43337.8,34.03
NIFTYIT,NIFTY IT,Sectoral,2025-03-31,2025-03-28,36886.15,27.87
NIFTYIT,NIFTY IT,Sectoral,2025-06-30,2025-06-30,38950,28.81
NIFTYIT,NIFTY IT,Sectoral,2025-09-30,2025-09-30,33655.1,24.29
NIFTYIT,NIFTY IT,Sectoral,2025-12-31,2025-12-31,37884.05,26.65
NIFTYIT,NIFTY IT,Sectoral,2026-03-31,2026-03-30,29062.6,20.64
NIFTYIT,NIFTY IT,Sectoral,2026-06-30,2026-06-30,26299.05,17.26
NIFTYLARGEMIDCAP250,NIFTY LargeMidcap 250,Broad Market,2017-12-31,2017-12-29,6145.35,37.55
NIFTYLARGEMIDCAP250,NIFTY LargeMidcap 250,Broad Market,2018-03-31,2018-03-28,5705.9,34.51
NIFTYLARGEMIDCAP250,NIFTY LargeMidcap 250,Broad Market,2018-06-30,2018-06-29,5768.36,33.94
NIFTYLARGEMIDCAP250,NIFTY LargeMidcap 250,Broad Market,2018-09-30,2018-09-28,5667.51,33.54
NIFTYLARGEMIDCAP250,NIFTY LargeMidcap 250,Broad Market,2018-12-31,2018-12-31,5763.86,32.64
NIFTYLARGEMIDCAP250,NIFTY LargeMidcap 250,Broad Market,2019-03-31,2019-03-29,6011.71,32.52
NIFTYLARGEMIDCAP250,NIFTY LargeMidcap 250,Broad Market,2019-06-30,2019-06-28,5960.89,31.59
NIFTYLARGEMIDCAP250,NIFTY LargeMidcap 250,Broad Market,2019-09-30,2019-09-30,5687.47,27.11
NIFTYLARGEMIDCAP250,NIFTY LargeMidcap 250,Broad Market,2019-12-31,2019-12-31,6045.55,28.73
NIFTYLARGEMIDCAP250,NIFTY LargeMidcap 250,Broad Market,2020-03-31,2020-03-31,4304.47,20.51
NIFTYLARGEMIDCAP250,NIFTY LargeMidcap 250,Broad Market,2020-06-30,2020-06-30,5276.28,38.42
NIFTYLARGEMIDCAP250,NIFTY LargeMidcap 250,Broad Market,2020-09-30,2020-09-30,5902.99,78.3
NIFTYLARGEMIDCAP250,NIFTY LargeMidcap 250,Broad Market,2020-12-31,2020-12-31,7234.79,60.9
NIFTYLARGEMIDCAP250,NIFTY LargeMidcap 250,Broad Market,2021-03-31,2021-03-31,7935.05,37.22
NIFTYLARGEMIDCAP250,NIFTY LargeMidcap 250,Broad Market,2021-06-30,2021-06-30,8768.45,31.45
NIFTYLARGEMIDCAP250,NIFTY LargeMidcap 250,Broad Market,2021-09-30,2021-09-30,9797.05,29.75
NIFTYLARGEMIDCAP250,NIFTY LargeMidcap 250,Broad Market,2021-12-31,2021-12-31,9814.15,26.94
NIFTYLARGEMIDCAP250,NIFTY LargeMidcap 250,Broad Market,2022-03-31,2022-03-31,9650.2,24.82
NIFTYLARGEMIDCAP250,NIFTY LargeMidcap 250,Broad Market,2022-06-30,2022-06-30,8705.95,21.02
NIFTYLARGEMIDCAP250,NIFTY LargeMidcap 250,Broad Market,2022-09-30,2022-09-30,9815.5,22.9
NIFTYLARGEMIDCAP250,NIFTY LargeMidcap 250,Broad Market,2022-12-31,2022-12-30,10143.55,24.28
NIFTYLARGEMIDCAP250,NIFTY LargeMidcap 250,Broad Market,2023-03-31,2023-03-31,9618.9,22.28
NIFTYLARGEMIDCAP250,NIFTY LargeMidcap 250,Broad Market,2023-06-30,2023-06-30,11023.85,24.77
NIFTYLARGEMIDCAP250,NIFTY LargeMidcap 250,Broad Market,2023-09-30,2023-09-29,11877.5,24.58
NIFTYLARGEMIDCAP250,NIFTY LargeMidcap 250,Broad Market,2023-12-31,2023-12-29,13347,25.06
NIFTYLARGEMIDCAP250,NIFTY LargeMidcap 250,Broad Market,2024-03-31,2024-03-28,13921.1,27.46
NIFTYLARGEMIDCAP250,NIFTY LargeMidcap 250,Broad Market,2024-06-30,2024-06-28,15756.45,30.28
NIFTYLARGEMIDCAP250,NIFTY LargeMidcap 250,Broad Market,2024-09-30,2024-09-30,16910.05,32.24
NIFTYLARGEMIDCAP250,NIFTY LargeMidcap 250,Broad Market,2024-12-31,2024-12-31,15714.8,29.48
NIFTYLARGEMIDCAP250,NIFTY LargeMidcap 250,Broad Market,2025-03-31,2025-03-28,14821.1,26.18
NIFTYLARGEMIDCAP250,NIFTY LargeMidcap 250,Broad Market,2025-06-30,2025-06-30,16572.25,27.72
NIFTYLARGEMIDCAP250,NIFTY LargeMidcap 250,Broad Market,2025-09-30,2025-09-30,15946.5,26.02
NIFTYLARGEMIDCAP250,NIFTY LargeMidcap 250,Broad Market,2025-12-31,2025-12-31,16854.95,26.79
NIFTYLARGEMIDCAP250,NIFTY LargeMidcap 250,Broad Market,2026-03-31,2026-03-30,14574.5,23.55
NIFTYLARGEMIDCAP250,NIFTY LargeMidcap 250,Broad Market,2026-06-30,2026-06-30,16476.35,23.88
NIFTYLOWVOLATILITY50,NIFTY Low Volatility 50,Strategy / Thematic / Other,2015-12-31,2015-12-31,7485.07,24.71
NIFTYLOWVOLATILITY50,NIFTY Low Volatility 50,Strategy / Thematic / Other,2016-03-31,2016-03-31,7214.11,22.52
NIFTYLOWVOLATILITY50,NIFTY Low Volatility 50,Strategy / Thematic / Other,2016-06-30,2016-06-30,7978.96,24.24
NIFTYLOWVOLATILITY50,NIFTY Low Volatility 50,Strategy / Thematic / Other,2016-09-30,2016-09-30,8320.34,24.63
NIFTYLOWVOLATILITY50,NIFTY Low Volatility 50,Strategy / Thematic / Other,2016-12-31,2016-12-30,7758.3,21.73
NIFTYLOWVOLATILITY50,NIFTY Low Volatility 50,Strategy / Thematic / Other,2017-03-31,2017-03-31,8717.11,24.31
NIFTYLOWVOLATILITY50,NIFTY Low Volatility 50,Strategy / Thematic / Other,2017-06-30,2017-06-30,8971.02,25.3
NIFTYLOWVOLATILITY50,NIFTY Low Volatility 50,Strategy / Thematic / Other,2017-09-30,2017-09-29,9249.33,27.48
NIFTYLOWVOLATILITY50,NIFTY Low Volatility 50,Strategy / Thematic / Other,2017-12-31,2017-12-29,10102.21,30.1
NIFTYLOWVOLATILITY50,NIFTY Low Volatility 50,Strategy / Thematic / Other,2018-03-31,2018-03-28,9544.39,27.05
NIFTYLOWVOLATILITY50,NIFTY Low Volatility 50,Strategy / Thematic / Other,2018-06-30,2018-06-29,9768.07,27.22
NIFTYLOWVOLATILITY50,NIFTY Low Volatility 50,Strategy / Thematic / Other,2018-09-30,2018-09-28,9832.81,26.24
NIFTYLOWVOLATILITY50,NIFTY Low Volatility 50,Strategy / Thematic / Other,2018-12-31,2018-12-31,10049.5,24.44
NIFTYLOWVOLATILITY50,NIFTY Low Volatility 50,Strategy / Thematic / Other,2019-03-31,2019-03-29,10236.82,24.62
NIFTYLOWVOLATILITY50,NIFTY Low Volatility 50,Strategy / Thematic / Other,2019-06-30,2019-06-28,10264.32,24
NIFTYLOWVOLATILITY50,NIFTY Low Volatility 50,Strategy / Thematic / Other,2019-09-30,2019-09-30,10209.42,22.65
NIFTYLOWVOLATILITY50,NIFTY Low Volatility 50,Strategy / Thematic / Other,2019-12-31,2019-12-31,10558.46,22.94
NIFTYLOWVOLATILITY50,NIFTY Low Volatility 50,Strategy / Thematic / Other,2020-03-31,2020-03-31,8703.58,19.21
NIFTYLOWVOLATILITY50,NIFTY Low Volatility 50,Strategy / Thematic / Other,2020-06-30,2020-06-30,10255.97,23.57
NIFTYLOWVOLATILITY50,NIFTY Low Volatility 50,Strategy / Thematic / Other,2020-09-30,2020-09-30,11278.19,26.71
NIFTYLOWVOLATILITY50,NIFTY Low Volatility 50,Strategy / Thematic / Other,2020-12-31,2020-12-31,13088.08,30.56
NIFTYLOWVOLATILITY50,NIFTY Low Volatility 50,Strategy / Thematic / Other,2021-03-31,2021-03-31,13673.8,29.81
NIFTYLOWVOLATILITY50,NIFTY Low Volatility 50,Strategy / Thematic / Other,2021-06-30,2021-06-30,15169.2,29.27
NIFTYLOWVOLATILITY50,NIFTY Low Volatility 50,Strategy / Thematic / Other,2021-09-30,2021-09-30,16467.75,26.43
NIFTYLOWVOLATILITY50,NIFTY Low Volatility 50,Strategy / Thematic / Other,2021-12-31,2021-12-31,16022.97,25.82
NIFTYLOWVOLATILITY50,NIFTY Low Volatility 50,Strategy / Thematic / Other,2022-03-31,2022-03-31,15243.32,26.43
NIFTYLOWVOLATILITY50,NIFTY Low Volatility 50,Strategy / Thematic / Other,2022-06-30,2022-06-30,14458.17,25.28
NIFTYLOWVOLATILITY50,NIFTY Low Volatility 50,Strategy / Thematic / Other,2022-09-30,2022-09-30,15715.37,27.74
NIFTYLOWVOLATILITY50,NIFTY Low Volatility 50,Strategy / Thematic / Other,2022-12-31,2022-12-30,16004.77,28.42
NIFTYLOWVOLATILITY50,NIFTY Low Volatility 50,Strategy / Thematic / Other,2023-03-31,2023-03-31,15567.29,28.47
NIFTYLOWVOLATILITY50,NIFTY Low Volatility 50,Strategy / Thematic / Other,2023-06-30,2023-06-30,17622.42,28.57
NIFTYLOWVOLATILITY50,NIFTY Low Volatility 50,Strategy / Thematic / Other,2023-09-30,2023-09-29,18396.83,25.62
NIFTYLOWVOLATILITY50,NIFTY Low Volatility 50,Strategy / Thematic / Other,2023-12-31,2023-12-29,20885.12,26.68
NIFTYLOWVOLATILITY50,NIFTY Low Volatility 50,Strategy / Thematic / Other,2024-03-31,2024-03-28,21963.09,30.87
NIFTYLOWVOLATILITY50,NIFTY Low Volatility 50,Strategy / Thematic / Other,2024-06-30,2024-06-28,23710.09,31.75
NIFTYLOWVOLATILITY50,NIFTY Low Volatility 50,Strategy / Thematic / Other,2024-09-30,2024-09-30,26377.43,38.32
NIFTYLOWVOLATILITY50,NIFTY Low Volatility 50,Strategy / Thematic / Other,2024-12-31,2024-12-31,23621.15,34.51
NIFTYLOWVOLATILITY50,NIFTY Low Volatility 50,Strategy / Thematic / Other,2025-03-31,2025-03-28,23559.75,33.24
NIFTYLOWVOLATILITY50,NIFTY Low Volatility 50,Strategy / Thematic / Other,2025-06-30,2025-06-30,25380.55,35.03
NIFTYLOWVOLATILITY50,NIFTY Low Volatility 50,Strategy / Thematic / Other,2025-09-30,2025-09-30,24555.3,32.22
NIFTYLOWVOLATILITY50,NIFTY Low Volatility 50,Strategy / Thematic / Other,2025-12-31,2025-12-31,25703.45,31.56
NIFTYLOWVOLATILITY50,NIFTY Low Volatility 50,Strategy / Thematic / Other,2026-03-31,2026-03-30,22582,27.63
NIFTYLOWVOLATILITY50,NIFTY Low Volatility 50,Strategy / Thematic / Other,2026-06-30,2026-06-30,24151.5,26.26
NIFTYMAHINDRAGROUP,NIFTY Mahindra Group,Strategy / Thematic / Other,2015-12-31,2015-12-31,9221.23,22.39
NIFTYMAHINDRAGROUP,NIFTY Mahindra Group,Strategy / Thematic / Other,2016-03-31,2016-03-31,8582.15,21.59
NIFTYMAHINDRAGROUP,NIFTY Mahindra Group,Strategy / Thematic / Other,2016-06-30,2016-06-30,9859.33,23
NIFTYMAHINDRAGROUP,NIFTY Mahindra Group,Strategy / Thematic / Other,2016-09-30,2016-09-30,9421.64,21.69
NIFTYMAHINDRAGROUP,NIFTY Mahindra Group,Strategy / Thematic / Other,2016-12-31,2016-12-30,8651.52,20.02
NIFTYMAHINDRAGROUP,NIFTY Mahindra Group,Strategy / Thematic / Other,2017-03-31,2017-03-31,9103.71,20
NIFTYMAHINDRAGROUP,NIFTY Mahindra Group,Strategy / Thematic / Other,2017-06-30,2017-06-30,9210.24,20.79
NIFTYMAHINDRAGROUP,NIFTY Mahindra Group,Strategy / Thematic / Other,2017-09-30,2017-09-29,9458.56,21.82
NIFTYMAHINDRAGROUP,NIFTY Mahindra Group,Strategy / Thematic / Other,2017-12-31,2017-12-29,10838.98,23.66
NIFTYMAHINDRAGROUP,NIFTY Mahindra Group,Strategy / Thematic / Other,2018-03-31,2018-03-28,11339.7,23.32
NIFTYMAHINDRAGROUP,NIFTY Mahindra Group,Strategy / Thematic / Other,2018-06-30,2018-06-29,12694.46,23.5
NIFTYMAHINDRAGROUP,NIFTY Mahindra Group,Strategy / Thematic / Other,2018-09-30,2018-09-28,12572.7,21.46
NIFTYMAHINDRAGROUP,NIFTY Mahindra Group,Strategy / Thematic / Other,2018-12-31,2018-12-31,12281.41,20.36
NIFTYMAHINDRAGROUP,NIFTY Mahindra Group,Strategy / Thematic / Other,2019-03-31,2019-03-29,11449.78,19.33
NIFTYMAHINDRAGROUP,NIFTY Mahindra Group,Strategy / Thematic / Other,2019-06-30,2019-06-28,10808.01,18.28
NIFTYMAHINDRAGROUP,NIFTY Mahindra Group,Strategy / Thematic / Other,2019-09-30,2019-09-30,9702.21,14.6
NIFTYMAHINDRAGROUP,NIFTY Mahindra Group,Strategy / Thematic / Other,2019-12-31,2019-12-31,9829.94,15.56
NIFTYMAHINDRAGROUP,NIFTY Mahindra Group,Strategy / Thematic / Other,2020-03-31,2020-03-31,6021.09,10.3
NIFTYMAHINDRAGROUP,NIFTY Mahindra Group,Strategy / Thematic / Other,2020-06-30,2020-06-30,7733.6,20.75
NIFTYMAHINDRAGROUP,NIFTY Mahindra Group,Strategy / Thematic / Other,2020-09-30,2020-09-30,9908.27,40.48
NIFTYMAHINDRAGROUP,NIFTY Mahindra Group,Strategy / Thematic / Other,2020-12-31,2020-12-31,12166.39,73.89
NIFTYMAHINDRAGROUP,NIFTY Mahindra Group,Strategy / Thematic / Other,2021-03-31,2021-03-31,13022.57,56.54
NIFTYMAHINDRAGROUP,NIFTY Mahindra Group,Strategy / Thematic / Other,2021-06-30,2021-06-30,13403.46,29.67
NIFTYMAHINDRAGROUP,NIFTY Mahindra Group,Strategy / Thematic / Other,2021-09-30,2021-09-30,15474.21,42.89
NIFTYMAHINDRAGROUP,NIFTY Mahindra Group,Strategy / Thematic / Other,2021-12-31,2021-12-31,17520.32,31.62
NIFTYMAHINDRAGROUP,NIFTY Mahindra Group,Strategy / Thematic / Other,2022-03-31,2022-03-31,15784.43,22.64
NIFTYMAHINDRAGROUP,NIFTY Mahindra Group,Strategy / Thematic / Other,2022-06-30,2022-06-30,15318.33,18.72
NIFTYMAHINDRAGROUP,NIFTY Mahindra Group,Strategy / Thematic / Other,2022-09-30,2022-09-30,16861.15,15.85
NIFTYMAHINDRAGROUP,NIFTY Mahindra Group,Strategy / Thematic / Other,2022-12-31,2022-12-30,17136.8,16.25
NIFTYMAHINDRAGROUP,NIFTY Mahindra Group,Strategy / Thematic / Other,2023-03-31,2023-03-31,16898.58,15.87
NIFTYMAHINDRAGROUP,NIFTY Mahindra Group,Strategy / Thematic / Other,2023-06-30,2023-06-30,20291.9,19.08
NIFTYMAHINDRAGROUP,NIFTY Mahindra Group,Strategy / Thematic / Other,2023-09-30,2023-09-29,21546.93,19.18
NIFTYMAHINDRAGROUP,NIFTY Mahindra Group,Strategy / Thematic / Other,2023-12-31,2023-12-29,22835.39,22.03
NIFTYMAHINDRAGROUP,NIFTY Mahindra Group,Strategy / Thematic / Other,2024-03-31,2024-03-28,24066.03,24.27
NIFTYMEDIA,NIFTY Media,Sectoral,2015-12-31,2015-12-31,2633,50.56
NIFTYMEDIA,NIFTY Media,Sectoral,2016-03-31,2016-03-31,2320.95,41.53
NIFTYMEDIA,NIFTY Media,Sectoral,2016-06-30,2016-06-30,2633.9,45.87
NIFTYMEDIA,NIFTY Media,Sectoral,2016-09-30,2016-09-30,2969.8,53.07
NIFTYMEDIA,NIFTY Media,Sectoral,2016-12-31,2016-12-30,2610.75,43.91
NIFTYMEDIA,NIFTY Media,Sectoral,2017-03-31,2017-03-31,3174.25,52.05
NIFTYMEDIA,NIFTY Media,Sectoral,2017-06-30,2017-06-30,2982.05,47.66
NIFTYMEDIA,NIFTY Media,Sectoral,2017-09-30,2017-09-29,2983.6,38.76
NIFTYMEDIA,NIFTY Media,Sectoral,2017-12-31,2017-12-29,3464.3,43.63
NIFTYMEDIA,NIFTY Media,Sectoral,2018-03-31,2018-03-28,3286.5,38.12
NIFTYMEDIA,NIFTY Media,Sectoral,2018-06-30,2018-06-29,3025.7,34.74
NIFTYMEDIA,NIFTY Media,Sectoral,2018-09-30,2018-09-28,2447.5,28.01
NIFTYMEDIA,NIFTY Media,Sectoral,2018-12-31,2018-12-31,2566.2,30.74
NIFTYMEDIA,NIFTY Media,Sectoral,2019-03-31,2019-03-29,2496.6,28.38
NIFTYMEDIA,NIFTY Media,Sectoral,2019-06-30,2019-06-28,2039.8,38.8
NIFTYMEDIA,NIFTY Media,Sectoral,2019-09-30,2019-09-30,1800,56.45
NIFTYMEDIA,NIFTY Media,Sectoral,2019-12-31,2019-12-31,1803.6,67.65
NIFTYMEDIA,NIFTY Media,Sectoral,2020-03-31,2020-03-31,1039.95,147.82
NIFTYMEDIA,NIFTY Media,Sectoral,2020-06-30,2020-06-30,1343.35,71.59
NIFTYMEDIA,NIFTY Media,Sectoral,2020-09-30,2020-09-30,1547.8,
NIFTYMEDIA,NIFTY Media,Sectoral,2020-12-31,2020-12-31,1648.95,
NIFTYMEDIA,NIFTY Media,Sectoral,2021-03-31,2021-03-31,1545.35,
NIFTYMEDIA,NIFTY Media,Sectoral,2021-06-30,2021-06-30,1797.5,
NIFTYMEDIA,NIFTY Media,Sectoral,2021-09-30,2021-09-30,2138.3,
NIFTYMEDIA,NIFTY Media,Sectoral,2021-12-31,2021-12-31,2218.8,714.68
NIFTYMEDIA,NIFTY Media,Sectoral,2022-03-31,2022-03-31,2379.6,263.71
NIFTYMEDIA,NIFTY Media,Sectoral,2022-06-30,2022-06-30,1897.55,
NIFTYMEDIA,NIFTY Media,Sectoral,2022-09-30,2022-09-30,2062.9,
NIFTYMEDIA,NIFTY Media,Sectoral,2022-12-31,2022-12-30,1992.05,
NIFTYMEDIA,NIFTY Media,Sectoral,2023-03-31,2023-03-31,1700.1,
NIFTYMEDIA,NIFTY Media,Sectoral,2023-06-30,2023-06-30,1743.8,
NIFTYMEDIA,NIFTY Media,Sectoral,2023-09-30,2023-09-29,2268.2,
NIFTYMEDIA,NIFTY Media,Sectoral,2023-12-31,2023-12-29,2388.15,
NIFTYMEDIA,NIFTY Media,Sectoral,2024-03-31,2024-03-28,1795.85,
NIFTYMEDIA,NIFTY Media,Sectoral,2024-06-30,2024-06-28,1992.35,
NIFTYMEDIA,NIFTY Media,Sectoral,2024-09-30,2024-09-30,2138.5,
NIFTYMEDIA,NIFTY Media,Sectoral,2024-12-31,2024-12-31,1817.85,
NIFTYMEDIA,NIFTY Media,Sectoral,2025-03-31,2025-03-28,1475.25,
NIFTYMEDIA,NIFTY Media,Sectoral,2025-06-30,2025-06-30,1754.45,605.63
NIFTYMEDIA,NIFTY Media,Sectoral,2025-09-30,2025-09-30,1542.95,61.75
NIFTYMEDIA,NIFTY Media,Sectoral,2025-12-31,2025-12-31,1444.7,59.15
NIFTYMEDIA,NIFTY Media,Sectoral,2026-03-31,2026-03-30,1261.85,26.59
NIFTYMEDIA,NIFTY Media,Sectoral,2026-06-30,2026-06-30,1478.4,35.11
NIFTYMETAL,NIFTY Metal,Sectoral,2015-12-31,2015-12-31,1826.85,14.73
NIFTYMETAL,NIFTY Metal,Sectoral,2016-03-31,2016-03-31,1912.65,35.24
NIFTYMETAL,NIFTY Metal,Sectoral,2016-06-30,2016-06-30,2182.1,23.23
NIFTYMETAL,NIFTY Metal,Sectoral,2016-09-30,2016-09-30,2522.05,25.79
NIFTYMETAL,NIFTY Metal,Sectoral,2016-12-31,2016-12-30,2652.5,38.44
NIFTYMETAL,NIFTY Metal,Sectoral,2017-03-31,2017-03-31,3096.55,20.77
NIFTYMETAL,NIFTY Metal,Sectoral,2017-06-30,2017-06-30,2991.35,14.07
NIFTYMETAL,NIFTY Metal,Sectoral,2017-09-30,2017-09-29,3550.3,17.24
NIFTYMETAL,NIFTY Metal,Sectoral,2017-12-31,2017-12-29,3940.15,17.4
NIFTYMETAL,NIFTY Metal,Sectoral,2018-03-31,2018-03-28,3512.55,14.86
NIFTYMETAL,NIFTY Metal,Sectoral,2018-06-30,2018-06-29,3440.15,16.17
NIFTYMETAL,NIFTY Metal,Sectoral,2018-09-30,2018-09-28,3485.35,16.38
NIFTYMETAL,NIFTY Metal,Sectoral,2018-12-31,2018-12-31,3154.6,13.05
NIFTYMETAL,NIFTY Metal,Sectoral,2019-03-31,2019-03-29,3044.15,10.64
NIFTYMETAL,NIFTY Metal,Sectoral,2019-06-30,2019-06-28,2980.2,10
NIFTYMETAL,NIFTY Metal,Sectoral,2019-09-30,2019-09-30,2439.85,9.4
NIFTYMETAL,NIFTY Metal,Sectoral,2019-12-31,2019-12-31,2801.3,10.2
NIFTYMETAL,NIFTY Metal,Sectoral,2020-03-31,2020-03-31,1585.9,7.66
NIFTYMETAL,NIFTY Metal,Sectoral,2020-06-30,2020-06-30,1991.35,12.27
NIFTYMETAL,NIFTY Metal,Sectoral,2020-09-30,2020-09-30,2242.55,11.51
NIFTYMETAL,NIFTY Metal,Sectoral,2020-12-31,2020-12-31,3254.65,17.74
NIFTYMETAL,NIFTY Metal,Sectoral,2021-03-31,2021-03-31,3977.2,27.26
NIFTYMETAL,NIFTY Metal,Sectoral,2021-06-30,2021-06-30,5215.8,13.92
NIFTYMETAL,NIFTY Metal,Sectoral,2021-09-30,2021-09-30,5611.25,8.8
NIFTYMETAL,NIFTY Metal,Sectoral,2021-12-31,2021-12-31,5521.75,6.67
NIFTYMETAL,NIFTY Metal,Sectoral,2022-03-31,2022-03-31,6423.7,7.03
NIFTYMETAL,NIFTY Metal,Sectoral,2022-06-30,2022-06-30,4660.9,4.93
NIFTYMETAL,NIFTY Metal,Sectoral,2022-09-30,2022-09-30,5768.2,6.61
NIFTYMETAL,NIFTY Metal,Sectoral,2022-12-31,2022-12-30,6723.4,10.36
NIFTYMETAL,NIFTY Metal,Sectoral,2023-03-31,2023-03-31,5497.45,11.45
NIFTYMETAL,NIFTY Metal,Sectoral,2023-06-30,2023-06-30,6209.1,17.12
NIFTYMETAL,NIFTY Metal,Sectoral,2023-09-30,2023-09-29,6839.3,24.88
NIFTYMETAL,NIFTY Metal,Sectoral,2023-12-31,2023-12-29,7978,33.65
NIFTYMETAL,NIFTY Metal,Sectoral,2024-03-31,2024-03-28,8257.2,27.22
NIFTYMETAL,NIFTY Metal,Sectoral,2024-06-30,2024-06-28,9814.3,34.65
NIFTYMETAL,NIFTY Metal,Sectoral,2024-09-30,2024-09-30,10198.35,33.53
NIFTYMETAL,NIFTY Metal,Sectoral,2024-12-31,2024-12-31,8649.9,20.67
NIFTYMETAL,NIFTY Metal,Sectoral,2025-03-31,2025-03-28,9092.5,21.16
NIFTYMETAL,NIFTY Metal,Sectoral,2025-06-30,2025-06-30,9534.8,19.37
NIFTYMETAL,NIFTY Metal,Sectoral,2025-09-30,2025-09-30,10038.15,19.2
NIFTYMETAL,NIFTY Metal,Sectoral,2025-12-31,2025-12-31,11167.65,19.91
NIFTYMETAL,NIFTY Metal,Sectoral,2026-03-31,2026-03-30,11138.4,18.89
NIFTYMETAL,NIFTY Metal,Sectoral,2026-06-30,2026-06-30,12519.15,16.69
NIFTYMICROCAP250,NIFTY Microcap 250,Broad Market,2021-06-30,2021-06-30,9395.63,52.76
NIFTYMICROCAP250,NIFTY Microcap 250,Broad Market,2021-09-30,2021-09-30,10095.67,40.41
NIFTYMICROCAP250,NIFTY Microcap 250,Broad Market,2021-12-31,2021-12-31,10304.28,35.65
NIFTYMICROCAP250,NIFTY Microcap 250,Broad Market,2022-03-31,2022-03-31,10045.85,42.79
NIFTYMICROCAP250,NIFTY Microcap 250,Broad Market,2022-06-30,2022-06-30,9226.15,41.44
NIFTYMICROCAP250,NIFTY Microcap 250,Broad Market,2022-09-30,2022-09-30,10670.7,37.72
NIFTYMICROCAP250,NIFTY Microcap 250,Broad Market,2022-12-31,2022-12-30,11209.15,28.99
NIFTYMICROCAP250,NIFTY Microcap 250,Broad Market,2023-03-31,2023-03-31,10241.55,26.37
NIFTYMICROCAP250,NIFTY Microcap 250,Broad Market,2023-06-30,2023-06-30,13145.6,25.74
NIFTYMICROCAP250,NIFTY Microcap 250,Broad Market,2023-09-30,2023-09-29,16194,26.6
NIFTYMICROCAP250,NIFTY Microcap 250,Broad Market,2023-12-31,2023-12-29,18656.75,30.56
NIFTYMICROCAP250,NIFTY Microcap 250,Broad Market,2024-03-31,2024-03-28,18958.85,28.37
NIFTYMICROCAP250,NIFTY Microcap 250,Broad Market,2024-06-30,2024-06-28,23036.85,30.71
NIFTYMICROCAP250,NIFTY Microcap 250,Broad Market,2024-09-30,2024-09-30,25715.2,36.9
NIFTYMICROCAP250,NIFTY Microcap 250,Broad Market,2024-12-31,2024-12-31,25036.95,30.29
NIFTYMICROCAP250,NIFTY Microcap 250,Broad Market,2025-03-31,2025-03-28,20685.6,21.57
NIFTYMICROCAP250,NIFTY Microcap 250,Broad Market,2025-06-30,2025-06-30,24199.15,24.48
NIFTYMICROCAP250,NIFTY Microcap 250,Broad Market,2025-09-30,2025-09-30,22885.95,28.33
NIFTYMICROCAP250,NIFTY Microcap 250,Broad Market,2025-12-31,2025-12-31,22545.85,27.55
NIFTYMICROCAP250,NIFTY Microcap 250,Broad Market,2026-03-31,2026-03-30,18892.95,22.85
NIFTYMICROCAP250,NIFTY Microcap 250,Broad Market,2026-06-30,2026-06-30,25143.95,28.49
NIFTYMIDCAP100,NIFTY Midcap 100,Broad Market,2015-12-31,2015-12-31,13396.7,27.43
NIFTYMIDCAP100,NIFTY Midcap 100,Broad Market,2016-03-31,2016-03-31,12752.6,23.79
NIFTYMIDCAP100,NIFTY Midcap 100,Broad Market,2018-06-30,2018-06-29,18181.3,48.36
NIFTYMIDCAP100,NIFTY Midcap 100,Broad Market,2018-09-30,2018-09-28,17154.35,47.19
NIFTYMIDCAP100,NIFTY Midcap 100,Broad Market,2018-12-31,2018-12-31,17875.5,42.29
NIFTYMIDCAP100,NIFTY Midcap 100,Broad Market,2019-03-31,2019-03-29,18258.5,33.81
NIFTYMIDCAP100,NIFTY Midcap 100,Broad Market,2019-06-30,2019-06-28,17654.1,30.96
NIFTYMIDCAP100,NIFTY Midcap 100,Broad Market,2019-09-30,2019-09-30,16026,23.7
NIFTYMIDCAP100,NIFTY Midcap 100,Broad Market,2019-12-31,2019-12-31,17102.5,24.95
NIFTYMIDCAP100,NIFTY Midcap 100,Broad Market,2020-03-31,2020-03-31,11703.75,17.47
NIFTYMIDCAP100,NIFTY Midcap 100,Broad Market,2020-06-30,2020-06-30,14704,88.29
NIFTYMIDCAP100,NIFTY Midcap 100,Broad Market,2020-09-30,2020-09-30,16983.05,
NIFTYMIDCAP100,NIFTY Midcap 100,Broad Market,2020-12-31,2020-12-31,20842.5,419.32
NIFTYMIDCAP100,NIFTY Midcap 100,Broad Market,2021-03-31,2021-03-31,23693.15,41.85
NIFTYMIDCAP100,NIFTY Midcap 100,Broad Market,2021-06-30,2021-06-30,26970.75,34.44
NIFTYMIDCAP100,NIFTY Midcap 100,Broad Market,2021-09-30,2021-09-30,30384,32.02
NIFTYMIDCAP100,NIFTY Midcap 100,Broad Market,2021-12-31,2021-12-31,30442.9,28.89
NIFTYMIDCAP100,NIFTY Midcap 100,Broad Market,2022-03-31,2022-03-31,29692.3,25.43
NIFTYMIDCAP100,NIFTY Midcap 100,Broad Market,2022-06-30,2022-06-30,26452.75,20.57
NIFTYMIDCAP100,NIFTY Midcap 100,Broad Market,2022-09-30,2022-09-30,30668.3,22.81
NIFTYMIDCAP100,NIFTY Midcap 100,Broad Market,2022-12-31,2022-12-30,31509.1,24.48
NIFTYMIDCAP100,NIFTY Midcap 100,Broad Market,2023-03-31,2023-03-31,30035.15,21.68
NIFTYMIDCAP100,NIFTY Midcap 100,Broad Market,2023-06-30,2023-06-30,35754.35,24.66
NIFTYMIDCAP100,NIFTY Midcap 100,Broad Market,2023-09-30,2023-09-29,40537.05,25.1
NIFTYMIDCAP100,NIFTY Midcap 100,Broad Market,2023-12-31,2023-12-29,46181.65,24.65
NIFTYMIDCAP100,NIFTY Midcap 100,Broad Market,2024-03-31,2024-03-28,48075.75,32.89
NIFTYMIDCAP100,NIFTY Midcap 100,Broad Market,2024-06-30,2024-06-28,55736.9,41.74
NIFTYMIDCAP100,NIFTY Midcap 100,Broad Market,2024-09-30,2024-09-30,60153.8,44.95
NIFTYMIDCAP100,NIFTY Midcap 100,Broad Market,2024-12-31,2024-12-31,57199.45,42.9
NIFTYMIDCAP100,NIFTY Midcap 100,Broad Market,2025-03-31,2025-03-28,51672.25,32.49
NIFTYMIDCAP100,NIFTY Midcap 100,Broad Market,2025-06-30,2025-06-30,59741.2,33.66
NIFTYMIDCAP100,NIFTY Midcap 100,Broad Market,2025-09-30,2025-09-30,56529.3,32.7
NIFTYMIDCAP100,NIFTY Midcap 100,Broad Market,2025-12-31,2025-12-31,60484.5,33.84
NIFTYMIDCAP100,NIFTY Midcap 100,Broad Market,2026-03-31,2026-03-30,52650,32.55
NIFTYMIDCAP100,NIFTY Midcap 100,Broad Market,2026-06-30,2026-06-30,61797.7,29.78
NIFTYMIDCAP150,NIFTY Midcap 150,Broad Market,2016-06-30,2016-06-30,4614.3,35.71
NIFTYMIDCAP150,NIFTY Midcap 150,Broad Market,2016-09-30,2016-09-30,5103,37.34
NIFTYMIDCAP150,NIFTY Midcap 150,Broad Market,2016-12-31,2016-12-30,4738.85,31.81
NIFTYMIDCAP150,NIFTY Midcap 150,Broad Market,2017-03-31,2017-03-31,5699.36,40.13
NIFTYMIDCAP150,NIFTY Midcap 150,Broad Market,2017-06-30,2017-06-30,5964.59,39.86
NIFTYMIDCAP150,NIFTY Midcap 150,Broad Market,2017-09-30,2017-09-29,6227.38,48.37
NIFTYMIDCAP150,NIFTY Midcap 150,Broad Market,2017-12-31,2017-12-29,7314.16,55.74
NIFTYMIDCAP150,NIFTY Midcap 150,Broad Market,2018-03-31,2018-03-28,6598.51,51.68
NIFTYMIDCAP150,NIFTY Midcap 150,Broad Market,2018-06-30,2018-06-29,6419.84,44.99
NIFTYMIDCAP150,NIFTY Midcap 150,Broad Market,2018-09-30,2018-09-28,6118.61,43.35
NIFTYMIDCAP150,NIFTY Midcap 150,Broad Market,2018-12-31,2018-12-31,6339.3,40.02
NIFTYMIDCAP150,NIFTY Midcap 150,Broad Market,2019-03-31,2019-03-29,6503.95,34.86
NIFTYMIDCAP150,NIFTY Midcap 150,Broad Market,2019-06-30,2019-06-28,6346.55,32.84
NIFTYMIDCAP150,NIFTY Midcap 150,Broad Market,2019-09-30,2019-09-30,5912.2,26.65
NIFTYMIDCAP150,NIFTY Midcap 150,Broad Market,2019-12-31,2019-12-31,6321.6,27.13
NIFTYMIDCAP150,NIFTY Midcap 150,Broad Market,2020-03-31,2020-03-31,4493.25,19.67
NIFTYMIDCAP150,NIFTY Midcap 150,Broad Market,2020-06-30,2020-06-30,5626.2,66.98
NIFTYMIDCAP150,NIFTY Midcap 150,Broad Market,2020-09-30,2020-09-30,6481.45,
NIFTYMIDCAP150,NIFTY Midcap 150,Broad Market,2020-12-31,2020-12-31,7862.9,145.06
NIFTYMIDCAP150,NIFTY Midcap 150,Broad Market,2021-03-31,2021-03-31,8988.9,40.58
NIFTYMIDCAP150,NIFTY Midcap 150,Broad Market,2021-06-30,2021-06-30,10182.05,34.55
NIFTYMIDCAP150,NIFTY Midcap 150,Broad Market,2021-09-30,2021-09-30,11361.35,33.01
NIFTYMIDCAP150,NIFTY Midcap 150,Broad Market,2021-12-31,2021-12-31,11543.55,30.54
NIFTYMIDCAP150,NIFTY Midcap 150,Broad Market,2022-03-31,2022-03-31,11131.1,27.14
NIFTYMIDCAP150,NIFTY Midcap 150,Broad Market,2022-06-30,2022-06-30,10042.8,22.75
NIFTYMIDCAP150,NIFTY Midcap 150,Broad Market,2022-09-30,2022-09-30,11654.45,24.69
NIFTYMIDCAP150,NIFTY Midcap 150,Broad Market,2022-12-31,2022-12-30,11885.75,26.12
NIFTYMIDCAP150,NIFTY Midcap 150,Broad Market,2023-03-31,2023-03-31,11352.25,23.47
NIFTYMIDCAP150,NIFTY Midcap 150,Broad Market,2023-06-30,2023-06-30,13401.45,26.49
NIFTYMIDCAP150,NIFTY Midcap 150,Broad Market,2023-09-30,2023-09-29,15141.05,26.77
NIFTYMIDCAP150,NIFTY Midcap 150,Broad Market,2023-12-31,2023-12-29,17077.05,26.51
NIFTYMIDCAP150,NIFTY Midcap 150,Broad Market,2024-03-31,2024-03-28,17766,33.63
NIFTYMIDCAP150,NIFTY Midcap 150,Broad Market,2024-06-30,2024-06-28,20831.95,42.33
NIFTYMIDCAP150,NIFTY Midcap 150,Broad Market,2024-09-30,2024-09-30,22311.95,45.66
NIFTYMIDCAP150,NIFTY Midcap 150,Broad Market,2024-12-31,2024-12-31,21141.2,43.3
NIFTYMIDCAP150,NIFTY Midcap 150,Broad Market,2025-03-31,2025-03-28,19120.35,33.71
NIFTYMIDCAP150,NIFTY Midcap 150,Broad Market,2025-06-30,2025-06-30,21988.65,35.27
NIFTYMIDCAP150,NIFTY Midcap 150,Broad Market,2025-09-30,2025-09-30,21038.7,32.84
NIFTYMIDCAP150,NIFTY Midcap 150,Broad Market,2025-12-31,2025-12-31,22276.9,33.56
NIFTYMIDCAP150,NIFTY Midcap 150,Broad Market,2026-03-31,2026-03-30,19430.9,30.61
NIFTYMIDCAP150,NIFTY Midcap 150,Broad Market,2026-06-30,2026-06-30,22774.25,29.17
NIFTYMIDCAP150MOMENTUM50,NIFTY Midcap150 Momentum 50,Strategy / Thematic / Other,2022-09-30,2022-09-30,33143.91,29.6
NIFTYMIDCAP150MOMENTUM50,NIFTY Midcap150 Momentum 50,Strategy / Thematic / Other,2022-12-31,2022-12-30,32311.43,24.03
NIFTYMIDCAP150MOMENTUM50,NIFTY Midcap150 Momentum 50,Strategy / Thematic / Other,2023-03-31,2023-03-31,31284.8,21.46
NIFTYMIDCAP150MOMENTUM50,NIFTY Midcap150 Momentum 50,Strategy / Thematic / Other,2023-06-30,2023-06-30,36327.13,18.35
NIFTYMIDCAP150MOMENTUM50,NIFTY Midcap150 Momentum 50,Strategy / Thematic / Other,2023-09-30,2023-09-29,42207.08,20.04
NIFTYMIDCAP150MOMENTUM50,NIFTY Midcap150 Momentum 50,Strategy / Thematic / Other,2023-12-31,2023-12-29,48941.47,23.67
NIFTYMIDCAP150MOMENTUM50,NIFTY Midcap150 Momentum 50,Strategy / Thematic / Other,2024-03-31,2024-03-28,53214,23.93
NIFTYMIDCAP150MOMENTUM50,NIFTY Midcap150 Momentum 50,Strategy / Thematic / Other,2024-06-30,2024-06-28,62756.05,34.08
NIFTYMIDCAP150MOMENTUM50,NIFTY Midcap150 Momentum 50,Strategy / Thematic / Other,2024-09-30,2024-09-30,67046.95,36.43
NIFTYMIDCAP150MOMENTUM50,NIFTY Midcap150 Momentum 50,Strategy / Thematic / Other,2024-12-31,2024-12-31,64397,45.04
NIFTYMIDCAP150MOMENTUM50,NIFTY Midcap150 Momentum 50,Strategy / Thematic / Other,2025-03-31,2025-03-28,55578,36.9
NIFTYMIDCAP150MOMENTUM50,NIFTY Midcap150 Momentum 50,Strategy / Thematic / Other,2025-06-30,2025-06-30,63979.45,47.08
NIFTYMIDCAP150MOMENTUM50,NIFTY Midcap150 Momentum 50,Strategy / Thematic / Other,2025-09-30,2025-09-30,58708.5,39.77
NIFTYMIDCAP150MOMENTUM50,NIFTY Midcap150 Momentum 50,Strategy / Thematic / Other,2025-12-31,2025-12-31,61915.4,34.07
NIFTYMIDCAP150MOMENTUM50,NIFTY Midcap150 Momentum 50,Strategy / Thematic / Other,2026-03-31,2026-03-30,54460.9,28.45
NIFTYMIDCAP150MOMENTUM50,NIFTY Midcap150 Momentum 50,Strategy / Thematic / Other,2026-06-30,2026-06-30,63228.6,29.52
NIFTYMIDCAP150QUALITY50,NIFTY Midcap150 Quality 50,Strategy / Thematic / Other,2020-09-30,2020-09-30,11237.61,27.29
NIFTYMIDCAP150QUALITY50,NIFTY Midcap150 Quality 50,Strategy / Thematic / Other,2020-12-31,2020-12-31,13039.35,32.74
NIFTYMIDCAP150QUALITY50,NIFTY Midcap150 Quality 50,Strategy / Thematic / Other,2021-03-31,2021-03-31,14195.36,30.58
NIFTYMIDCAP150QUALITY50,NIFTY Midcap150 Quality 50,Strategy / Thematic / Other,2021-06-30,2021-06-30,16042.58,32.55
NIFTYMIDCAP150QUALITY50,NIFTY Midcap150 Quality 50,Strategy / Thematic / Other,2021-09-30,2021-09-30,17561.37,32.33
NIFTYMIDCAP150QUALITY50,NIFTY Midcap150 Quality 50,Strategy / Thematic / Other,2021-12-31,2021-12-31,17802.02,29
NIFTYMIDCAP150QUALITY50,NIFTY Midcap150 Quality 50,Strategy / Thematic / Other,2022-03-31,2022-03-31,16679.45,26.9
NIFTYMIDCAP150QUALITY50,NIFTY Midcap150 Quality 50,Strategy / Thematic / Other,2022-06-30,2022-06-30,15003.1,25.86
NIFTYMIDCAP150QUALITY50,NIFTY Midcap150 Quality 50,Strategy / Thematic / Other,2022-09-30,2022-09-30,16699.45,28.39
NIFTYMIDCAP150QUALITY50,NIFTY Midcap150 Quality 50,Strategy / Thematic / Other,2022-12-31,2022-12-30,16031.05,29.29
NIFTYMIDCAP150QUALITY50,NIFTY Midcap150 Quality 50,Strategy / Thematic / Other,2023-03-31,2023-03-31,15269,27.78
NIFTYMIDCAP150QUALITY50,NIFTY Midcap150 Quality 50,Strategy / Thematic / Other,2023-06-30,2023-06-30,17420.2,32.57
NIFTYMIDCAP150QUALITY50,NIFTY Midcap150 Quality 50,Strategy / Thematic / Other,2023-09-30,2023-09-29,18869.8,34.44
NIFTYMIDCAP150QUALITY50,NIFTY Midcap150 Quality 50,Strategy / Thematic / Other,2023-12-31,2023-12-29,20473,29.05
NIFTYMIDCAP150QUALITY50,NIFTY Midcap150 Quality 50,Strategy / Thematic / Other,2024-03-31,2024-03-28,20261.85,27.97
NIFTYMIDCAP150QUALITY50,NIFTY Midcap150 Quality 50,Strategy / Thematic / Other,2024-06-30,2024-06-28,24425.8,40.36
NIFTYMIDCAP150QUALITY50,NIFTY Midcap150 Quality 50,Strategy / Thematic / Other,2024-09-30,2024-09-30,25920.5,41.73
NIFTYMIDCAP150QUALITY50,NIFTY Midcap150 Quality 50,Strategy / Thematic / Other,2024-12-31,2024-12-31,24416.8,40.98
NIFTYMIDCAP150QUALITY50,NIFTY Midcap150 Quality 50,Strategy / Thematic / Other,2025-03-31,2025-03-28,22004.05,36.23
NIFTYMIDCAP150QUALITY50,NIFTY Midcap150 Quality 50,Strategy / Thematic / Other,2025-06-30,2025-06-30,25114.7,38.13
NIFTYMIDCAP150QUALITY50,NIFTY Midcap150 Quality 50,Strategy / Thematic / Other,2025-09-30,2025-09-30,23602.85,35.21
NIFTYMIDCAP150QUALITY50,NIFTY Midcap150 Quality 50,Strategy / Thematic / Other,2025-12-31,2025-12-31,24057.85,33.78
NIFTYMIDCAP150QUALITY50,NIFTY Midcap150 Quality 50,Strategy / Thematic / Other,2026-03-31,2026-03-30,20728.25,28.48
NIFTYMIDCAP150QUALITY50,NIFTY Midcap150 Quality 50,Strategy / Thematic / Other,2026-06-30,2026-06-30,23890,32.41
NIFTYMIDCAP50,NIFTY Midcap 50,Broad Market,2012-03-31,2012-03-30,2301,18.3
NIFTYMIDCAP50,NIFTY Midcap 50,Broad Market,2012-06-30,2012-06-29,2137,13.17
NIFTYMIDCAP50,NIFTY Midcap 50,Broad Market,2012-09-30,2012-09-28,2252.45,14.59
NIFTYMIDCAP50,NIFTY Midcap 50,Broad Market,2012-12-31,2012-12-31,2369.5,15.11
NIFTYMIDCAP50,NIFTY Midcap 50,Broad Market,2013-03-31,2013-03-28,1933,11.72
NIFTYMIDCAP50,NIFTY Midcap 50,Broad Market,2013-06-30,2013-06-28,1891.65,12.38
NIFTYMIDCAP50,NIFTY Midcap 50,Broad Market,2013-09-30,2013-09-30,1884.35,9.45
NIFTYMIDCAP50,NIFTY Midcap 50,Broad Market,2013-12-31,2013-12-31,2302.75,12.86
NIFTYMIDCAP50,NIFTY Midcap 50,Broad Market,2014-03-31,2014-03-31,2465.15,12.89
NIFTYMIDCAP50,NIFTY Midcap 50,Broad Market,2014-06-30,2014-06-30,3380.25,18.82
NIFTYMIDCAP50,NIFTY Midcap 50,Broad Market,2014-09-30,2014-09-30,3127.5,16.11
NIFTYMIDCAP50,NIFTY Midcap 50,Broad Market,2014-12-31,2014-12-31,3363.45,16.34
NIFTYMIDCAP50,NIFTY Midcap 50,Broad Market,2015-03-31,2015-03-31,3373.65,14.42
NIFTYMIDCAP50,NIFTY Midcap 50,Broad Market,2015-06-30,2015-06-30,3212.45,15.53
NIFTYMIDCAP50,NIFTY Midcap 50,Broad Market,2015-09-30,2015-09-30,3201.35,18.4
NIFTYMIDCAP50,NIFTY Midcap 50,Broad Market,2015-12-31,2015-12-31,3415.2,21.84
NIFTYMIDCAP50,NIFTY Midcap 50,Broad Market,2016-03-31,2016-03-31,3200.6,26.86
NIFTYMIDCAP50,NIFTY Midcap 50,Broad Market,2016-06-30,2016-06-30,3492.9,49.2
NIFTYMIDCAP50,NIFTY Midcap 50,Broad Market,2016-09-30,2016-09-30,3959.65,41.99
NIFTYMIDCAP50,NIFTY Midcap 50,Broad Market,2016-12-31,2016-12-30,3662.3,32.65
NIFTYMIDCAP50,NIFTY Midcap 50,Broad Market,2017-03-31,2017-03-31,4383.65,49.78
NIFTYMIDCAP50,NIFTY Midcap 50,Broad Market,2017-06-30,2017-06-30,4519.75,62.93
NIFTYMIDCAP50,NIFTY Midcap 50,Broad Market,2017-09-30,2017-09-29,4687.5,83.47
NIFTYMIDCAP50,NIFTY Midcap 50,Broad Market,2017-12-31,2017-12-29,5540.15,97.06
NIFTYMIDCAP50,NIFTY Midcap 50,Broad Market,2018-03-31,2018-03-28,4975.3,91.53
NIFTYMIDCAP50,NIFTY Midcap 50,Broad Market,2018-06-30,2018-06-29,4850.7,50.03
NIFTYMIDCAP50,NIFTY Midcap 50,Broad Market,2018-09-30,2018-09-28,4622.85,70.43
NIFTYMIDCAP50,NIFTY Midcap 50,Broad Market,2018-12-31,2018-12-31,4930.95,51.05
NIFTYMIDCAP50,NIFTY Midcap 50,Broad Market,2019-03-31,2019-03-29,5077.85,35.15
NIFTYMIDCAP50,NIFTY Midcap 50,Broad Market,2019-06-30,2019-06-28,4872,30.46
NIFTYMIDCAP50,NIFTY Midcap 50,Broad Market,2019-09-30,2019-09-30,4394,20.98
NIFTYMIDCAP50,NIFTY Midcap 50,Broad Market,2019-12-31,2019-12-31,4701.1,23.44
NIFTYMIDCAP50,NIFTY Midcap 50,Broad Market,2020-03-31,2020-03-31,3180.6,16.1
NIFTYMIDCAP50,NIFTY Midcap 50,Broad Market,2020-06-30,2020-06-30,4094.25,
NIFTYMIDCAP50,NIFTY Midcap 50,Broad Market,2020-09-30,2020-09-30,4666.55,
NIFTYMIDCAP50,NIFTY Midcap 50,Broad Market,2020-12-31,2020-12-31,5872.6,186.09
NIFTYMIDCAP50,NIFTY Midcap 50,Broad Market,2021-03-31,2021-03-31,6772.1,48.42
NIFTYMIDCAP50,NIFTY Midcap 50,Broad Market,2021-06-30,2021-06-30,7474.8,32.39
NIFTYMIDCAP50,NIFTY Midcap 50,Broad Market,2021-09-30,2021-09-30,8278.55,32.88
NIFTYMIDCAP50,NIFTY Midcap 50,Broad Market,2021-12-31,2021-12-31,8410.75,28.51
NIFTYMIDCAP50,NIFTY Midcap 50,Broad Market,2022-03-31,2022-03-31,8183.75,22.24
NIFTYMIDCAP50,NIFTY Midcap 50,Broad Market,2022-06-30,2022-06-30,7297.65,18.44
NIFTYMIDCAP50,NIFTY Midcap 50,Broad Market,2022-09-30,2022-09-30,8332.7,21.71
NIFTYMIDCAP50,NIFTY Midcap 50,Broad Market,2022-12-31,2022-12-30,8751.75,24.3
NIFTYMIDCAP50,NIFTY Midcap 50,Broad Market,2023-03-31,2023-03-31,8466.8,21.63
NIFTYMIDCAP50,NIFTY Midcap 50,Broad Market,2023-06-30,2023-06-30,10126.85,24.03
NIFTYMIDCAP50,NIFTY Midcap 50,Broad Market,2023-09-30,2023-09-29,11611.65,21.99
NIFTYMIDCAP50,NIFTY Midcap 50,Broad Market,2023-12-31,2023-12-29,13144.95,21.41
NIFTYMIDCAP50,NIFTY Midcap 50,Broad Market,2024-03-31,2024-03-28,13526.5,33.17
NIFTYMIDCAP50,NIFTY Midcap 50,Broad Market,2024-06-30,2024-06-28,15711.15,44.27
NIFTYMIDCAP50,NIFTY Midcap 50,Broad Market,2024-09-30,2024-09-30,16883.35,50.95
NIFTYMIDCAP50,NIFTY Midcap 50,Broad Market,2024-12-31,2024-12-31,15974.1,50
NIFTYMIDCAP50,NIFTY Midcap 50,Broad Market,2025-03-31,2025-03-28,14561.6,39.22
NIFTYMIDCAP50,NIFTY Midcap 50,Broad Market,2025-06-30,2025-06-30,16846.2,40.48
NIFTYMIDCAP50,NIFTY Midcap 50,Broad Market,2025-09-30,2025-09-30,15945.4,32.97
NIFTYMIDCAP50,NIFTY Midcap 50,Broad Market,2025-12-31,2025-12-31,17254.05,33.72
NIFTYMIDCAP50,NIFTY Midcap 50,Broad Market,2026-03-31,2026-03-30,14983.35,32.13
NIFTYMIDCAP50,NIFTY Midcap 50,Broad Market,2026-06-30,2026-06-30,17594.9,32.87
NIFTYMIDCAPSELECT,NIFTY Midcap Select,Broad Market,2021-09-30,2021-09-30,7401.59,28.72
NIFTYMIDCAPSELECT,NIFTY Midcap Select,Broad Market,2021-12-31,2021-12-31,7357.96,26.8
NIFTYMIDCAPSELECT,NIFTY Midcap Select,Broad Market,2022-03-31,2022-03-31,7297.6,31.89
NIFTYMIDCAPSELECT,NIFTY Midcap Select,Broad Market,2022-06-30,2022-06-30,6361.2,28.46
NIFTYMIDCAPSELECT,NIFTY Midcap Select,Broad Market,2022-09-30,2022-09-30,7205.1,37.71
NIFTYMIDCAPSELECT,NIFTY Midcap Select,Broad Market,2022-12-31,2022-12-30,7180.95,45.83
NIFTYMIDCAPSELECT,NIFTY Midcap Select,Broad Market,2023-03-31,2023-03-31,6816.35,31.59
NIFTYMIDCAPSELECT,NIFTY Midcap Select,Broad Market,2023-06-30,2023-06-30,8229.8,34.97
NIFTYMIDCAPSELECT,NIFTY Midcap Select,Broad Market,2023-09-30,2023-09-29,9105.35,20.5
NIFTYMIDCAPSELECT,NIFTY Midcap Select,Broad Market,2023-12-31,2023-12-29,10397.55,19.84
NIFTYMIDCAPSELECT,NIFTY Midcap Select,Broad Market,2024-03-31,2024-03-28,10525.3,33.96
NIFTYMIDCAPSELECT,NIFTY Midcap Select,Broad Market,2024-06-30,2024-06-28,12250.8,53.21
NIFTYMIDCAPSELECT,NIFTY Midcap Select,Broad Market,2024-09-30,2024-09-30,13223.35,67.02
NIFTYMIDCAPSELECT,NIFTY Midcap Select,Broad Market,2024-12-31,2024-12-31,12907.3,54.73
NIFTYMIDCAPSELECT,NIFTY Midcap Select,Broad Market,2025-03-31,2025-03-28,11546,62.5
NIFTYMIDCAPSELECT,NIFTY Midcap Select,Broad Market,2025-06-30,2025-06-30,13433.85,55.05
NIFTYMIDCAPSELECT,NIFTY Midcap Select,Broad Market,2025-09-30,2025-09-30,12599.25,28.62
NIFTYMIDCAPSELECT,NIFTY Midcap Select,Broad Market,2025-12-31,2025-12-31,13777.25,29.24
NIFTYMIDCAPSELECT,NIFTY Midcap Select,Broad Market,2026-03-31,2026-03-30,12158.75,29.66
NIFTYMIDCAPSELECT,NIFTY Midcap Select,Broad Market,2026-06-30,2026-06-30,14426.35,30.17
NIFTYMIDSMALLCAP400,NIFTY Midsmallcap 400,Broad Market,2016-06-30,2016-06-30,4598.9,52.51
NIFTYMIDSMALLCAP400,NIFTY Midsmallcap 400,Broad Market,2016-09-30,2016-09-30,5037.48,56.6
NIFTYMIDSMALLCAP400,NIFTY Midsmallcap 400,Broad Market,2016-12-31,2016-12-30,4689,52.79
NIFTYMIDSMALLCAP400,NIFTY Midsmallcap 400,Broad Market,2017-03-31,2017-03-31,5660.4,50.28
NIFTYMIDSMALLCAP400,NIFTY Midsmallcap 400,Broad Market,2017-06-30,2017-06-30,5966.42,50.97
NIFTYMIDSMALLCAP400,NIFTY Midsmallcap 400,Broad Market,2017-09-30,2017-09-29,6176.75,53.88
NIFTYMIDSMALLCAP400,NIFTY Midsmallcap 400,Broad Market,2017-12-31,2017-12-29,7281.14,64.65
NIFTYMIDSMALLCAP400,NIFTY Midsmallcap 400,Broad Market,2018-03-31,2018-03-28,6479.83,61.58
NIFTYMIDSMALLCAP400,NIFTY Midsmallcap 400,Broad Market,2018-06-30,2018-06-29,6196.44,53.5
NIFTYMIDSMALLCAP400,NIFTY Midsmallcap 400,Broad Market,2018-09-30,2018-09-28,5770.74,48.26
NIFTYMIDSMALLCAP400,NIFTY Midsmallcap 400,Broad Market,2018-12-31,2018-12-31,5971.86,40.97
NIFTYMIDSMALLCAP400,NIFTY Midsmallcap 400,Broad Market,2019-03-31,2019-03-29,6128.7,34.67
NIFTYMIDSMALLCAP400,NIFTY Midsmallcap 400,Broad Market,2019-06-30,2019-06-28,5917.65,33.41
NIFTYMIDSMALLCAP400,NIFTY Midsmallcap 400,Broad Market,2019-09-30,2019-09-30,5472,31.46
NIFTYMIDSMALLCAP400,NIFTY Midsmallcap 400,Broad Market,2019-12-31,2019-12-31,5797.05,31.56
NIFTYMIDSMALLCAP400,NIFTY Midsmallcap 400,Broad Market,2020-03-31,2020-03-31,4027.95,24.19
NIFTYMIDSMALLCAP400,NIFTY Midsmallcap 400,Broad Market,2020-06-30,2020-06-30,5065.05,47.45
NIFTYMIDSMALLCAP400,NIFTY Midsmallcap 400,Broad Market,2020-09-30,2020-09-30,5952.2,457.89
NIFTYMIDSMALLCAP400,NIFTY Midsmallcap 400,Broad Market,2020-12-31,2020-12-31,7224.4,81.28
NIFTYMIDSMALLCAP400,NIFTY Midsmallcap 400,Broad Market,2021-03-31,2021-03-31,8260.95,41.34
NIFTYMIDSMALLCAP400,NIFTY Midsmallcap 400,Broad Market,2021-06-30,2021-06-30,9559.3,35.22
NIFTYMIDSMALLCAP400,NIFTY Midsmallcap 400,Broad Market,2021-09-30,2021-09-30,10642.9,31.6
NIFTYMIDSMALLCAP400,NIFTY Midsmallcap 400,Broad Market,2021-12-31,2021-12-31,10928.5,30.7
NIFTYMIDSMALLCAP400,NIFTY Midsmallcap 400,Broad Market,2022-03-31,2022-03-31,10521.5,26.21
NIFTYMIDSMALLCAP400,NIFTY Midsmallcap 400,Broad Market,2022-06-30,2022-06-30,9340.6,21.69
NIFTYMIDSMALLCAP400,NIFTY Midsmallcap 400,Broad Market,2022-09-30,2022-09-30,10773.45,22.39
NIFTYMIDSMALLCAP400,NIFTY Midsmallcap 400,Broad Market,2022-12-31,2022-12-30,11025.7,23.26
NIFTYMIDSMALLCAP400,NIFTY Midsmallcap 400,Broad Market,2023-03-31,2023-03-31,10428.65,20.79
NIFTYMIDSMALLCAP400,NIFTY Midsmallcap 400,Broad Market,2023-06-30,2023-06-30,12378.5,24.24
NIFTYMIDSMALLCAP400,NIFTY Midsmallcap 400,Broad Market,2023-09-30,2023-09-29,14111.7,25.95
NIFTYMIDSMALLCAP400,NIFTY Midsmallcap 400,Broad Market,2023-12-31,2023-12-29,16015.55,26.8
NIFTYMIDSMALLCAP400,NIFTY Midsmallcap 400,Broad Market,2024-03-31,2024-03-28,16549.9,30.78
NIFTYMIDSMALLCAP400,NIFTY Midsmallcap 400,Broad Market,2024-06-30,2024-06-28,19529.65,37.31
NIFTYMIDSMALLCAP400,NIFTY Midsmallcap 400,Broad Market,2024-09-30,2024-09-30,20951.9,40.37
NIFTYMIDSMALLCAP400,NIFTY Midsmallcap 400,Broad Market,2024-12-31,2024-12-31,19978.1,39.56
NIFTYMIDSMALLCAP400,NIFTY Midsmallcap 400,Broad Market,2025-03-31,2025-03-28,17677.95,32.07
NIFTYMIDSMALLCAP400,NIFTY Midsmallcap 400,Broad Market,2025-06-30,2025-06-30,20506,34.75
NIFTYMIDSMALLCAP400,NIFTY Midsmallcap 400,Broad Market,2025-09-30,2025-09-30,19482.1,31.75
NIFTYMIDSMALLCAP400,NIFTY Midsmallcap 400,Broad Market,2025-12-31,2025-12-31,20217.5,32
NIFTYMIDSMALLCAP400,NIFTY Midsmallcap 400,Broad Market,2026-03-31,2026-03-30,17524.35,28.86
NIFTYMIDSMALLCAP400,NIFTY Midsmallcap 400,Broad Market,2026-06-30,2026-06-30,20932.8,31.08
NIFTYMIDSMALLCAP4005050,NIFTY Midsmallcap400 50:50,Broad Market,2026-03-31,2026-03-30,16900.67,28.02
NIFTYMIDSMALLCAP4005050,NIFTY Midsmallcap400 50:50,Broad Market,2026-06-30,2026-06-30,20383,32.04
NIFTYMIDSMALLCAP400MOMENTUMQUALITY100,NIFTY Midsmallcap400 Momentum Quality 100,Strategy / Thematic / Other,2024-03-31,2024-03-28,43604.09,22.88
NIFTYMIDSMALLCAP400MOMENTUMQUALITY100,NIFTY Midsmallcap400 Momentum Quality 100,Strategy / Thematic / Other,2024-06-30,2024-06-28,51948.14,35.16
NIFTYMIDSMALLCAP400MOMENTUMQUALITY100,NIFTY Midsmallcap400 Momentum Quality 100,Strategy / Thematic / Other,2024-09-30,2024-09-30,54519.17,34.76
NIFTYMIDSMALLCAP400MOMENTUMQUALITY100,NIFTY Midsmallcap400 Momentum Quality 100,Strategy / Thematic / Other,2024-12-31,2024-12-31,51384.65,38.79
NIFTYMIDSMALLCAP400MOMENTUMQUALITY100,NIFTY Midsmallcap400 Momentum Quality 100,Strategy / Thematic / Other,2025-03-31,2025-03-28,44180.65,33.08
NIFTYMIDSMALLCAP400MOMENTUMQUALITY100,NIFTY Midsmallcap400 Momentum Quality 100,Strategy / Thematic / Other,2025-06-30,2025-06-30,51291.3,36.21
NIFTYMIDSMALLCAP400MOMENTUMQUALITY100,NIFTY Midsmallcap400 Momentum Quality 100,Strategy / Thematic / Other,2025-09-30,2025-09-30,46707.9,32.52
NIFTYMIDSMALLCAP400MOMENTUMQUALITY100,NIFTY Midsmallcap400 Momentum Quality 100,Strategy / Thematic / Other,2025-12-31,2025-12-31,47565.9,29.42
NIFTYMIDSMALLCAP400MOMENTUMQUALITY100,NIFTY Midsmallcap400 Momentum Quality 100,Strategy / Thematic / Other,2026-03-31,2026-03-30,42723.25,25.54
NIFTYMIDSMALLCAP400MOMENTUMQUALITY100,NIFTY Midsmallcap400 Momentum Quality 100,Strategy / Thematic / Other,2026-06-30,2026-06-30,50605.4,31.5
NIFTYMIDSMALLFINANCIALSERVICES,NIFTY Midsmall Financial Services,Sectoral,2022-09-30,2022-09-30,7668.42,10.1
NIFTYMIDSMALLFINANCIALSERVICES,NIFTY Midsmall Financial Services,Sectoral,2022-12-31,2022-12-30,8774.41,11.08
NIFTYMIDSMALLFINANCIALSERVICES,NIFTY Midsmall Financial Services,Sectoral,2023-03-31,2023-03-31,8014.9,10.9
NIFTYMIDSMALLFINANCIALSERVICES,NIFTY Midsmall Financial Services,Sectoral,2023-06-30,2023-06-30,9929.14,12.96
NIFTYMIDSMALLFINANCIALSERVICES,NIFTY Midsmall Financial Services,Sectoral,2023-09-30,2023-09-29,11527.46,14.51
NIFTYMIDSMALLFINANCIALSERVICES,NIFTY Midsmall Financial Services,Sectoral,2023-12-31,2023-12-29,12999.92,14.99
NIFTYMIDSMALLFINANCIALSERVICES,NIFTY Midsmall Financial Services,Sectoral,2024-03-31,2024-03-28,12833.33,20.12
NIFTYMIDSMALLFINANCIALSERVICES,NIFTY Midsmall Financial Services,Sectoral,2024-06-30,2024-06-28,14522.11,22.27
NIFTYMIDSMALLFINANCIALSERVICES,NIFTY Midsmall Financial Services,Sectoral,2024-09-30,2024-09-30,15937.09,25.53
NIFTYMIDSMALLFINANCIALSERVICES,NIFTY Midsmall Financial Services,Sectoral,2024-12-31,2024-12-31,15829.4,23.44
NIFTYMIDSMALLFINANCIALSERVICES,NIFTY Midsmall Financial Services,Sectoral,2025-03-31,2025-03-28,14961.35,20.2
NIFTYMIDSMALLFINANCIALSERVICES,NIFTY Midsmall Financial Services,Sectoral,2025-06-30,2025-06-30,19104.85,25.35
NIFTYMIDSMALLFINANCIALSERVICES,NIFTY Midsmall Financial Services,Sectoral,2025-09-30,2025-09-30,17964.9,24.12
NIFTYMIDSMALLFINANCIALSERVICES,NIFTY Midsmall Financial Services,Sectoral,2025-12-31,2025-12-31,20730.5,29.83
NIFTYMIDSMALLFINANCIALSERVICES,NIFTY Midsmall Financial Services,Sectoral,2026-03-31,2026-03-30,18073.8,27.8
NIFTYMIDSMALLFINANCIALSERVICES,NIFTY Midsmall Financial Services,Sectoral,2026-06-30,2026-06-30,22147.1,28.72
NIFTYMIDSMALLHEALTHCARE,NIFTY Midsmall Healthcare,Sectoral,2022-09-30,2022-09-30,20602.06,37.51
NIFTYMIDSMALLHEALTHCARE,NIFTY Midsmall Healthcare,Sectoral,2022-12-31,2022-12-30,20145.54,32.18
NIFTYMIDSMALLHEALTHCARE,NIFTY Midsmall Healthcare,Sectoral,2023-03-31,2023-03-31,19781.16,33.08
NIFTYMIDSMALLHEALTHCARE,NIFTY Midsmall Healthcare,Sectoral,2023-06-30,2023-06-30,24110.24,38.86
NIFTYMIDSMALLHEALTHCARE,NIFTY Midsmall Healthcare,Sectoral,2023-09-30,2023-09-29,26954.94,41.92
NIFTYMIDSMALLHEALTHCARE,NIFTY Midsmall Healthcare,Sectoral,2023-12-31,2023-12-29,30598.71,46.77
NIFTYMIDSMALLHEALTHCARE,NIFTY Midsmall Healthcare,Sectoral,2024-03-31,2024-03-28,32787.78,47.33
NIFTYMIDSMALLHEALTHCARE,NIFTY Midsmall Healthcare,Sectoral,2024-06-30,2024-06-28,35665.1,51.25
NIFTYMIDSMALLHEALTHCARE,NIFTY Midsmall Healthcare,Sectoral,2024-09-30,2024-09-30,42263.7,53.73
NIFTYMIDSMALLHEALTHCARE,NIFTY Midsmall Healthcare,Sectoral,2024-12-31,2024-12-31,44199.3,52.06
NIFTYMIDSMALLHEALTHCARE,NIFTY Midsmall Healthcare,Sectoral,2025-03-31,2025-03-28,40868.35,46.46
NIFTYMIDSMALLHEALTHCARE,NIFTY Midsmall Healthcare,Sectoral,2025-06-30,2025-06-30,43459.85,44.67
NIFTYMIDSMALLHEALTHCARE,NIFTY Midsmall Healthcare,Sectoral,2025-09-30,2025-09-30,43141.45,43.36
NIFTYMIDSMALLHEALTHCARE,NIFTY Midsmall Healthcare,Sectoral,2025-12-31,2025-12-31,43866,41.28
NIFTYMIDSMALLHEALTHCARE,NIFTY Midsmall Healthcare,Sectoral,2026-03-31,2026-03-30,41705.75,39.48
NIFTYMIDSMALLHEALTHCARE,NIFTY Midsmall Healthcare,Sectoral,2026-06-30,2026-06-30,50169.15,45.4
NIFTYMIDSMALLINDIACONSUMPTION,NIFTY Midsmall India Consumption,Strategy / Thematic / Other,2022-12-31,2022-12-30,10930.19,178.96
NIFTYMIDSMALLINDIACONSUMPTION,NIFTY Midsmall India Consumption,Strategy / Thematic / Other,2023-03-31,2023-03-31,10393.1,48.46
NIFTYMIDSMALLINDIACONSUMPTION,NIFTY Midsmall India Consumption,Strategy / Thematic / Other,2023-06-30,2023-06-30,12071.99,54.41
NIFTYMIDSMALLINDIACONSUMPTION,NIFTY Midsmall India Consumption,Strategy / Thematic / Other,2023-09-30,2023-09-29,13294.37,62.3
NIFTYMIDSMALLINDIACONSUMPTION,NIFTY Midsmall India Consumption,Strategy / Thematic / Other,2023-12-31,2023-12-29,15166.13,66.8
NIFTYMIDSMALLINDIACONSUMPTION,NIFTY Midsmall India Consumption,Strategy / Thematic / Other,2024-03-31,2024-03-28,15538.55,61.71
NIFTYMIDSMALLINDIACONSUMPTION,NIFTY Midsmall India Consumption,Strategy / Thematic / Other,2024-06-30,2024-06-28,18561.53,68.99
NIFTYMIDSMALLINDIACONSUMPTION,NIFTY Midsmall India Consumption,Strategy / Thematic / Other,2024-09-30,2024-09-30,20303.42,68.56
NIFTYMIDSMALLINDIACONSUMPTION,NIFTY Midsmall India Consumption,Strategy / Thematic / Other,2024-12-31,2024-12-31,20504.45,66.11
NIFTYMIDSMALLINDIACONSUMPTION,NIFTY Midsmall India Consumption,Strategy / Thematic / Other,2025-03-31,2025-03-28,18359.35,215.88
NIFTYMIDSMALLINDIACONSUMPTION,NIFTY Midsmall India Consumption,Strategy / Thematic / Other,2025-06-30,2025-06-30,19783.15,111.46
NIFTYMIDSMALLINDIACONSUMPTION,NIFTY Midsmall India Consumption,Strategy / Thematic / Other,2025-09-30,2025-09-30,19080.6,101.54
NIFTYMIDSMALLINDIACONSUMPTION,NIFTY Midsmall India Consumption,Strategy / Thematic / Other,2025-12-31,2025-12-31,18847.45,95.98
NIFTYMIDSMALLINDIACONSUMPTION,NIFTY Midsmall India Consumption,Strategy / Thematic / Other,2026-03-31,2026-03-30,15848.5,71.68
NIFTYMIDSMALLINDIACONSUMPTION,NIFTY Midsmall India Consumption,Strategy / Thematic / Other,2026-06-30,2026-06-30,18045.55,34.23
NIFTYMIDSMALLITTELECOM,NIFTY Midsmall IT & Telecom,Sectoral,2022-09-30,2022-09-30,5885.28,
NIFTYMIDSMALLITTELECOM,NIFTY Midsmall IT & Telecom,Sectoral,2022-12-31,2022-12-30,5762.81,
NIFTYMIDSMALLITTELECOM,NIFTY Midsmall IT & Telecom,Sectoral,2023-03-31,2023-03-31,5925.99,428.69
NIFTYMIDSMALLITTELECOM,NIFTY Midsmall IT & Telecom,Sectoral,2023-06-30,2023-06-30,7293.14,253.63
NIFTYMIDSMALLITTELECOM,NIFTY Midsmall IT & Telecom,Sectoral,2023-09-30,2023-09-29,8193.58,126
NIFTYMIDSMALLITTELECOM,NIFTY Midsmall IT & Telecom,Sectoral,2023-12-31,2023-12-29,9733.5,151.18
NIFTYMIDSMALLITTELECOM,NIFTY Midsmall IT & Telecom,Sectoral,2024-03-31,2024-03-28,9846.6,117.97
NIFTYMIDSMALLITTELECOM,NIFTY Midsmall IT & Telecom,Sectoral,2024-06-30,2024-06-28,10430.4,
NIFTYMIDSMALLITTELECOM,NIFTY Midsmall IT & Telecom,Sectoral,2024-09-30,2024-09-30,11146.85,1427.61
NIFTYMIDSMALLITTELECOM,NIFTY Midsmall IT & Telecom,Sectoral,2024-12-31,2024-12-31,11093.7,660.51
NIFTYMIDSMALLITTELECOM,NIFTY Midsmall IT & Telecom,Sectoral,2025-03-31,2025-03-28,9146.75,137.39
NIFTYMIDSMALLITTELECOM,NIFTY Midsmall IT & Telecom,Sectoral,2025-06-30,2025-06-30,10487.45,70.94
NIFTYMIDSMALLITTELECOM,NIFTY Midsmall IT & Telecom,Sectoral,2025-09-30,2025-09-30,9140.75,62.02
NIFTYMIDSMALLITTELECOM,NIFTY Midsmall IT & Telecom,Sectoral,2025-12-31,2025-12-31,10125.6,64.08
NIFTYMIDSMALLITTELECOM,NIFTY Midsmall IT & Telecom,Sectoral,2026-03-31,2026-03-30,7779.1,53.77
NIFTYMIDSMALLITTELECOM,NIFTY Midsmall IT & Telecom,Sectoral,2026-06-30,2026-06-30,9157.5,17.88
NIFTYMNC,NIFTY Mnc,Strategy / Thematic / Other,2015-12-31,2015-12-31,9558.25,41.42
NIFTYMNC,NIFTY Mnc,Strategy / Thematic / Other,2016-03-31,2016-03-31,8965.8,38.48
NIFTYMNC,NIFTY Mnc,Strategy / Thematic / Other,2016-06-30,2016-06-30,9564.95,31.88
NIFTYMNC,NIFTY Mnc,Strategy / Thematic / Other,2016-09-30,2016-09-30,10271.25,34.86
NIFTYMNC,NIFTY Mnc,Strategy / Thematic / Other,2016-12-31,2016-12-30,9667.85,29.47
NIFTYMNC,NIFTY Mnc,Strategy / Thematic / Other,2017-03-31,2017-03-31,10974.65,32.48
NIFTYMNC,NIFTY Mnc,Strategy / Thematic / Other,2017-06-30,2017-06-30,12090.55,25.31
NIFTYMNC,NIFTY Mnc,Strategy / Thematic / Other,2017-09-30,2017-09-29,13125.55,27.45
NIFTYMNC,NIFTY Mnc,Strategy / Thematic / Other,2017-12-31,2017-12-29,14801.9,29.48
NIFTYMNC,NIFTY Mnc,Strategy / Thematic / Other,2018-03-31,2018-03-28,13767.7,26.85
NIFTYMNC,NIFTY Mnc,Strategy / Thematic / Other,2018-06-30,2018-06-29,14271.7,32.77
NIFTYMNC,NIFTY Mnc,Strategy / Thematic / Other,2018-09-30,2018-09-28,13446.45,30.55
NIFTYMNC,NIFTY Mnc,Strategy / Thematic / Other,2018-12-31,2018-12-31,13941.85,30.6
NIFTYMNC,NIFTY Mnc,Strategy / Thematic / Other,2019-03-31,2019-03-29,13359.1,28.94
NIFTYMNC,NIFTY Mnc,Strategy / Thematic / Other,2019-06-30,2019-06-28,13044.1,27.9
NIFTYMNC,NIFTY Mnc,Strategy / Thematic / Other,2019-09-30,2019-09-30,13471.4,63.32
NIFTYMNC,NIFTY Mnc,Strategy / Thematic / Other,2019-12-31,2019-12-31,13788.95,
NIFTYMNC,NIFTY Mnc,Strategy / Thematic / Other,2020-03-31,2020-03-31,11069.3,
NIFTYMNC,NIFTY Mnc,Strategy / Thematic / Other,2020-06-30,2020-06-30,13226.55,
NIFTYMNC,NIFTY Mnc,Strategy / Thematic / Other,2020-09-30,2020-09-30,14011.7,
NIFTYMNC,NIFTY Mnc,Strategy / Thematic / Other,2020-12-31,2020-12-31,15653.45,
NIFTYMNC,NIFTY Mnc,Strategy / Thematic / Other,2021-03-31,2021-03-31,16261.4,
NIFTYMNC,NIFTY Mnc,Strategy / Thematic / Other,2021-06-30,2021-06-30,17506.7,1534.2
NIFTYMNC,NIFTY Mnc,Strategy / Thematic / Other,2021-09-30,2021-09-30,19220.6,62.29
NIFTYMNC,NIFTY Mnc,Strategy / Thematic / Other,2021-12-31,2021-12-31,19225.8,52.7
NIFTYMNC,NIFTY Mnc,Strategy / Thematic / Other,2022-03-31,2022-03-31,18107.3,57.64
NIFTYMNC,NIFTY Mnc,Strategy / Thematic / Other,2022-06-30,2022-06-30,17594.65,51
NIFTYMNC,NIFTY Mnc,Strategy / Thematic / Other,2022-09-30,2022-09-30,19707.75,58
NIFTYMNC,NIFTY Mnc,Strategy / Thematic / Other,2022-12-31,2022-12-30,19701.3,61.2
NIFTYMNC,NIFTY Mnc,Strategy / Thematic / Other,2023-03-31,2023-03-31,19134.9,33.1
NIFTYMNC,NIFTY Mnc,Strategy / Thematic / Other,2023-06-30,2023-06-30,21839.55,38.04
NIFTYMNC,NIFTY Mnc,Strategy / Thematic / Other,2023-09-30,2023-09-29,21962.8,38.01
NIFTYMNC,NIFTY Mnc,Strategy / Thematic / Other,2023-12-31,2023-12-29,24208.35,41.29
NIFTYMNC,NIFTY Mnc,Strategy / Thematic / Other,2024-03-31,2024-03-28,25873.65,43.66
NIFTYMNC,NIFTY Mnc,Strategy / Thematic / Other,2024-06-30,2024-06-28,30362.4,49.03
NIFTYMNC,NIFTY Mnc,Strategy / Thematic / Other,2024-09-30,2024-09-30,32582,48.78
NIFTYMNC,NIFTY Mnc,Strategy / Thematic / Other,2024-12-31,2024-12-31,27932.5,37.25
NIFTYMNC,NIFTY Mnc,Strategy / Thematic / Other,2025-03-31,2025-03-28,26241.5,33.39
NIFTYMNC,NIFTY Mnc,Strategy / Thematic / Other,2025-06-30,2025-06-30,28937.7,34.22
NIFTYMNC,NIFTY Mnc,Strategy / Thematic / Other,2025-09-30,2025-09-30,29829.95,35.8
NIFTYMNC,NIFTY Mnc,Strategy / Thematic / Other,2025-12-31,2025-12-31,30568.1,37.11
NIFTYMNC,NIFTY Mnc,Strategy / Thematic / Other,2026-03-31,2026-03-30,27791.25,34.66
NIFTYMNC,NIFTY Mnc,Strategy / Thematic / Other,2026-06-30,2026-06-30,32514.35,35.95
NIFTYMOBILITY,NIFTY Mobility,Strategy / Thematic / Other,2021-12-31,2021-12-31,9804.37,35.63
NIFTYMOBILITY,NIFTY Mobility,Strategy / Thematic / Other,2022-03-31,2022-03-31,9650.01,45.62
NIFTYMOBILITY,NIFTY Mobility,Strategy / Thematic / Other,2022-06-30,2022-06-30,9888.88,42.84
NIFTYMOBILITY,NIFTY Mobility,Strategy / Thematic / Other,2022-09-30,2022-09-30,10926.25,48.51
NIFTYMOBILITY,NIFTY Mobility,Strategy / Thematic / Other,2022-12-31,2022-12-30,11054.63,46.79
NIFTYMOBILITY,NIFTY Mobility,Strategy / Thematic / Other,2023-03-31,2023-03-31,10219.42,37.93
NIFTYMOBILITY,NIFTY Mobility,Strategy / Thematic / Other,2023-06-30,2023-06-30,12429.33,35.69
NIFTYMOBILITY,NIFTY Mobility,Strategy / Thematic / Other,2023-09-30,2023-09-29,13354.5,25.83
NIFTYMOBILITY,NIFTY Mobility,Strategy / Thematic / Other,2023-12-31,2023-12-29,15800.51,25.5
NIFTYMOBILITY,NIFTY Mobility,Strategy / Thematic / Other,2024-03-31,2024-03-28,18433.37,26.51
NIFTYMOBILITY,NIFTY Mobility,Strategy / Thematic / Other,2024-06-30,2024-06-28,21159.92,26.17
NIFTYMOBILITY,NIFTY Mobility,Strategy / Thematic / Other,2024-09-30,2024-09-30,22997.99,29.31
NIFTYMOBILITY,NIFTY Mobility,Strategy / Thematic / Other,2024-12-31,2024-12-31,19628.9,25.75
NIFTYMOBILITY,NIFTY Mobility,Strategy / Thematic / Other,2025-03-31,2025-03-28,18309.45,24.34
NIFTYMOBILITY,NIFTY Mobility,Strategy / Thematic / Other,2025-06-30,2025-06-30,20984.55,27.66
NIFTYMOBILITY,NIFTY Mobility,Strategy / Thematic / Other,2025-09-30,2025-09-30,22392.8,28.34
NIFTYMOBILITY,NIFTY Mobility,Strategy / Thematic / Other,2025-12-31,2025-12-31,23105.9,31.13
NIFTYMOBILITY,NIFTY Mobility,Strategy / Thematic / Other,2026-03-31,2026-03-30,19388.85,28.8
NIFTYMOBILITY,NIFTY Mobility,Strategy / Thematic / Other,2026-06-30,2026-06-30,22084.25,32.19
NIFTYNBFC,NIFTY NBFC,Sectoral,2026-06-30,2026-06-30,56716.05,24.26
NIFTYNEXT50,NIFTY Next 50,Broad Market,2015-12-31,2015-12-31,19977.05,22.14
NIFTYNEXT50,NIFTY Next 50,Broad Market,2016-03-31,2016-03-31,18756.6,22.02
NIFTYNEXT50,NIFTY Next 50,Broad Market,2016-06-30,2016-06-30,20533.7,25.9
NIFTYNEXT50,NIFTY Next 50,Broad Market,2016-09-30,2016-09-30,22908,30.52
NIFTYNEXT50,NIFTY Next 50,Broad Market,2016-12-31,2016-12-30,21389.7,25.14
NIFTYNEXT50,NIFTY Next 50,Broad Market,2017-03-31,2017-03-31,25119.45,27.19
NIFTYNEXT50,NIFTY Next 50,Broad Market,2017-06-30,2017-06-30,26254.5,27.48
NIFTYNEXT50,NIFTY Next 50,Broad Market,2017-09-30,2017-09-29,27558.9,31.62
NIFTYNEXT50,NIFTY Next 50,Broad Market,2017-12-31,2017-12-29,30964.65,37.82
NIFTYNEXT50,NIFTY Next 50,Broad Market,2018-03-31,2018-03-28,28545.25,34.65
NIFTYNEXT50,NIFTY Next 50,Broad Market,2018-06-30,2018-06-29,28291.7,40.93
NIFTYNEXT50,NIFTY Next 50,Broad Market,2018-09-30,2018-09-28,27286.5,38.72
NIFTYNEXT50,NIFTY Next 50,Broad Market,2018-12-31,2018-12-31,28178.8,42.42
NIFTYNEXT50,NIFTY Next 50,Broad Market,2019-03-31,2019-03-29,28281.9,45.45
NIFTYNEXT50,NIFTY Next 50,Broad Market,2019-06-30,2019-06-28,27332.5,46
NIFTYNEXT50,NIFTY Next 50,Broad Market,2019-09-30,2019-09-30,27520.3,38.28
NIFTYNEXT50,NIFTY Next 50,Broad Market,2019-12-31,2019-12-31,28307.55,65.43
NIFTYNEXT50,NIFTY Next 50,Broad Market,2020-03-31,2020-03-31,21116.25,56.53
NIFTYNEXT50,NIFTY Next 50,Broad Market,2020-06-30,2020-06-30,25743.7,30.76
NIFTYNEXT50,NIFTY Next 50,Broad Market,2020-09-30,2020-09-30,27034.25,35.64
NIFTYNEXT50,NIFTY Next 50,Broad Market,2020-12-31,2020-12-31,32508.55,41.24
NIFTYNEXT50,NIFTY Next 50,Broad Market,2021-03-31,2021-03-31,34176.25,42.54
NIFTYNEXT50,NIFTY Next 50,Broad Market,2021-06-30,2021-06-30,38513.25,30.75
NIFTYNEXT50,NIFTY Next 50,Broad Market,2021-09-30,2021-09-30,42383.85,26.25
NIFTYNEXT50,NIFTY Next 50,Broad Market,2021-12-31,2021-12-31,42217.9,22.94
NIFTYNEXT50,NIFTY Next 50,Broad Market,2022-03-31,2022-03-31,41115.4,21.02
NIFTYNEXT50,NIFTY Next 50,Broad Market,2022-06-30,2022-06-30,36505.4,18.32
NIFTYNEXT50,NIFTY Next 50,Broad Market,2022-09-30,2022-09-30,42385.45,21.82
NIFTYNEXT50,NIFTY Next 50,Broad Market,2022-12-31,2022-12-30,42187.65,25.63
NIFTYNEXT50,NIFTY Next 50,Broad Market,2023-03-31,2023-03-31,37797.75,25.7
NIFTYNEXT50,NIFTY Next 50,Broad Market,2023-06-30,2023-06-30,43750.3,29.09
NIFTYNEXT50,NIFTY Next 50,Broad Market,2023-09-30,2023-09-29,45036.65,24.72
NIFTYNEXT50,NIFTY Next 50,Broad Market,2023-12-31,2023-12-29,53344.8,25.65
NIFTYNEXT50,NIFTY Next 50,Broad Market,2024-03-31,2024-03-28,60624.3,22.43
NIFTYNEXT50,NIFTY Next 50,Broad Market,2024-06-30,2024-06-28,71523.45,25.63
NIFTYNEXT50,NIFTY Next 50,Broad Market,2024-09-30,2024-09-30,77095.15,24.8
NIFTYNEXT50,NIFTY Next 50,Broad Market,2024-12-31,2024-12-31,67988.35,24.9
NIFTYNEXT50,NIFTY Next 50,Broad Market,2025-03-31,2025-03-28,63043.2,21.48
NIFTYNEXT50,NIFTY Next 50,Broad Market,2025-06-30,2025-06-30,68998.2,22.11
NIFTYNEXT50,NIFTY Next 50,Broad Market,2025-09-30,2025-09-30,67845.15,20.66
NIFTYNEXT50,NIFTY Next 50,Broad Market,2025-12-31,2025-12-31,69364.5,20.18
NIFTYNEXT50,NIFTY Next 50,Broad Market,2026-03-31,2026-03-30,60349.8,17.09
NIFTYNEXT50,NIFTY Next 50,Broad Market,2026-06-30,2026-06-30,71629.45,18.67
NIFTYNONCYCLICALCONSUMER,NIFTY Non-Cyclical Consumer,Strategy / Thematic / Other,2021-12-31,2021-12-31,10363.74,59.04
NIFTYNONCYCLICALCONSUMER,NIFTY Non-Cyclical Consumer,Strategy / Thematic / Other,2022-03-31,2022-03-31,9934.16,46.46
NIFTYNONCYCLICALCONSUMER,NIFTY Non-Cyclical Consumer,Strategy / Thematic / Other,2022-06-30,2022-06-30,9151.36,41.56
NIFTYNONCYCLICALCONSUMER,NIFTY Non-Cyclical Consumer,Strategy / Thematic / Other,2022-09-30,2022-09-30,10903.75,45.31
NIFTYNONCYCLICALCONSUMER,NIFTY Non-Cyclical Consumer,Strategy / Thematic / Other,2022-12-31,2022-12-30,10527.99,49.69
NIFTYNONCYCLICALCONSUMER,NIFTY Non-Cyclical Consumer,Strategy / Thematic / Other,2023-03-31,2023-03-31,10208.41,54.87
NIFTYNONCYCLICALCONSUMER,NIFTY Non-Cyclical Consumer,Strategy / Thematic / Other,2023-06-30,2023-06-30,11862.79,61.42
NIFTYNONCYCLICALCONSUMER,NIFTY Non-Cyclical Consumer,Strategy / Thematic / Other,2023-09-30,2023-09-29,12095.34,58.31
NIFTYNONCYCLICALCONSUMER,NIFTY Non-Cyclical Consumer,Strategy / Thematic / Other,2023-12-31,2023-12-29,13640.74,62.75
NIFTYNONCYCLICALCONSUMER,NIFTY Non-Cyclical Consumer,Strategy / Thematic / Other,2024-03-31,2024-03-28,14015.21,60.64
NIFTYNONCYCLICALCONSUMER,NIFTY Non-Cyclical Consumer,Strategy / Thematic / Other,2024-06-30,2024-06-28,15402.79,64.05
NIFTYNONCYCLICALCONSUMER,NIFTY Non-Cyclical Consumer,Strategy / Thematic / Other,2024-09-30,2024-09-30,17947.62,71.69
NIFTYNONCYCLICALCONSUMER,NIFTY Non-Cyclical Consumer,Strategy / Thematic / Other,2024-12-31,2024-12-31,16068.25,63.82
NIFTYNONCYCLICALCONSUMER,NIFTY Non-Cyclical Consumer,Strategy / Thematic / Other,2025-03-31,2025-03-28,14951.2,74.7
NIFTYNONCYCLICALCONSUMER,NIFTY Non-Cyclical Consumer,Strategy / Thematic / Other,2025-06-30,2025-06-30,16252.6,64.02
NIFTYNONCYCLICALCONSUMER,NIFTY Non-Cyclical Consumer,Strategy / Thematic / Other,2025-09-30,2025-09-30,15962.8,53.23
NIFTYNONCYCLICALCONSUMER,NIFTY Non-Cyclical Consumer,Strategy / Thematic / Other,2025-12-31,2025-12-31,15996.45,54.72
NIFTYNONCYCLICALCONSUMER,NIFTY Non-Cyclical Consumer,Strategy / Thematic / Other,2026-03-31,2026-03-30,13339.65,47.13
NIFTYNONCYCLICALCONSUMER,NIFTY Non-Cyclical Consumer,Strategy / Thematic / Other,2026-06-30,2026-06-30,15009.15,54.79
NIFTYOILGAS,NIFTY Oil & Gas,Sectoral,2020-03-31,2020-03-31,3615.06,9.42
NIFTYOILGAS,NIFTY Oil & Gas,Sectoral,2020-06-30,2020-06-30,4787.17,14.88
NIFTYOILGAS,NIFTY Oil & Gas,Sectoral,2020-09-30,2020-09-30,4914.8,17.89
NIFTYOILGAS,NIFTY Oil & Gas,Sectoral,2020-12-31,2020-12-31,5524.05,18.83
NIFTYOILGAS,NIFTY Oil & Gas,Sectoral,2021-03-31,2021-03-31,6147.95,17.26
NIFTYOILGAS,NIFTY Oil & Gas,Sectoral,2021-06-30,2021-06-30,6762.85,10.66
NIFTYOILGAS,NIFTY Oil & Gas,Sectoral,2021-09-30,2021-09-30,7774.4,10.41
NIFTYOILGAS,NIFTY Oil & Gas,Sectoral,2021-12-31,2021-12-31,7348.8,8.93
NIFTYOILGAS,NIFTY Oil & Gas,Sectoral,2022-03-31,2022-03-31,7866.25,8.68
NIFTYOILGAS,NIFTY Oil & Gas,Sectoral,2022-06-30,2022-06-30,7600.7,8.78
NIFTYOILGAS,NIFTY Oil & Gas,Sectoral,2022-09-30,2022-09-30,7643.9,10.59
NIFTYOILGAS,NIFTY Oil & Gas,Sectoral,2022-12-31,2022-12-30,8438.25,15.21
NIFTYOILGAS,NIFTY Oil & Gas,Sectoral,2023-03-31,2023-03-31,7148.85,14.23
NIFTYOILGAS,NIFTY Oil & Gas,Sectoral,2023-06-30,2023-06-30,7535.7,14.63
NIFTYOILGAS,NIFTY Oil & Gas,Sectoral,2023-09-30,2023-09-29,7902.8,8.91
NIFTYOILGAS,NIFTY Oil & Gas,Sectoral,2023-12-31,2023-12-29,9496.15,8.2
NIFTYOILGAS,NIFTY Oil & Gas,Sectoral,2024-03-31,2024-03-28,11440.9,9.38
NIFTYOILGAS,NIFTY Oil & Gas,Sectoral,2024-06-30,2024-06-28,12223.35,10.13
NIFTYOILGAS,NIFTY Oil & Gas,Sectoral,2024-09-30,2024-09-30,13035.6,12.8
NIFTYOILGAS,NIFTY Oil & Gas,Sectoral,2024-12-31,2024-12-31,10744.25,12.87
NIFTYOILGAS,NIFTY Oil & Gas,Sectoral,2025-03-31,2025-03-28,10549.7,12.68
NIFTYOILGAS,NIFTY Oil & Gas,Sectoral,2025-06-30,2025-06-30,11800.95,14.05
NIFTYOILGAS,NIFTY Oil & Gas,Sectoral,2025-09-30,2025-09-30,11280.5,12.04
NIFTYOILGAS,NIFTY Oil & Gas,Sectoral,2025-12-31,2025-12-31,12231.2,11.33
NIFTYOILGAS,NIFTY Oil & Gas,Sectoral,2026-03-31,2026-03-30,10788.05,9
NIFTYOILGAS,NIFTY Oil & Gas,Sectoral,2026-06-30,2026-06-30,11030.25,8.76
NIFTYPHARMA,NIFTY Pharma,Sectoral,2015-12-31,2015-12-31,11963.5,60.61
NIFTYPHARMA,NIFTY Pharma,Sectoral,2016-03-31,2016-03-31,10989.15,41.53
NIFTYPHARMA,NIFTY Pharma,Sectoral,2016-06-30,2016-06-30,11142,43.05
NIFTYPHARMA,NIFTY Pharma,Sectoral,2016-09-30,2016-09-30,11461,42.96
NIFTYPHARMA,NIFTY Pharma,Sectoral,2016-12-31,2016-12-30,10267,38.14
NIFTYPHARMA,NIFTY Pharma,Sectoral,2017-03-31,2017-03-31,10411.15,37.42
NIFTYPHARMA,NIFTY Pharma,Sectoral,2017-06-30,2017-06-30,9606.4,35.45
NIFTYPHARMA,NIFTY Pharma,Sectoral,2017-09-30,2017-09-29,9172.6,45.1
NIFTYPHARMA,NIFTY Pharma,Sectoral,2017-12-31,2017-12-29,9620.1,47.19
NIFTYPHARMA,NIFTY Pharma,Sectoral,2018-03-31,2018-03-28,8358.05,45.43
NIFTYPHARMA,NIFTY Pharma,Sectoral,2018-06-30,2018-06-29,9173.15,52.24
NIFTYPHARMA,NIFTY Pharma,Sectoral,2018-09-30,2018-09-28,9972.45,49.35
NIFTYPHARMA,NIFTY Pharma,Sectoral,2018-12-31,2018-12-31,8868.7,48.81
NIFTYPHARMA,NIFTY Pharma,Sectoral,2019-03-31,2019-03-29,9346.55,52.73
NIFTYPHARMA,NIFTY Pharma,Sectoral,2019-06-30,2019-06-28,8065.15,38.4
NIFTYPHARMA,NIFTY Pharma,Sectoral,2019-09-30,2019-09-30,7547.75,29.51
NIFTYPHARMA,NIFTY Pharma,Sectoral,2019-12-31,2019-12-31,8040.15,25.8
NIFTYPHARMA,NIFTY Pharma,Sectoral,2020-03-31,2020-03-31,7176.5,22.16
NIFTYPHARMA,NIFTY Pharma,Sectoral,2020-06-30,2020-06-30,9985.15,30.49
NIFTYPHARMA,NIFTY Pharma,Sectoral,2020-09-30,2020-09-30,11772.85,33.72
NIFTYPHARMA,NIFTY Pharma,Sectoral,2020-12-31,2020-12-31,12915.9,38.43
NIFTYPHARMA,NIFTY Pharma,Sectoral,2021-03-31,2021-03-31,12272.6,32.34
NIFTYPHARMA,NIFTY Pharma,Sectoral,2021-06-30,2021-06-30,14308.9,36.44
NIFTYPHARMA,NIFTY Pharma,Sectoral,2021-09-30,2021-09-30,14466.5,31.04
NIFTYPHARMA,NIFTY Pharma,Sectoral,2021-12-31,2021-12-31,14223,33.31
NIFTYPHARMA,NIFTY Pharma,Sectoral,2022-03-31,2022-03-31,13584.1,33
NIFTYPHARMA,NIFTY Pharma,Sectoral,2022-06-30,2022-06-30,12159.35,36.76
NIFTYPHARMA,NIFTY Pharma,Sectoral,2022-09-30,2022-09-30,12971.9,36.55
NIFTYPHARMA,NIFTY Pharma,Sectoral,2022-12-31,2022-12-30,12597.6,32.74
NIFTYPHARMA,NIFTY Pharma,Sectoral,2023-03-31,2023-03-31,12017.05,31.55
NIFTYPHARMA,NIFTY Pharma,Sectoral,2023-06-30,2023-06-30,13767.5,30.06
NIFTYPHARMA,NIFTY Pharma,Sectoral,2023-09-30,2023-09-29,15422.75,32.55
NIFTYPHARMA,NIFTY Pharma,Sectoral,2023-12-31,2023-12-29,16831.8,33.91
NIFTYPHARMA,NIFTY Pharma,Sectoral,2024-03-31,2024-03-28,18996.15,36.57
NIFTYPHARMA,NIFTY Pharma,Sectoral,2024-06-30,2024-06-28,19731.55,35.76
NIFTYPHARMA,NIFTY Pharma,Sectoral,2024-09-30,2024-09-30,23281.2,38.79
NIFTYPHARMA,NIFTY Pharma,Sectoral,2024-12-31,2024-12-31,23412.25,37.04
NIFTYPHARMA,NIFTY Pharma,Sectoral,2025-03-31,2025-03-28,21137.45,32.02
NIFTYPHARMA,NIFTY Pharma,Sectoral,2025-06-30,2025-06-30,22038.7,31.61
NIFTYPHARMA,NIFTY Pharma,Sectoral,2025-09-30,2025-09-30,21454.25,33.07
NIFTYPHARMA,NIFTY Pharma,Sectoral,2025-12-31,2025-12-31,22723.65,33.57
NIFTYPHARMA,NIFTY Pharma,Sectoral,2026-03-31,2026-03-30,22232.25,33.28
NIFTYPHARMA,NIFTY Pharma,Sectoral,2026-06-30,2026-06-30,25326.4,38.69
NIFTYPOWER,NIFTY Power,Sectoral,2026-06-30,2026-06-30,9202.49,21.46
NIFTYPRIVATEBANK,NIFTY Private Bank,Sectoral,2016-03-31,2016-03-31,9086.75,16.88
NIFTYPRIVATEBANK,NIFTY Private Bank,Sectoral,2016-06-30,2016-06-30,10141.6,20.03
NIFTYPRIVATEBANK,NIFTY Private Bank,Sectoral,2016-09-30,2016-09-30,10742.05,21.59
NIFTYPRIVATEBANK,NIFTY Private Bank,Sectoral,2016-12-31,2016-12-30,10042.8,20.45
NIFTYPRIVATEBANK,NIFTY Private Bank,Sectoral,2017-03-31,2017-03-31,11803.15,24.77
NIFTYPRIVATEBANK,NIFTY Private Bank,Sectoral,2017-06-30,2017-06-30,12990.75,25.89
NIFTYPRIVATEBANK,NIFTY Private Bank,Sectoral,2017-09-30,2017-09-29,13568.9,27.74
NIFTYPRIVATEBANK,NIFTY Private Bank,Sectoral,2017-12-31,2017-12-29,14139.65,29.38
NIFTYPRIVATEBANK,NIFTY Private Bank,Sectoral,2018-03-31,2018-03-28,13687.9,28.41
NIFTYPRIVATEBANK,NIFTY Private Bank,Sectoral,2018-06-30,2018-06-29,14961.75,33.76
NIFTYPRIVATEBANK,NIFTY Private Bank,Sectoral,2018-09-30,2018-09-28,14151.05,35.62
NIFTYPRIVATEBANK,NIFTY Private Bank,Sectoral,2018-12-31,2018-12-31,15292,38.52
NIFTYPRIVATEBANK,NIFTY Private Bank,Sectoral,2019-03-31,2019-03-29,17315.55,40.83
NIFTYPRIVATEBANK,NIFTY Private Bank,Sectoral,2019-06-30,2019-06-28,17197,38.54
NIFTYPRIVATEBANK,NIFTY Private Bank,Sectoral,2019-09-30,2019-09-30,16252.3,37.39
NIFTYPRIVATEBANK,NIFTY Private Bank,Sectoral,2019-12-31,2019-12-31,17767.6,41.31
NIFTYPRIVATEBANK,NIFTY Private Bank,Sectoral,2020-03-31,2020-03-31,10173.7,18.97
NIFTYPRIVATEBANK,NIFTY Private Bank,Sectoral,2020-06-30,2020-06-30,11721.25,23.76
NIFTYPRIVATEBANK,NIFTY Private Bank,Sectoral,2020-09-30,2020-09-30,11816.65,25.81
NIFTYPRIVATEBANK,NIFTY Private Bank,Sectoral,2020-12-31,2020-12-31,17251.75,33.64
NIFTYPRIVATEBANK,NIFTY Private Bank,Sectoral,2021-03-31,2021-03-31,17763.85,33.04
NIFTYPRIVATEBANK,NIFTY Private Bank,Sectoral,2021-06-30,2021-06-30,18293.5,28.44
NIFTYPRIVATEBANK,NIFTY Private Bank,Sectoral,2021-09-30,2021-09-30,19447.95,26.53
NIFTYPRIVATEBANK,NIFTY Private Bank,Sectoral,2021-12-31,2021-12-31,18041.85,24.81
NIFTYPRIVATEBANK,NIFTY Private Bank,Sectoral,2022-03-31,2022-03-31,18420.8,23.1
NIFTYPRIVATEBANK,NIFTY Private Bank,Sectoral,2022-06-30,2022-06-30,16720.95,18.27
NIFTYPRIVATEBANK,NIFTY Private Bank,Sectoral,2022-09-30,2022-09-30,19932.45,19.03
NIFTYPRIVATEBANK,NIFTY Private Bank,Sectoral,2022-12-31,2022-12-30,21862,18.12
NIFTYPRIVATEBANK,NIFTY Private Bank,Sectoral,2023-03-31,2023-03-31,20618.1,15.79
NIFTYPRIVATEBANK,NIFTY Private Bank,Sectoral,2023-06-30,2023-06-30,22923.15,17.99
NIFTYPRIVATEBANK,NIFTY Private Bank,Sectoral,2023-09-30,2023-09-29,23101.9,18.38
NIFTYPRIVATEBANK,NIFTY Private Bank,Sectoral,2023-12-31,2023-12-29,24875.65,18.45
NIFTYPRIVATEBANK,NIFTY Private Bank,Sectoral,2024-03-31,2024-03-28,23555.85,16.42
NIFTYPRIVATEBANK,NIFTY Private Bank,Sectoral,2024-06-30,2024-06-28,26075.5,16.52
NIFTYPRIVATEBANK,NIFTY Private Bank,Sectoral,2024-09-30,2024-09-30,26501.85,16.06
NIFTYPRIVATEBANK,NIFTY Private Bank,Sectoral,2024-12-31,2024-12-31,24780,14.62
NIFTYPRIVATEBANK,NIFTY Private Bank,Sectoral,2025-03-31,2025-03-28,25733.35,15.41
NIFTYPRIVATEBANK,NIFTY Private Bank,Sectoral,2025-06-30,2025-06-30,28254.6,18.06
NIFTYPRIVATEBANK,NIFTY Private Bank,Sectoral,2025-09-30,2025-09-30,26462.45,17.77
NIFTYPRIVATEBANK,NIFTY Private Bank,Sectoral,2025-12-31,2025-12-31,28721.15,20.14
NIFTYPRIVATEBANK,NIFTY Private Bank,Sectoral,2026-03-31,2026-03-30,24144.85,16.86
NIFTYPRIVATEBANK,NIFTY Private Bank,Sectoral,2026-06-30,2026-06-30,27929.15,18.21
NIFTYPSE,NIFTY Pse,Strategy / Thematic / Other,2015-12-31,2015-12-31,3131.55,11.81
NIFTYPSE,NIFTY Pse,Strategy / Thematic / Other,2016-03-31,2016-03-31,2846.6,10.55
NIFTYPSE,NIFTY Pse,Strategy / Thematic / Other,2016-06-30,2016-06-30,3168.75,12.15
NIFTYPSE,NIFTY Pse,Strategy / Thematic / Other,2016-09-30,2016-09-30,3497.6,13.41
NIFTYPSE,NIFTY Pse,Strategy / Thematic / Other,2016-12-31,2016-12-30,3692.7,12.95
NIFTYPSE,NIFTY Pse,Strategy / Thematic / Other,2017-03-31,2017-03-31,4009.95,12.93
NIFTYPSE,NIFTY Pse,Strategy / Thematic / Other,2017-06-30,2017-06-30,3776.05,12.37
NIFTYPSE,NIFTY Pse,Strategy / Thematic / Other,2017-09-30,2017-09-29,4048.8,14.18
NIFTYPSE,NIFTY Pse,Strategy / Thematic / Other,2017-12-31,2017-12-29,4303.25,14.64
NIFTYPSE,NIFTY Pse,Strategy / Thematic / Other,2018-03-31,2018-03-28,3845.3,12.42
NIFTYPSE,NIFTY Pse,Strategy / Thematic / Other,2018-06-30,2018-06-29,3527.45,10.94
NIFTYPSE,NIFTY Pse,Strategy / Thematic / Other,2018-09-30,2018-09-28,3560.45,11
NIFTYPSE,NIFTY Pse,Strategy / Thematic / Other,2018-12-31,2018-12-31,3389.35,10.62
NIFTYPSE,NIFTY Pse,Strategy / Thematic / Other,2019-03-31,2019-03-29,3584.6,10.92
NIFTYPSE,NIFTY Pse,Strategy / Thematic / Other,2019-06-30,2019-06-28,3657.25,10.72
NIFTYPSE,NIFTY Pse,Strategy / Thematic / Other,2019-09-30,2019-09-30,3243.7,9.39
NIFTYPSE,NIFTY Pse,Strategy / Thematic / Other,2019-12-31,2019-12-31,3226.6,9.81
NIFTYPSE,NIFTY Pse,Strategy / Thematic / Other,2020-03-31,2020-03-31,2214.15,6.99
NIFTYPSE,NIFTY Pse,Strategy / Thematic / Other,2020-06-30,2020-06-30,2493.95,9.33
NIFTYPSE,NIFTY Pse,Strategy / Thematic / Other,2020-09-30,2020-09-30,2260.45,9.54
NIFTYPSE,NIFTY Pse,Strategy / Thematic / Other,2020-12-31,2020-12-31,2797.1,10.65
NIFTYPSE,NIFTY Pse,Strategy / Thematic / Other,2021-03-31,2021-03-31,3100.55,9.58
NIFTYPSE,NIFTY Pse,Strategy / Thematic / Other,2021-06-30,2021-06-30,3609.45,7.35
NIFTYPSE,NIFTY Pse,Strategy / Thematic / Other,2021-09-30,2021-09-30,4096.7,7.06
NIFTYPSE,NIFTY Pse,Strategy / Thematic / Other,2021-12-31,2021-12-31,3835.25,5.91
NIFTYPSE,NIFTY Pse,Strategy / Thematic / Other,2022-03-31,2022-03-31,4086.25,5.88
NIFTYPSE,NIFTY Pse,Strategy / Thematic / Other,2022-06-30,2022-06-30,3819.95,5.56
NIFTYPSE,NIFTY Pse,Strategy / Thematic / Other,2022-09-30,2022-09-30,3990.6,6.71
NIFTYPSE,NIFTY Pse,Strategy / Thematic / Other,2022-12-31,2022-12-30,4367,8.29
NIFTYPSE,NIFTY Pse,Strategy / Thematic / Other,2023-03-31,2023-03-31,4474,8.56
NIFTYPSE,NIFTY Pse,Strategy / Thematic / Other,2023-06-30,2023-06-30,5081.6,9.55
NIFTYPSE,NIFTY Pse,Strategy / Thematic / Other,2023-09-30,2023-09-29,5991.75,8.57
NIFTYPSE,NIFTY Pse,Strategy / Thematic / Other,2023-12-31,2023-12-29,7854.95,9.33
NIFTYPSE,NIFTY Pse,Strategy / Thematic / Other,2024-03-31,2024-03-28,9122.15,10.27
NIFTYPSE,NIFTY Pse,Strategy / Thematic / Other,2024-06-30,2024-06-28,10685.5,11.66
NIFTYPSE,NIFTY Pse,Strategy / Thematic / Other,2024-09-30,2024-09-30,11286,13.31
NIFTYPSE,NIFTY Pse,Strategy / Thematic / Other,2024-12-31,2024-12-31,9532.2,12.35
NIFTYPSE,NIFTY Pse,Strategy / Thematic / Other,2025-03-31,2025-03-28,9342.7,12.17
NIFTYPSE,NIFTY Pse,Strategy / Thematic / Other,2025-06-30,2025-06-30,10093.65,12.94
NIFTYPSE,NIFTY Pse,Strategy / Thematic / Other,2025-09-30,2025-09-30,9800.85,11.93
NIFTYPSE,NIFTY Pse,Strategy / Thematic / Other,2025-12-31,2025-12-31,9853.65,11.23
NIFTYPSE,NIFTY Pse,Strategy / Thematic / Other,2026-03-31,2026-03-30,9559,10.35
NIFTYPSE,NIFTY Pse,Strategy / Thematic / Other,2026-06-30,2026-06-30,9980.7,10.16
NIFTYPSUBANK,NIFTY PSU Bank,Sectoral,2015-12-31,2015-12-31,2864.3,11.71
NIFTYPSUBANK,NIFTY PSU Bank,Sectoral,2016-03-31,2016-03-31,2448.95,18.87
NIFTYPSUBANK,NIFTY PSU Bank,Sectoral,2016-06-30,2016-06-30,2725,
NIFTYPSUBANK,NIFTY PSU Bank,Sectoral,2016-09-30,2016-09-30,3129.65,
NIFTYPSUBANK,NIFTY PSU Bank,Sectoral,2016-12-31,2016-12-30,2982,
NIFTYPSUBANK,NIFTY PSU Bank,Sectoral,2017-03-31,2017-03-31,3526.6,
NIFTYPSUBANK,NIFTY PSU Bank,Sectoral,2017-06-30,2017-06-30,3302.4,33.24
NIFTYPSUBANK,NIFTY PSU Bank,Sectoral,2017-09-30,2017-09-29,3042.1,36.22
NIFTYPSUBANK,NIFTY PSU Bank,Sectoral,2017-12-31,2017-12-29,3700.55,88.37
NIFTYPSUBANK,NIFTY PSU Bank,Sectoral,2018-03-31,2018-03-28,2878.5,
NIFTYPSUBANK,NIFTY PSU Bank,Sectoral,2018-06-30,2018-06-29,2791.5,
NIFTYPSUBANK,NIFTY PSU Bank,Sectoral,2018-09-30,2018-09-28,2700.45,
NIFTYPSUBANK,NIFTY PSU Bank,Sectoral,2018-12-31,2018-12-31,3088,
NIFTYPSUBANK,NIFTY PSU Bank,Sectoral,2019-03-31,2019-03-29,3339.35,
NIFTYPSUBANK,NIFTY PSU Bank,Sectoral,2019-06-30,2019-06-28,3205.65,
NIFTYPSUBANK,NIFTY PSU Bank,Sectoral,2019-09-30,2019-09-30,2294.1,
NIFTYPSUBANK,NIFTY PSU Bank,Sectoral,2019-12-31,2019-12-31,2524.35,
NIFTYPSUBANK,NIFTY PSU Bank,Sectoral,2020-03-31,2020-03-31,1324.85,
NIFTYPSUBANK,NIFTY PSU Bank,Sectoral,2020-06-30,2020-06-30,1427.9,
NIFTYPSUBANK,NIFTY PSU Bank,Sectoral,2020-09-30,2020-09-30,1277.4,
NIFTYPSUBANK,NIFTY PSU Bank,Sectoral,2020-12-31,2020-12-31,1752.7,
NIFTYPSUBANK,NIFTY PSU Bank,Sectoral,2021-03-31,2021-03-31,2157.8,67.7
NIFTYPSUBANK,NIFTY PSU Bank,Sectoral,2021-06-30,2021-06-30,2518.8,15.12
NIFTYPSUBANK,NIFTY PSU Bank,Sectoral,2021-09-30,2021-09-30,2483.05,11.51
NIFTYPSUBANK,NIFTY PSU Bank,Sectoral,2021-12-31,2021-12-31,2530.4,10.07
NIFTYPSUBANK,NIFTY PSU Bank,Sectoral,2022-03-31,2022-03-31,2725.65,9.1
NIFTYPSUBANK,NIFTY PSU Bank,Sectoral,2022-06-30,2022-06-30,2434.75,7.05
NIFTYPSUBANK,NIFTY PSU Bank,Sectoral,2022-09-30,2022-09-30,2995,8.36
NIFTYPSUBANK,NIFTY PSU Bank,Sectoral,2022-12-31,2022-12-30,4318.55,11.1
NIFTYPSUBANK,NIFTY PSU Bank,Sectoral,2023-03-31,2023-03-31,3716.15,8.47
NIFTYPSUBANK,NIFTY PSU Bank,Sectoral,2023-06-30,2023-06-30,4110.2,7.63
NIFTYPSUBANK,NIFTY PSU Bank,Sectoral,2023-09-30,2023-09-29,5258.3,8.01
NIFTYPSUBANK,NIFTY PSU Bank,Sectoral,2023-12-31,2023-12-29,5713.45,8.11
NIFTYPSUBANK,NIFTY PSU Bank,Sectoral,2024-03-31,2024-03-28,7007.25,9.57
NIFTYPSUBANK,NIFTY PSU Bank,Sectoral,2024-06-30,2024-06-28,7365.95,9.45
NIFTYPSUBANK,NIFTY PSU Bank,Sectoral,2024-09-30,2024-09-30,6756.15,8.2
NIFTYPSUBANK,NIFTY PSU Bank,Sectoral,2024-12-31,2024-12-31,6540.7,7.44
NIFTYPSUBANK,NIFTY PSU Bank,Sectoral,2025-03-31,2025-03-28,6263.4,6.62
NIFTYPSUBANK,NIFTY PSU Bank,Sectoral,2025-06-30,2025-06-30,7202.4,7.31
NIFTYPSUBANK,NIFTY PSU Bank,Sectoral,2025-09-30,2025-09-30,7526.75,7.82
NIFTYPSUBANK,NIFTY PSU Bank,Sectoral,2025-12-31,2025-12-31,8533.15,8.75
NIFTYPSUBANK,NIFTY PSU Bank,Sectoral,2026-03-31,2026-03-30,7873.45,7.76
NIFTYPSUBANK,NIFTY PSU Bank,Sectoral,2026-06-30,2026-06-30,8492.65,8.14
NIFTYQUALITY30,NIFTY Quality 30,Strategy / Thematic / Other,2015-12-31,2015-12-31,2085.73,29.77
NIFTYQUALITY30,NIFTY Quality 30,Strategy / Thematic / Other,2016-03-31,2016-03-31,2035.15,27.97
NIFTYQUALITY30,NIFTY Quality 30,Strategy / Thematic / Other,2016-06-30,2016-06-30,2152.1,27.68
NIFTYQUALITY30,NIFTY Quality 30,Strategy / Thematic / Other,2016-09-30,2016-09-30,2199.85,27.47
NIFTYQUALITY30,NIFTY Quality 30,Strategy / Thematic / Other,2016-12-31,2016-12-30,2096.75,22.98
NIFTYQUALITY30,NIFTY Quality 30,Strategy / Thematic / Other,2017-03-31,2017-03-31,2255.2,23.89
NIFTYQUALITY30,NIFTY Quality 30,Strategy / Thematic / Other,2017-06-30,2017-06-30,2282.95,24.45
NIFTYQUALITY30,NIFTY Quality 30,Strategy / Thematic / Other,2017-09-30,2017-09-29,2311.95,25.63
NIFTYQUALITY30,NIFTY Quality 30,Strategy / Thematic / Other,2017-12-31,2017-12-29,2542.85,26.61
NIFTYQUALITY30,NIFTY Quality 30,Strategy / Thematic / Other,2018-03-31,2018-03-28,2455.9,24.86
NIFTYQUALITY30,NIFTY Quality 30,Strategy / Thematic / Other,2018-06-30,2018-06-29,2624.3,26.22
NIFTYQUALITYLOWVOLATILITY30,NIFTY Quality Low-Volatility 30,Strategy / Thematic / Other,2017-09-30,2017-09-29,7308.02,26.91
NIFTYQUALITYLOWVOLATILITY30,NIFTY Quality Low-Volatility 30,Strategy / Thematic / Other,2017-12-31,2017-12-29,7987.76,30.19
NIFTYQUALITYLOWVOLATILITY30,NIFTY Quality Low-Volatility 30,Strategy / Thematic / Other,2018-03-31,2018-03-28,7789.54,28.82
NIFTYQUALITYLOWVOLATILITY30,NIFTY Quality Low-Volatility 30,Strategy / Thematic / Other,2018-06-30,2018-06-29,8250.31,28.89
NIFTYQUALITYLOWVOLATILITY30,NIFTY Quality Low-Volatility 30,Strategy / Thematic / Other,2018-09-30,2018-09-28,8160,29.83
NIFTYQUALITYLOWVOLATILITY30,NIFTY Quality Low-Volatility 30,Strategy / Thematic / Other,2018-12-31,2018-12-31,8366.84,29.71
NIFTYQUALITYLOWVOLATILITY30,NIFTY Quality Low-Volatility 30,Strategy / Thematic / Other,2019-03-31,2019-03-29,8343.89,28.32
NIFTYQUALITYLOWVOLATILITY30,NIFTY Quality Low-Volatility 30,Strategy / Thematic / Other,2019-06-30,2019-06-28,8093.88,27.89
NIFTYQUALITYLOWVOLATILITY30,NIFTY Quality Low-Volatility 30,Strategy / Thematic / Other,2019-09-30,2019-09-30,8370.26,27.95
NIFTYQUALITYLOWVOLATILITY30,NIFTY Quality Low-Volatility 30,Strategy / Thematic / Other,2019-12-31,2019-12-31,8503.72,28.02
NIFTYQUALITYLOWVOLATILITY30,NIFTY Quality Low-Volatility 30,Strategy / Thematic / Other,2020-03-31,2020-03-31,6996.31,23.38
NIFTYQUALITYLOWVOLATILITY30,NIFTY Quality Low-Volatility 30,Strategy / Thematic / Other,2020-06-30,2020-06-30,7915.67,25.41
NIFTYQUALITYLOWVOLATILITY30,NIFTY Quality Low-Volatility 30,Strategy / Thematic / Other,2020-09-30,2020-09-30,8805.77,30.04
NIFTYQUALITYLOWVOLATILITY30,NIFTY Quality Low-Volatility 30,Strategy / Thematic / Other,2020-12-31,2020-12-31,10383.63,35.62
NIFTYQUALITYLOWVOLATILITY30,NIFTY Quality Low-Volatility 30,Strategy / Thematic / Other,2021-03-31,2021-03-31,10520.69,31.58
NIFTYQUALITYLOWVOLATILITY30,NIFTY Quality Low-Volatility 30,Strategy / Thematic / Other,2021-06-30,2021-06-30,11435.85,32.51
NIFTYQUALITYLOWVOLATILITY30,NIFTY Quality Low-Volatility 30,Strategy / Thematic / Other,2021-09-30,2021-09-30,12707.26,33.85
NIFTYQUALITYLOWVOLATILITY30,NIFTY Quality Low-Volatility 30,Strategy / Thematic / Other,2021-12-31,2021-12-31,12550.62,29.87
NIFTYQUALITYLOWVOLATILITY30,NIFTY Quality Low-Volatility 30,Strategy / Thematic / Other,2022-03-31,2022-03-31,12028.61,28.51
NIFTYQUALITYLOWVOLATILITY30,NIFTY Quality Low-Volatility 30,Strategy / Thematic / Other,2022-06-30,2022-06-30,11202.56,27.18
NIFTYQUALITYLOWVOLATILITY30,NIFTY Quality Low-Volatility 30,Strategy / Thematic / Other,2022-09-30,2022-09-30,12232.22,28.66
NIFTYQUALITYLOWVOLATILITY30,NIFTY Quality Low-Volatility 30,Strategy / Thematic / Other,2022-12-31,2022-12-30,12361.73,27.44
NIFTYQUALITYLOWVOLATILITY30,NIFTY Quality Low-Volatility 30,Strategy / Thematic / Other,2023-03-31,2023-03-31,12019.96,25.91
NIFTYQUALITYLOWVOLATILITY30,NIFTY Quality Low-Volatility 30,Strategy / Thematic / Other,2023-06-30,2023-06-30,13440.23,27.08
NIFTYQUALITYLOWVOLATILITY30,NIFTY Quality Low-Volatility 30,Strategy / Thematic / Other,2023-09-30,2023-09-29,13940,27.56
NIFTYQUALITYLOWVOLATILITY30,NIFTY Quality Low-Volatility 30,Strategy / Thematic / Other,2023-12-31,2023-12-29,15663.41,31.02
NIFTYQUALITYLOWVOLATILITY30,NIFTY Quality Low-Volatility 30,Strategy / Thematic / Other,2024-03-31,2024-03-28,16202.79,30.96
NIFTYQUALITYLOWVOLATILITY30,NIFTY Quality Low-Volatility 30,Strategy / Thematic / Other,2024-06-30,2024-06-28,17190.01,34.19
NIFTYQUALITYLOWVOLATILITY30,NIFTY Quality Low-Volatility 30,Strategy / Thematic / Other,2024-09-30,2024-09-30,19389.59,37.12
NIFTYQUALITYLOWVOLATILITY30,NIFTY Quality Low-Volatility 30,Strategy / Thematic / Other,2024-12-31,2024-12-31,16868.65,30.95
NIFTYQUALITYLOWVOLATILITY30,NIFTY Quality Low-Volatility 30,Strategy / Thematic / Other,2025-03-31,2025-03-28,16205.05,29.44
NIFTYQUALITYLOWVOLATILITY30,NIFTY Quality Low-Volatility 30,Strategy / Thematic / Other,2025-06-30,2025-06-30,17227.65,30.01
NIFTYQUALITYLOWVOLATILITY30,NIFTY Quality Low-Volatility 30,Strategy / Thematic / Other,2025-09-30,2025-09-30,16974.3,29.54
NIFTYQUALITYLOWVOLATILITY30,NIFTY Quality Low-Volatility 30,Strategy / Thematic / Other,2025-12-31,2025-12-31,17655.85,28.93
NIFTYQUALITYLOWVOLATILITY30,NIFTY Quality Low-Volatility 30,Strategy / Thematic / Other,2026-03-31,2026-03-30,15088.65,24.9
NIFTYQUALITYLOWVOLATILITY30,NIFTY Quality Low-Volatility 30,Strategy / Thematic / Other,2026-06-30,2026-06-30,16152.4,26.39
NIFTYREALTY,NIFTY Realty,Sectoral,2015-12-31,2015-12-31,172.6,30.38
NIFTYREALTY,NIFTY Realty,Sectoral,2016-03-31,2016-03-31,156.55,29.15
NIFTYREALTY,NIFTY Realty,Sectoral,2016-06-30,2016-06-30,200.25,39.2
NIFTYREALTY,NIFTY Realty,Sectoral,2016-09-30,2016-09-30,202.7,38.14
NIFTYREALTY,NIFTY Realty,Sectoral,2016-12-31,2016-12-30,165.35,33.34
NIFTYREALTY,NIFTY Realty,Sectoral,2017-03-31,2017-03-31,214.95,42.49
NIFTYREALTY,NIFTY Realty,Sectoral,2017-06-30,2017-06-30,263.45,59.26
NIFTYREALTY,NIFTY Realty,Sectoral,2017-09-30,2017-09-29,273.5,58.99
NIFTYREALTY,NIFTY Realty,Sectoral,2017-12-31,2017-12-29,346.9,65.81
NIFTYREALTY,NIFTY Realty,Sectoral,2018-03-31,2018-03-28,294.05,77.32
NIFTYREALTY,NIFTY Realty,Sectoral,2018-06-30,2018-06-29,271.55,72.08
NIFTYREALTY,NIFTY Realty,Sectoral,2018-09-30,2018-09-28,219.6,78.54
NIFTYREALTY,NIFTY Realty,Sectoral,2018-12-31,2018-12-31,232.35,107.24
NIFTYREALTY,NIFTY Realty,Sectoral,2019-03-31,2019-03-29,269.2,48.13
NIFTYREALTY,NIFTY Realty,Sectoral,2019-06-30,2019-06-28,284.8,48.28
NIFTYREALTY,NIFTY Realty,Sectoral,2019-09-30,2019-09-30,258.75,36.33
NIFTYREALTY,NIFTY Realty,Sectoral,2019-12-31,2019-12-31,298.55,30.8
NIFTYREALTY,NIFTY Realty,Sectoral,2020-03-31,2020-03-31,175.5,16.6
NIFTYREALTY,NIFTY Realty,Sectoral,2020-06-30,2020-06-30,202.65,27.36
NIFTYREALTY,NIFTY Realty,Sectoral,2020-09-30,2020-09-30,211.9,47.17
NIFTYREALTY,NIFTY Realty,Sectoral,2020-12-31,2020-12-31,313.85,193.32
NIFTYREALTY,NIFTY Realty,Sectoral,2021-03-31,2021-03-31,334.15,
NIFTYREALTY,NIFTY Realty,Sectoral,2021-06-30,2021-06-30,343.95,60.64
NIFTYREALTY,NIFTY Realty,Sectoral,2021-09-30,2021-09-30,513.8,75.26
NIFTYREALTY,NIFTY Realty,Sectoral,2021-12-31,2021-12-31,484.15,61.66
NIFTYREALTY,NIFTY Realty,Sectoral,2022-03-31,2022-03-31,463.55,59.48
NIFTYREALTY,NIFTY Realty,Sectoral,2022-06-30,2022-06-30,385.3,52.33
NIFTYREALTY,NIFTY Realty,Sectoral,2022-09-30,2022-09-30,424,39.95
NIFTYREALTY,NIFTY Realty,Sectoral,2022-12-31,2022-12-30,431.8,41.79
NIFTYREALTY,NIFTY Realty,Sectoral,2023-03-31,2023-03-31,387.35,35.11
NIFTYREALTY,NIFTY Realty,Sectoral,2023-06-30,2023-06-30,520,49.31
NIFTYREALTY,NIFTY Realty,Sectoral,2023-09-30,2023-09-29,575.65,47.68
NIFTYREALTY,NIFTY Realty,Sectoral,2023-12-31,2023-12-29,783.05,50.39
NIFTYREALTY,NIFTY Realty,Sectoral,2024-03-31,2024-03-28,900.65,59.04
NIFTYREALTY,NIFTY Realty,Sectoral,2024-06-30,2024-06-28,1104.75,66.89
NIFTYREALTY,NIFTY Realty,Sectoral,2024-09-30,2024-09-30,1099,57.09
NIFTYREALTY,NIFTY Realty,Sectoral,2024-12-31,2024-12-31,1052.35,54.42
NIFTYREALTY,NIFTY Realty,Sectoral,2025-03-31,2025-03-28,851.3,41.08
NIFTYREALTY,NIFTY Realty,Sectoral,2025-06-30,2025-06-30,986.55,49.06
NIFTYREALTY,NIFTY Realty,Sectoral,2025-09-30,2025-09-30,867.6,42.51
NIFTYREALTY,NIFTY Realty,Sectoral,2025-12-31,2025-12-31,877.95,40.46
NIFTYREALTY,NIFTY Realty,Sectoral,2026-03-31,2026-03-30,651.15,30.8
NIFTYREALTY,NIFTY Realty,Sectoral,2026-06-30,2026-06-30,829.55,36.49
NIFTYREITSINVITS,NIFTY REITS & Invits,Strategy / Thematic / Other,2023-06-30,2023-06-30,977.53,71.79
NIFTYREITSINVITS,NIFTY REITS & Invits,Strategy / Thematic / Other,2023-09-30,2023-09-29,968.67,86.03
NIFTYREITSINVITS,NIFTY REITS & Invits,Strategy / Thematic / Other,2023-12-31,2023-12-29,1008.09,33.07
NIFTYREITSINVITS,NIFTY REITS & Invits,Strategy / Thematic / Other,2024-03-31,2024-03-28,1065.9,32.27
NIFTYREITSINVITS,NIFTY REITS & Invits,Strategy / Thematic / Other,2024-06-30,2024-06-28,1082.58,29.43
NIFTYREITSINVITS,NIFTY REITS & Invits,Strategy / Thematic / Other,2024-09-30,2024-09-30,1150.71,30.3
NIFTYREITSINVITS,NIFTY REITS & Invits,Strategy / Thematic / Other,2024-12-31,2024-12-31,1116.73,21.43
NIFTYREITSINVITS,NIFTY REITS & Invits,Strategy / Thematic / Other,2025-03-31,2025-03-28,1107.07,21.55
NIFTYREITSINVITS,NIFTY REITS & Invits,Strategy / Thematic / Other,2025-06-30,2025-06-30,1205.46,23.85
NIFTYREITSINVITS,NIFTY REITS & Invits,Strategy / Thematic / Other,2025-09-30,2025-09-30,1336.78,26.46
NIFTYREITSINVITS,NIFTY REITS & Invits,Strategy / Thematic / Other,2025-12-31,2025-12-31,1340.64,32.37
NIFTYREITSINVITS,NIFTY REITS & Invits,Strategy / Thematic / Other,2026-03-31,2026-03-30,1308.87,40.08
NIFTYREITSINVITS,NIFTY REITS & Invits,Strategy / Thematic / Other,2026-06-30,2026-06-30,1376.86,50.2
NIFTYREITSREALTY,NIFTY REITS & Realty,Sectoral,2026-03-31,2026-03-30,1632.57,44.75
NIFTYREITSREALTY,NIFTY REITS & Realty,Sectoral,2026-06-30,2026-06-30,1857.45,50.71
NIFTYRETAIL,NIFTY Retail,Sectoral,2026-06-30,2026-06-30,2994.03,250.1
NIFTYRURAL,NIFTY Rural,Strategy / Thematic / Other,2024-09-30,2024-09-30,16195.97,32.08
NIFTYRURAL,NIFTY Rural,Strategy / Thematic / Other,2024-12-31,2024-12-31,13959.7,27.21
NIFTYRURAL,NIFTY Rural,Strategy / Thematic / Other,2025-03-31,2025-03-28,13900.85,24.59
NIFTYRURAL,NIFTY Rural,Strategy / Thematic / Other,2025-06-30,2025-06-30,15100.15,25.31
NIFTYRURAL,NIFTY Rural,Strategy / Thematic / Other,2025-09-30,2025-09-30,15383.4,25.28
NIFTYRURAL,NIFTY Rural,Strategy / Thematic / Other,2025-12-31,2025-12-31,16169.6,26.34
NIFTYRURAL,NIFTY Rural,Strategy / Thematic / Other,2026-03-31,2026-03-30,13918.35,24.02
NIFTYRURAL,NIFTY Rural,Strategy / Thematic / Other,2026-06-30,2026-06-30,15178.25,23.81
NIFTYSERVICESSECTOR,NIFTY Services Sector,Strategy / Thematic / Other,2015-12-31,2015-12-31,10307.35,18.42
NIFTYSERVICESSECTOR,NIFTY Services Sector,Strategy / Thematic / Other,2016-03-31,2016-03-31,9963.4,18.1
NIFTYSERVICESSECTOR,NIFTY Services Sector,Strategy / Thematic / Other,2016-06-30,2016-06-30,10646.25,20.75
NIFTYSERVICESSECTOR,NIFTY Services Sector,Strategy / Thematic / Other,2016-09-30,2016-09-30,10926.15,21.2
NIFTYSERVICESSECTOR,NIFTY Services Sector,Strategy / Thematic / Other,2016-12-31,2016-12-30,10412.9,20.04
NIFTYSERVICESSECTOR,NIFTY Services Sector,Strategy / Thematic / Other,2017-03-31,2017-03-31,11881.25,22.38
NIFTYSERVICESSECTOR,NIFTY Services Sector,Strategy / Thematic / Other,2017-06-30,2017-06-30,12360.25,23.96
NIFTYSERVICESSECTOR,NIFTY Services Sector,Strategy / Thematic / Other,2017-09-30,2017-09-29,12869.25,25.77
NIFTYSERVICESSECTOR,NIFTY Services Sector,Strategy / Thematic / Other,2017-12-31,2017-12-29,13739.15,27.91
NIFTYSERVICESSECTOR,NIFTY Services Sector,Strategy / Thematic / Other,2018-03-31,2018-03-28,13536.5,26.21
NIFTYSERVICESSECTOR,NIFTY Services Sector,Strategy / Thematic / Other,2018-06-30,2018-06-29,14596.95,27.88
NIFTYSERVICESSECTOR,NIFTY Services Sector,Strategy / Thematic / Other,2018-09-30,2018-09-28,14471.5,29.85
NIFTYSERVICESSECTOR,NIFTY Services Sector,Strategy / Thematic / Other,2018-12-31,2018-12-31,14934.25,30.64
NIFTYSERVICESSECTOR,NIFTY Services Sector,Strategy / Thematic / Other,2019-03-31,2019-03-29,16197.35,34.24
NIFTYSERVICESSECTOR,NIFTY Services Sector,Strategy / Thematic / Other,2019-06-30,2019-06-28,16846.85,35.75
NIFTYSERVICESSECTOR,NIFTY Services Sector,Strategy / Thematic / Other,2019-09-30,2019-09-30,16166.7,28.46
NIFTYSERVICESSECTOR,NIFTY Services Sector,Strategy / Thematic / Other,2019-12-31,2019-12-31,17452.85,32.39
NIFTYSERVICESSECTOR,NIFTY Services Sector,Strategy / Thematic / Other,2020-03-31,2020-03-31,11876.8,19.79
NIFTYSERVICESSECTOR,NIFTY Services Sector,Strategy / Thematic / Other,2020-06-30,2020-06-30,13659.85,25.08
NIFTYSERVICESSECTOR,NIFTY Services Sector,Strategy / Thematic / Other,2020-09-30,2020-09-30,14550.45,29.59
NIFTYSERVICESSECTOR,NIFTY Services Sector,Strategy / Thematic / Other,2020-12-31,2020-12-31,19625.9,34.13
NIFTYSERVICESSECTOR,NIFTY Services Sector,Strategy / Thematic / Other,2021-03-31,2021-03-31,20561.4,30.59
NIFTYSERVICESSECTOR,NIFTY Services Sector,Strategy / Thematic / Other,2021-06-30,2021-06-30,21889.75,28.95
NIFTYSERVICESSECTOR,NIFTY Services Sector,Strategy / Thematic / Other,2021-09-30,2021-09-30,24619.25,29.52
NIFTYSERVICESSECTOR,NIFTY Services Sector,Strategy / Thematic / Other,2021-12-31,2021-12-31,24396.3,27.13
NIFTYSERVICESSECTOR,NIFTY Services Sector,Strategy / Thematic / Other,2022-03-31,2022-03-31,24210.9,24.89
NIFTYSERVICESSECTOR,NIFTY Services Sector,Strategy / Thematic / Other,2022-06-30,2022-06-30,21243.05,20.33
NIFTYSERVICESSECTOR,NIFTY Services Sector,Strategy / Thematic / Other,2022-09-30,2022-09-30,23379.9,21.45
NIFTYSERVICESSECTOR,NIFTY Services Sector,Strategy / Thematic / Other,2022-12-31,2022-12-30,24842.4,21.97
NIFTYSERVICESSECTOR,NIFTY Services Sector,Strategy / Thematic / Other,2023-03-31,2023-03-31,23037,19.47
NIFTYSERVICESSECTOR,NIFTY Services Sector,Strategy / Thematic / Other,2023-06-30,2023-06-30,24873.15,21.06
NIFTYSERVICESSECTOR,NIFTY Services Sector,Strategy / Thematic / Other,2023-09-30,2023-09-29,25124.9,21.62
NIFTYSERVICESSECTOR,NIFTY Services Sector,Strategy / Thematic / Other,2023-12-31,2023-12-29,27687.8,22.57
NIFTYSERVICESSECTOR,NIFTY Services Sector,Strategy / Thematic / Other,2024-03-31,2024-03-28,27843.65,22.61
NIFTYSERVICESSECTOR,NIFTY Services Sector,Strategy / Thematic / Other,2024-06-30,2024-06-28,30428.05,22.59
NIFTYSERVICESSECTOR,NIFTY Services Sector,Strategy / Thematic / Other,2024-09-30,2024-09-30,33007.5,23.35
NIFTYSERVICESSECTOR,NIFTY Services Sector,Strategy / Thematic / Other,2024-12-31,2024-12-31,31417.1,21.58
NIFTYSERVICESSECTOR,NIFTY Services Sector,Strategy / Thematic / Other,2025-03-31,2025-03-28,31163.35,20.38
NIFTYSERVICESSECTOR,NIFTY Services Sector,Strategy / Thematic / Other,2025-06-30,2025-06-30,33740.2,21.74
NIFTYSERVICESSECTOR,NIFTY Services Sector,Strategy / Thematic / Other,2025-09-30,2025-09-30,31851.4,20.52
NIFTYSERVICESSECTOR,NIFTY Services Sector,Strategy / Thematic / Other,2025-12-31,2025-12-31,33656.4,21.54
NIFTYSERVICESSECTOR,NIFTY Services Sector,Strategy / Thematic / Other,2026-03-31,2026-03-30,28363.6,18.48
NIFTYSERVICESSECTOR,NIFTY Services Sector,Strategy / Thematic / Other,2026-06-30,2026-06-30,30504.7,19.6
NIFTYSHARIAH25,NIFTY Shariah 25,Strategy / Thematic / Other,2015-12-31,2015-12-31,3281.28,27.2
NIFTYSHARIAH25,NIFTY Shariah 25,Strategy / Thematic / Other,2016-03-31,2016-03-31,3119.2,24.21
NIFTYSHARIAH25,NIFTY Shariah 25,Strategy / Thematic / Other,2016-06-30,2016-06-30,3296.45,25.38
NIFTYSHARIAH25,NIFTY Shariah 25,Strategy / Thematic / Other,2016-09-30,2016-09-30,3445.76,25.05
NIFTYSHARIAH25,NIFTY Shariah 25,Strategy / Thematic / Other,2016-12-31,2016-12-30,3258.97,24.16
NIFTYSHARIAH25,NIFTY Shariah 25,Strategy / Thematic / Other,2017-03-31,2017-03-31,3583.28,24.85
NIFTYSHARIAH25,NIFTY Shariah 25,Strategy / Thematic / Other,2017-06-30,2017-06-30,3720.36,26.18
NIFTYSHARIAH25,NIFTY Shariah 25,Strategy / Thematic / Other,2017-09-30,2017-09-29,3953.1,31.43
NIFTYSHARIAH25,NIFTY Shariah 25,Strategy / Thematic / Other,2017-12-31,2017-12-29,4320.91,30.84
NIFTYSHARIAH25,NIFTY Shariah 25,Strategy / Thematic / Other,2018-03-31,2018-03-28,4040.22,27.9
NIFTYSHARIAH25,NIFTY Shariah 25,Strategy / Thematic / Other,2018-06-30,2018-06-29,4154.14,27.26
NIFTYSHARIAH25,NIFTY Shariah 25,Strategy / Thematic / Other,2018-09-30,2018-09-28,4164.19,23.44
NIFTYSHARIAH25,NIFTY Shariah 25,Strategy / Thematic / Other,2018-12-31,2018-12-31,4225.57,23.19
NIFTYSHARIAH25,NIFTY Shariah 25,Strategy / Thematic / Other,2019-03-31,2019-03-29,4312.45,24.29
NIFTYSHARIAH25,NIFTY Shariah 25,Strategy / Thematic / Other,2019-06-30,2019-06-28,4213.94,22.28
NIFTYSHARIAH25,NIFTY Shariah 25,Strategy / Thematic / Other,2019-09-30,2019-09-30,4320.22,27.27
NIFTYSHARIAH25,NIFTY Shariah 25,Strategy / Thematic / Other,2019-12-31,2019-12-31,4324.03,25.39
NIFTYSHARIAH25,NIFTY Shariah 25,Strategy / Thematic / Other,2020-03-31,2020-03-31,3582.54,20.86
NIFTYSHARIAH25,NIFTY Shariah 25,Strategy / Thematic / Other,2020-06-30,2020-06-30,4196.81,25.84
NIFTYSHARIAH25,NIFTY Shariah 25,Strategy / Thematic / Other,2020-09-30,2020-09-30,4604.08,34.2
NIFTYSHARIAH25,NIFTY Shariah 25,Strategy / Thematic / Other,2020-12-31,2020-12-31,5343.24,41.47
NIFTYSHARIAH25,NIFTY Shariah 25,Strategy / Thematic / Other,2021-03-31,2021-03-31,5497.55,30.83
NIFTYSHARIAH25,NIFTY Shariah 25,Strategy / Thematic / Other,2021-06-30,2021-06-30,6019.6,29.56
NIFTYSHARIAH25,NIFTY Shariah 25,Strategy / Thematic / Other,2021-09-30,2021-09-30,6562.49,29.22
NIFTYSHARIAH25,NIFTY Shariah 25,Strategy / Thematic / Other,2021-12-31,2021-12-31,6635.56,27.55
NIFTYSHARIAH25,NIFTY Shariah 25,Strategy / Thematic / Other,2022-03-31,2022-03-31,6261.27,25.94
NIFTYSHARIAH25,NIFTY Shariah 25,Strategy / Thematic / Other,2022-06-30,2022-06-30,5675.88,22.21
NIFTYSHARIAH25,NIFTY Shariah 25,Strategy / Thematic / Other,2022-09-30,2022-09-30,6224.05,23.61
NIFTYSHARIAH25,NIFTY Shariah 25,Strategy / Thematic / Other,2022-12-31,2022-12-30,6290.99,25.37
NIFTYSHARIAH25,NIFTY Shariah 25,Strategy / Thematic / Other,2023-03-31,2023-03-31,5916.96,20.56
NIFTYSHARIAH25,NIFTY Shariah 25,Strategy / Thematic / Other,2023-06-30,2023-06-30,6467.32,23.54
NIFTYSHARIAH25,NIFTY Shariah 25,Strategy / Thematic / Other,2023-09-30,2023-09-29,6737.23,24.62
NIFTYSHARIAH25,NIFTY Shariah 25,Strategy / Thematic / Other,2023-12-31,2023-12-29,7591.14,26.01
NIFTYSHARIAH25,NIFTY Shariah 25,Strategy / Thematic / Other,2024-03-31,2024-03-28,7731.52,26.69
NIFTYSHARIAH25,NIFTY Shariah 25,Strategy / Thematic / Other,2024-06-30,2024-06-28,8434.38,27.07
NIFTYSHARIAH25,NIFTY Shariah 25,Strategy / Thematic / Other,2024-09-30,2024-09-30,9396.81,30.98
NIFTYSHARIAH25,NIFTY Shariah 25,Strategy / Thematic / Other,2024-12-31,2024-12-31,8475.35,28.49
NIFTYSHARIAH25,NIFTY Shariah 25,Strategy / Thematic / Other,2025-03-31,2025-03-28,7879.35,26.24
NIFTYSHARIAH25,NIFTY Shariah 25,Strategy / Thematic / Other,2025-06-30,2025-06-30,8325.2,26.91
NIFTYSHARIAH25,NIFTY Shariah 25,Strategy / Thematic / Other,2025-09-30,2025-09-30,8011.7,28.89
NIFTYSHARIAH25,NIFTY Shariah 25,Strategy / Thematic / Other,2025-12-31,2025-12-31,8401.9,29.52
NIFTYSHARIAH25,NIFTY Shariah 25,Strategy / Thematic / Other,2026-03-31,2026-03-30,7255.85,25.54
NIFTYSHARIAH25,NIFTY Shariah 25,Strategy / Thematic / Other,2026-06-30,2026-06-30,7605.4,25.62
NIFTYSMALLCAP100,NIFTY Smallcap 100,Broad Market,2015-12-31,2015-12-31,5653.3,25.08
NIFTYSMALLCAP100,NIFTY Smallcap 100,Broad Market,2016-03-31,2016-03-31,4884.85,43.18
NIFTYSMALLCAP100,NIFTY Smallcap 100,Broad Market,2018-06-30,2018-06-29,7177.75,71.79
NIFTYSMALLCAP100,NIFTY Smallcap 100,Broad Market,2018-09-30,2018-09-28,6150.95,119.84
NIFTYSMALLCAP100,NIFTY Smallcap 100,Broad Market,2018-12-31,2018-12-31,6449.15,34.39
NIFTYSMALLCAP100,NIFTY Smallcap 100,Broad Market,2019-03-31,2019-03-29,6672.55,30.47
NIFTYSMALLCAP100,NIFTY Smallcap 100,Broad Market,2019-06-30,2019-06-28,6200.15,36.12
NIFTYSMALLCAP100,NIFTY Smallcap 100,Broad Market,2019-09-30,2019-09-30,5593.75,64.2
NIFTYSMALLCAP100,NIFTY Smallcap 100,Broad Market,2019-12-31,2019-12-31,5834.75,100.44
NIFTYSMALLCAP100,NIFTY Smallcap 100,Broad Market,2020-03-31,2020-03-31,3594.7,
NIFTYSMALLCAP100,NIFTY Smallcap 100,Broad Market,2020-06-30,2020-06-30,4614.95,18.19
NIFTYSMALLCAP100,NIFTY Smallcap 100,Broad Market,2020-09-30,2020-09-30,5822.95,72.12
NIFTYSMALLCAP100,NIFTY Smallcap 100,Broad Market,2020-12-31,2020-12-31,7087.6,37.92
NIFTYSMALLCAP100,NIFTY Smallcap 100,Broad Market,2021-03-31,2021-03-31,8113.15,55.94
NIFTYSMALLCAP100,NIFTY Smallcap 100,Broad Market,2021-06-30,2021-06-30,9733.75,41.11
NIFTYSMALLCAP100,NIFTY Smallcap 100,Broad Market,2021-09-30,2021-09-30,10890,28.01
NIFTYSMALLCAP100,NIFTY Smallcap 100,Broad Market,2021-12-31,2021-12-31,11289,32.11
NIFTYSMALLCAP100,NIFTY Smallcap 100,Broad Market,2022-03-31,2022-03-31,10436.25,24.71
NIFTYSMALLCAP100,NIFTY Smallcap 100,Broad Market,2022-06-30,2022-06-30,8445.25,18.64
NIFTYSMALLCAP100,NIFTY Smallcap 100,Broad Market,2022-09-30,2022-09-30,9441.8,16.72
NIFTYSMALLCAP100,NIFTY Smallcap 100,Broad Market,2022-12-31,2022-12-30,9731.3,16.78
NIFTYSMALLCAP100,NIFTY Smallcap 100,Broad Market,2023-03-31,2023-03-31,8994.75,16.17
NIFTYSMALLCAP100,NIFTY Smallcap 100,Broad Market,2023-06-30,2023-06-30,10837.1,19.66
NIFTYSMALLCAP100,NIFTY Smallcap 100,Broad Market,2023-09-30,2023-09-29,12748.5,26.14
NIFTYSMALLCAP100,NIFTY Smallcap 100,Broad Market,2023-12-31,2023-12-29,15143.65,28.74
NIFTYSMALLCAP100,NIFTY Smallcap 100,Broad Market,2024-03-31,2024-03-28,15270.45,25.52
NIFTYSMALLCAP100,NIFTY Smallcap 100,Broad Market,2024-06-30,2024-06-28,18317.7,29.28
NIFTYSMALLCAP100,NIFTY Smallcap 100,Broad Market,2024-09-30,2024-09-30,19179.65,35.76
NIFTYSMALLCAP100,NIFTY Smallcap 100,Broad Market,2024-12-31,2024-12-31,18769.2,34.68
NIFTYSMALLCAP100,NIFTY Smallcap 100,Broad Market,2025-03-31,2025-03-28,16095.7,28.92
NIFTYSMALLCAP100,NIFTY Smallcap 100,Broad Market,2025-06-30,2025-06-30,19075.1,33.69
NIFTYSMALLCAP100,NIFTY Smallcap 100,Broad Market,2025-09-30,2025-09-30,17562.75,30.33
NIFTYSMALLCAP100,NIFTY Smallcap 100,Broad Market,2025-12-31,2025-12-31,17713.95,32.18
NIFTYSMALLCAP100,NIFTY Smallcap 100,Broad Market,2026-03-31,2026-03-30,15203.8,25.91
NIFTYSMALLCAP100,NIFTY Smallcap 100,Broad Market,2026-06-30,2026-06-30,18863.1,32.52
NIFTYSMALLCAP250,NIFTY Smallcap 250,Broad Market,2016-06-30,2016-06-30,4586.69,1979.15
NIFTYSMALLCAP250,NIFTY Smallcap 250,Broad Market,2016-09-30,2016-09-30,4923.76,
NIFTYSMALLCAP250,NIFTY Smallcap 250,Broad Market,2016-12-31,2016-12-30,4599.77,
NIFTYSMALLCAP250,NIFTY Smallcap 250,Broad Market,2017-03-31,2017-03-31,5596.81,99.48
NIFTYSMALLCAP250,NIFTY Smallcap 250,Broad Market,2017-06-30,2017-06-30,5982.5,107.21
NIFTYSMALLCAP250,NIFTY Smallcap 250,Broad Market,2017-09-30,2017-09-29,6093.86,68.97
NIFTYSMALLCAP250,NIFTY Smallcap 250,Broad Market,2017-12-31,2017-12-29,7234.34,92.89
NIFTYSMALLCAP250,NIFTY Smallcap 250,Broad Market,2018-03-31,2018-03-28,6270.82,98.94
NIFTYSMALLCAP250,NIFTY Smallcap 250,Broad Market,2018-06-30,2018-06-29,5786.49,87.88
NIFTYSMALLCAP250,NIFTY Smallcap 250,Broad Market,2018-09-30,2018-09-28,5130.04,63.81
NIFTYSMALLCAP250,NIFTY Smallcap 250,Broad Market,2018-12-31,2018-12-31,5295.48,43.17
NIFTYSMALLCAP250,NIFTY Smallcap 250,Broad Market,2019-03-31,2019-03-29,5438.8,34.27
NIFTYSMALLCAP250,NIFTY Smallcap 250,Broad Market,2019-06-30,2019-06-28,5138.55,34.66
NIFTYSMALLCAP250,NIFTY Smallcap 250,Broad Market,2019-09-30,2019-09-30,4677.4,51.16
NIFTYSMALLCAP250,NIFTY Smallcap 250,Broad Market,2019-12-31,2019-12-31,4857.4,49.53
NIFTYSMALLCAP250,NIFTY Smallcap 250,Broad Market,2020-03-31,2020-03-31,3201.6,54.62
NIFTYSMALLCAP250,NIFTY Smallcap 250,Broad Market,2020-06-30,2020-06-30,4067.25,28.24
NIFTYSMALLCAP250,NIFTY Smallcap 250,Broad Market,2020-09-30,2020-09-30,5000.7,57.29
NIFTYSMALLCAP250,NIFTY Smallcap 250,Broad Market,2020-12-31,2020-12-31,6076.2,41.1
NIFTYSMALLCAP250,NIFTY Smallcap 250,Broad Market,2021-03-31,2021-03-31,6952.55,43.3
NIFTYSMALLCAP250,NIFTY Smallcap 250,Broad Market,2021-06-30,2021-06-30,8452.25,36.81
NIFTYSMALLCAP250,NIFTY Smallcap 250,Broad Market,2021-09-30,2021-09-30,9364.5,28.86
NIFTYSMALLCAP250,NIFTY Smallcap 250,Broad Market,2021-12-31,2021-12-31,9840,31.04
NIFTYSMALLCAP250,NIFTY Smallcap 250,Broad Market,2022-03-31,2022-03-31,9441.45,24.41
NIFTYSMALLCAP250,NIFTY Smallcap 250,Broad Market,2022-06-30,2022-06-30,8088.6,19.63
NIFTYSMALLCAP250,NIFTY Smallcap 250,Broad Market,2022-09-30,2022-09-30,9198.75,18.82
NIFTYSMALLCAP250,NIFTY Smallcap 250,Broad Market,2022-12-31,2022-12-30,9481.25,19.04
NIFTYSMALLCAP250,NIFTY Smallcap 250,Broad Market,2023-03-31,2023-03-31,8787.9,16.94
NIFTYSMALLCAP250,NIFTY Smallcap 250,Broad Market,2023-06-30,2023-06-30,10544.2,20.79
NIFTYSMALLCAP250,NIFTY Smallcap 250,Broad Market,2023-09-30,2023-09-29,12230.4,24.54
NIFTYSMALLCAP250,NIFTY Smallcap 250,Broad Market,2023-12-31,2023-12-29,14041.3,27.37
NIFTYSMALLCAP250,NIFTY Smallcap 250,Broad Market,2024-03-31,2024-03-28,14330.5,26.6
NIFTYSMALLCAP250,NIFTY Smallcap 250,Broad Market,2024-06-30,2024-06-28,17111.05,30.7
NIFTYSMALLCAP250,NIFTY Smallcap 250,Broad Market,2024-09-30,2024-09-30,18410.7,33.49
NIFTYSMALLCAP250,NIFTY Smallcap 250,Broad Market,2024-12-31,2024-12-31,17752.25,34.39
NIFTYSMALLCAP250,NIFTY Smallcap 250,Broad Market,2025-03-31,2025-03-28,15104.05,29.42
NIFTYSMALLCAP250,NIFTY Smallcap 250,Broad Market,2025-06-30,2025-06-30,17797.8,33.87
NIFTYSMALLCAP250,NIFTY Smallcap 250,Broad Market,2025-09-30,2025-09-30,16692.75,29.96
NIFTYSMALLCAP250,NIFTY Smallcap 250,Broad Market,2025-12-31,2025-12-31,16684.75,29.38
NIFTYSMALLCAP250,NIFTY Smallcap 250,Broad Market,2026-03-31,2026-03-30,14288.45,25.86
NIFTYSMALLCAP250,NIFTY Smallcap 250,Broad Market,2026-06-30,2026-06-30,17720.3,35.52
NIFTYSMALLCAP250MOMENTUMQUALITY100,NIFTY Smallcap250 Momentum Quality 100,Strategy / Thematic / Other,2023-12-31,2023-12-29,41504,26.38
NIFTYSMALLCAP250MOMENTUMQUALITY100,NIFTY Smallcap250 Momentum Quality 100,Strategy / Thematic / Other,2024-03-31,2024-03-28,42767.46,25.97
NIFTYSMALLCAP250MOMENTUMQUALITY100,NIFTY Smallcap250 Momentum Quality 100,Strategy / Thematic / Other,2024-06-30,2024-06-28,50989.02,29.86
NIFTYSMALLCAP250MOMENTUMQUALITY100,NIFTY Smallcap250 Momentum Quality 100,Strategy / Thematic / Other,2024-09-30,2024-09-30,53129.67,29.27
NIFTYSMALLCAP250MOMENTUMQUALITY100,NIFTY Smallcap250 Momentum Quality 100,Strategy / Thematic / Other,2024-12-31,2024-12-31,50124.1,32.2
NIFTYSMALLCAP250MOMENTUMQUALITY100,NIFTY Smallcap250 Momentum Quality 100,Strategy / Thematic / Other,2025-03-31,2025-03-28,42183.85,26.77
NIFTYSMALLCAP250MOMENTUMQUALITY100,NIFTY Smallcap250 Momentum Quality 100,Strategy / Thematic / Other,2025-06-30,2025-06-30,48564.4,29.98
NIFTYSMALLCAP250MOMENTUMQUALITY100,NIFTY Smallcap250 Momentum Quality 100,Strategy / Thematic / Other,2025-09-30,2025-09-30,44464.55,28.01
NIFTYSMALLCAP250MOMENTUMQUALITY100,NIFTY Smallcap250 Momentum Quality 100,Strategy / Thematic / Other,2025-12-31,2025-12-31,43985.5,30.09
NIFTYSMALLCAP250MOMENTUMQUALITY100,NIFTY Smallcap250 Momentum Quality 100,Strategy / Thematic / Other,2026-03-31,2026-03-30,37605.15,24.4
NIFTYSMALLCAP250MOMENTUMQUALITY100,NIFTY Smallcap250 Momentum Quality 100,Strategy / Thematic / Other,2026-06-30,2026-06-30,46410.35,28.5
NIFTYSMALLCAP250QUALITY50,NIFTY Smallcap250 Quality 50,Strategy / Thematic / Other,2023-03-31,2023-03-31,14900.5,18.36
NIFTYSMALLCAP250QUALITY50,NIFTY Smallcap250 Quality 50,Strategy / Thematic / Other,2023-06-30,2023-06-30,17546.3,19.52
NIFTYSMALLCAP250QUALITY50,NIFTY Smallcap250 Quality 50,Strategy / Thematic / Other,2023-09-30,2023-09-29,19568.93,22.63
NIFTYSMALLCAP250QUALITY50,NIFTY Smallcap250 Quality 50,Strategy / Thematic / Other,2023-12-31,2023-12-29,23128.57,23.35
NIFTYSMALLCAP250QUALITY50,NIFTY Smallcap250 Quality 50,Strategy / Thematic / Other,2024-03-31,2024-03-28,22958.69,22.95
NIFTYSMALLCAP250QUALITY50,NIFTY Smallcap250 Quality 50,Strategy / Thematic / Other,2024-06-30,2024-06-28,27652.01,27
NIFTYSMALLCAP250QUALITY50,NIFTY Smallcap250 Quality 50,Strategy / Thematic / Other,2024-09-30,2024-09-30,30601.31,29.46
NIFTYSMALLCAP250QUALITY50,NIFTY Smallcap250 Quality 50,Strategy / Thematic / Other,2024-12-31,2024-12-31,29159.15,26.41
NIFTYSMALLCAP250QUALITY50,NIFTY Smallcap250 Quality 50,Strategy / Thematic / Other,2025-03-31,2025-03-28,24133.35,22.83
NIFTYSMALLCAP250QUALITY50,NIFTY Smallcap250 Quality 50,Strategy / Thematic / Other,2025-06-30,2025-06-30,28179.45,28.37
NIFTYSMALLCAP250QUALITY50,NIFTY Smallcap250 Quality 50,Strategy / Thematic / Other,2025-09-30,2025-09-30,25830.55,26.45
NIFTYSMALLCAP250QUALITY50,NIFTY Smallcap250 Quality 50,Strategy / Thematic / Other,2025-12-31,2025-12-31,25536,25.1
NIFTYSMALLCAP250QUALITY50,NIFTY Smallcap250 Quality 50,Strategy / Thematic / Other,2026-03-31,2026-03-30,21675.8,20.83
NIFTYSMALLCAP250QUALITY50,NIFTY Smallcap250 Quality 50,Strategy / Thematic / Other,2026-06-30,2026-06-30,24777.65,25.51
NIFTYSMALLCAP50,NIFTY Smallcap 50,Broad Market,2016-06-30,2016-06-30,3095.04,38.3
NIFTYSMALLCAP50,NIFTY Smallcap 50,Broad Market,2016-09-30,2016-09-30,3361.47,59.82
NIFTYSMALLCAP50,NIFTY Smallcap 50,Broad Market,2016-12-31,2016-12-30,3065.15,63.23
NIFTYSMALLCAP50,NIFTY Smallcap 50,Broad Market,2017-03-31,2017-03-31,3822.79,56.37
NIFTYSMALLCAP50,NIFTY Smallcap 50,Broad Market,2017-06-30,2017-06-30,4143.79,41.57
NIFTYSMALLCAP50,NIFTY Smallcap 50,Broad Market,2017-09-30,2017-09-29,4115.69,37.37
NIFTYSMALLCAP50,NIFTY Smallcap 50,Broad Market,2017-12-31,2017-12-29,4731.14,57.77
NIFTYSMALLCAP50,NIFTY Smallcap 50,Broad Market,2018-03-31,2018-03-28,3994.75,79.25
NIFTYSMALLCAP50,NIFTY Smallcap 50,Broad Market,2018-06-30,2018-06-29,3628.85,
NIFTYSMALLCAP50,NIFTY Smallcap 50,Broad Market,2018-09-30,2018-09-28,2963.3,
NIFTYSMALLCAP50,NIFTY Smallcap 50,Broad Market,2018-12-31,2018-12-31,3170.29,55.77
NIFTYSMALLCAP50,NIFTY Smallcap 50,Broad Market,2019-03-31,2019-03-29,3257.3,23.09
NIFTYSMALLCAP50,NIFTY Smallcap 50,Broad Market,2019-06-30,2019-06-28,2993.75,16.25
NIFTYSMALLCAP50,NIFTY Smallcap 50,Broad Market,2019-09-30,2019-09-30,2680.45,22.89
NIFTYSMALLCAP50,NIFTY Smallcap 50,Broad Market,2019-12-31,2019-12-31,2813.2,22.73
NIFTYSMALLCAP50,NIFTY Smallcap 50,Broad Market,2020-03-31,2020-03-31,1743.15,13.57
NIFTYSMALLCAP50,NIFTY Smallcap 50,Broad Market,2020-06-30,2020-06-30,2178.2,17.83
NIFTYSMALLCAP50,NIFTY Smallcap 50,Broad Market,2020-09-30,2020-09-30,2911.4,29.31
NIFTYSMALLCAP50,NIFTY Smallcap 50,Broad Market,2020-12-31,2020-12-31,3535.05,36.74
NIFTYSMALLCAP50,NIFTY Smallcap 50,Broad Market,2021-03-31,2021-03-31,4055.4,64.36
NIFTYSMALLCAP50,NIFTY Smallcap 50,Broad Market,2021-06-30,2021-06-30,4891.35,60.54
NIFTYSMALLCAP50,NIFTY Smallcap 50,Broad Market,2021-09-30,2021-09-30,5340.7,29.25
NIFTYSMALLCAP50,NIFTY Smallcap 50,Broad Market,2021-12-31,2021-12-31,5330.75,33.52
NIFTYSMALLCAP50,NIFTY Smallcap 50,Broad Market,2022-03-31,2022-03-31,4801.45,31.59
NIFTYSMALLCAP50,NIFTY Smallcap 50,Broad Market,2022-06-30,2022-06-30,3848.55,22.84
NIFTYSMALLCAP50,NIFTY Smallcap 50,Broad Market,2022-09-30,2022-09-30,4265.9,19.04
NIFTYSMALLCAP50,NIFTY Smallcap 50,Broad Market,2022-12-31,2022-12-30,4341.95,20.28
NIFTYSMALLCAP50,NIFTY Smallcap 50,Broad Market,2023-03-31,2023-03-31,4097.7,16.24
NIFTYSMALLCAP50,NIFTY Smallcap 50,Broad Market,2023-06-30,2023-06-30,4899.5,19.43
NIFTYSMALLCAP50,NIFTY Smallcap 50,Broad Market,2023-09-30,2023-09-29,5883.3,25.39
NIFTYSMALLCAP50,NIFTY Smallcap 50,Broad Market,2023-12-31,2023-12-29,7132.1,28.81
NIFTYSMALLCAP50,NIFTY Smallcap 50,Broad Market,2024-03-31,2024-03-28,7029.95,22.83
NIFTYSMALLCAP50,NIFTY Smallcap 50,Broad Market,2024-06-30,2024-06-28,8575.6,26.31
NIFTYSMALLCAP50,NIFTY Smallcap 50,Broad Market,2024-09-30,2024-09-30,9206.85,32.43
NIFTYSMALLCAP50,NIFTY Smallcap 50,Broad Market,2024-12-31,2024-12-31,8937.2,30.88
NIFTYSMALLCAP50,NIFTY Smallcap 50,Broad Market,2025-03-31,2025-03-28,7724.65,30.01
NIFTYSMALLCAP50,NIFTY Smallcap 50,Broad Market,2025-06-30,2025-06-30,9187.3,35.38
NIFTYSMALLCAP50,NIFTY Smallcap 50,Broad Market,2025-09-30,2025-09-30,8395.4,29.13
NIFTYSMALLCAP50,NIFTY Smallcap 50,Broad Market,2025-12-31,2025-12-31,8606.1,31.9
NIFTYSMALLCAP50,NIFTY Smallcap 50,Broad Market,2026-03-31,2026-03-30,7465.05,24.26
NIFTYSMALLCAP50,NIFTY Smallcap 50,Broad Market,2026-06-30,2026-06-30,9332.55,31.84
NIFTYSMALLCAP500,NIFTY Smallcap 500,Broad Market,2026-03-31,2026-03-30,15971.9,24.87
NIFTYSMALLCAP500,NIFTY Smallcap 500,Broad Market,2026-06-30,2026-06-30,20169.55,32.95
NIFTYSMALLFINANCEBANKSMICROFINANCEINSTITUTIONS,NIFTY Small Finance Banks & Microfinance Institutions,Strategy / Thematic / Other,2026-06-30,2026-06-30,1388.32,
NIFTYSMEEMERGE,NIFTY Sme Emerge,Strategy / Thematic / Other,2017-12-31,2017-12-29,1819.47,33.59
NIFTYSMEEMERGE,NIFTY Sme Emerge,Strategy / Thematic / Other,2018-03-31,2018-03-28,1640.53,29.81
NIFTYSMEEMERGE,NIFTY Sme Emerge,Strategy / Thematic / Other,2018-06-30,2018-06-29,1692.78,27.19
NIFTYSMEEMERGE,NIFTY Sme Emerge,Strategy / Thematic / Other,2018-09-30,2018-09-28,1564.85,16.24
NIFTYSMEEMERGE,NIFTY Sme Emerge,Strategy / Thematic / Other,2018-12-31,2018-12-31,1542.09,17.32
NIFTYSMEEMERGE,NIFTY Sme Emerge,Strategy / Thematic / Other,2019-03-31,2019-03-29,1504.88,16.48
NIFTYSMEEMERGE,NIFTY Sme Emerge,Strategy / Thematic / Other,2019-06-30,2019-06-28,1467.08,15.52
NIFTYSMEEMERGE,NIFTY Sme Emerge,Strategy / Thematic / Other,2019-09-30,2019-09-30,1362.95,13.08
NIFTYSMEEMERGE,NIFTY Sme Emerge,Strategy / Thematic / Other,2019-12-31,2019-12-31,1345.7,13.56
NIFTYSMEEMERGE,NIFTY Sme Emerge,Strategy / Thematic / Other,2020-03-31,2020-03-31,1060.42,10.68
NIFTYSMEEMERGE,NIFTY Sme Emerge,Strategy / Thematic / Other,2020-06-30,2020-06-30,1187.21,15.6
NIFTYSMEEMERGE,NIFTY Sme Emerge,Strategy / Thematic / Other,2020-09-30,2020-09-30,1470.75,31.22
NIFTYSMEEMERGE,NIFTY Sme Emerge,Strategy / Thematic / Other,2020-12-31,2020-12-31,1688.31,65.55
NIFTYSMEEMERGE,NIFTY Sme Emerge,Strategy / Thematic / Other,2021-03-31,2021-03-31,1794.26,
NIFTYSMEEMERGE,NIFTY Sme Emerge,Strategy / Thematic / Other,2021-06-30,2021-06-30,2616.17,263.45
NIFTYSMEEMERGE,NIFTY Sme Emerge,Strategy / Thematic / Other,2021-09-30,2021-09-30,3200.47,101.49
NIFTYSMEEMERGE,NIFTY Sme Emerge,Strategy / Thematic / Other,2021-12-31,2021-12-31,3825,47.29
NIFTYSMEEMERGE,NIFTY Sme Emerge,Strategy / Thematic / Other,2022-03-31,2022-03-31,4653.26,55.6
NIFTYSMEEMERGE,NIFTY Sme Emerge,Strategy / Thematic / Other,2022-06-30,2022-06-30,4451.97,122.11
NIFTYSMEEMERGE,NIFTY Sme Emerge,Strategy / Thematic / Other,2022-09-30,2022-09-30,5593.53,90.36
NIFTYSMEEMERGE,NIFTY Sme Emerge,Strategy / Thematic / Other,2022-12-31,2022-12-30,6529.07,83.18
NIFTYSMEEMERGE,NIFTY Sme Emerge,Strategy / Thematic / Other,2023-03-31,2023-03-31,6164.19,43.1
NIFTYSMEEMERGE,NIFTY Sme Emerge,Strategy / Thematic / Other,2023-06-30,2023-06-30,7570.15,60.91
NIFTYSMEEMERGE,NIFTY Sme Emerge,Strategy / Thematic / Other,2023-09-30,2023-09-29,9251.2,51.94
NIFTYSMEEMERGE,NIFTY Sme Emerge,Strategy / Thematic / Other,2023-12-31,2023-12-29,10786.23,55.91
NIFTYSMEEMERGE,NIFTY Sme Emerge,Strategy / Thematic / Other,2024-03-31,2024-03-28,11041.17,70.49
NIFTYSMEEMERGE,NIFTY Sme Emerge,Strategy / Thematic / Other,2024-06-30,2024-06-28,14295.93,95.38
NIFTYSMEEMERGE,NIFTY Sme Emerge,Strategy / Thematic / Other,2024-09-30,2024-09-30,16287.65,119.52
NIFTYSMEEMERGE,NIFTY Sme Emerge,Strategy / Thematic / Other,2024-12-31,2024-12-31,16606.35,148.76
NIFTYSMEEMERGE,NIFTY Sme Emerge,Strategy / Thematic / Other,2025-03-31,2025-03-28,12666.01,33.41
NIFTYSMEEMERGE,NIFTY Sme Emerge,Strategy / Thematic / Other,2025-06-30,2025-06-30,14783.58,33.22
NIFTYSMEEMERGE,NIFTY Sme Emerge,Strategy / Thematic / Other,2025-09-30,2025-09-30,15195.22,27.24
NIFTYSMEEMERGE,NIFTY Sme Emerge,Strategy / Thematic / Other,2025-12-31,2025-12-31,14365,27.8
NIFTYSMEEMERGE,NIFTY Sme Emerge,Strategy / Thematic / Other,2026-03-31,2026-03-30,11025.8,17.23
NIFTYSMEEMERGE,NIFTY Sme Emerge,Strategy / Thematic / Other,2026-06-30,2026-06-30,14023.9,22.85
NIFTYSUGARETHANOL,NIFTY Sugar & Ethanol,Strategy / Thematic / Other,2026-06-30,2026-06-30,2435.77,25.02
NIFTYTATAGROUP,NIFTY Tata Group,Strategy / Thematic / Other,2015-12-31,2015-12-31,4436.38,29.19
NIFTYTATAGROUP,NIFTY Tata Group,Strategy / Thematic / Other,2016-03-31,2016-03-31,4489.12,27.9
NIFTYTATAGROUP,NIFTY Tata Group,Strategy / Thematic / Other,2016-06-30,2016-06-30,4771.21,25.75
NIFTYTATAGROUP,NIFTY Tata Group,Strategy / Thematic / Other,2016-09-30,2016-09-30,4846.9,26.14
NIFTYTATAGROUP,NIFTY Tata Group,Strategy / Thematic / Other,2016-12-31,2016-12-30,4591.08,27.14
NIFTYTATAGROUP,NIFTY Tata Group,Strategy / Thematic / Other,2017-03-31,2017-03-31,4904.5,27.53
NIFTYTATAGROUP,NIFTY Tata Group,Strategy / Thematic / Other,2017-06-30,2017-06-30,4831.54,31.32
NIFTYTATAGROUP,NIFTY Tata Group,Strategy / Thematic / Other,2017-09-30,2017-09-29,4980.27,31.75
NIFTYTATAGROUP,NIFTY Tata Group,Strategy / Thematic / Other,2017-12-31,2017-12-29,5674.17,49.7
NIFTYTATAGROUP,NIFTY Tata Group,Strategy / Thematic / Other,2018-03-31,2018-03-28,5527.11,47.94
NIFTYTATAGROUP,NIFTY Tata Group,Strategy / Thematic / Other,2018-06-30,2018-06-29,6314.39,54.75
NIFTYTATAGROUP,NIFTY Tata Group,Strategy / Thematic / Other,2018-09-30,2018-09-28,6926.74,33.89
NIFTYTATAGROUP,NIFTY Tata Group,Strategy / Thematic / Other,2018-12-31,2018-12-31,6228.13,26.97
NIFTYTATAGROUP,NIFTY Tata Group,Strategy / Thematic / Other,2019-03-31,2019-03-29,6575.24,26.75
NIFTYTATAGROUP,NIFTY Tata Group,Strategy / Thematic / Other,2019-06-30,2019-06-28,7190.26,27.5
NIFTYTATAGROUP,NIFTY Tata Group,Strategy / Thematic / Other,2019-09-30,2019-09-30,6672.4,23.17
NIFTYTATAGROUP,NIFTY Tata Group,Strategy / Thematic / Other,2019-12-31,2019-12-31,6989.57,24.32
NIFTYTATAGROUP,NIFTY Tata Group,Strategy / Thematic / Other,2020-03-31,2020-03-31,5533.12,20.57
NIFTYTATAGROUP,NIFTY Tata Group,Strategy / Thematic / Other,2020-06-30,2020-06-30,6360.14,26.75
NIFTYTATAGROUP,NIFTY Tata Group,Strategy / Thematic / Other,2020-09-30,2020-09-30,7668.58,52.31
NIFTYTATAGROUP,NIFTY Tata Group,Strategy / Thematic / Other,2020-12-31,2020-12-31,9218.15,63.07
NIFTYTATAGROUP,NIFTY Tata Group,Strategy / Thematic / Other,2021-03-31,2021-03-31,10451.06,94.59
NIFTYTATAGROUP,NIFTY Tata Group,Strategy / Thematic / Other,2021-06-30,2021-06-30,11557.2,61.88
NIFTYTATAGROUP,NIFTY Tata Group,Strategy / Thematic / Other,2021-09-30,2021-09-30,13102.48,40.96
NIFTYTATAGROUP,NIFTY Tata Group,Strategy / Thematic / Other,2021-12-31,2021-12-31,13691.43,36.13
NIFTYTATAGROUP,NIFTY Tata Group,Strategy / Thematic / Other,2022-03-31,2022-03-31,13923.78,34.73
NIFTYTATAGROUP,NIFTY Tata Group,Strategy / Thematic / Other,2022-06-30,2022-06-30,11828.35,25.31
NIFTYTATAGROUP,NIFTY Tata Group,Strategy / Thematic / Other,2022-09-30,2022-09-30,12029.87,25.39
NIFTYTATAGROUP,NIFTY Tata Group,Strategy / Thematic / Other,2022-12-31,2022-12-30,12453.8,29.38
NIFTYTATAGROUP,NIFTY Tata Group,Strategy / Thematic / Other,2023-03-31,2023-03-31,12334.14,31.55
NIFTYTATAGROUP,NIFTY Tata Group,Strategy / Thematic / Other,2023-06-30,2023-06-30,13737.69,34.92
NIFTYTATAGROUP,NIFTY Tata Group,Strategy / Thematic / Other,2023-09-30,2023-09-29,14833.8,36.11
NIFTYTATAGROUP,NIFTY Tata Group,Strategy / Thematic / Other,2023-12-31,2023-12-29,16688.27,41.06
NIFTYTATAGROUP,NIFTY Tata Group,Strategy / Thematic / Other,2024-03-31,2024-03-28,17983.85,39.74
NIFTYTATAGROUP25CAP,NIFTY Tata Group 25% Cap,Strategy / Thematic / Other,2015-12-31,2015-12-31,3563.73,23.29
NIFTYTATAGROUP25CAP,NIFTY Tata Group 25% Cap,Strategy / Thematic / Other,2016-03-31,2016-03-31,3578.54,23.6
NIFTYTATAGROUP25CAP,NIFTY Tata Group 25% Cap,Strategy / Thematic / Other,2016-06-30,2016-06-30,3952.16,26.23
NIFTYTATAGROUP25CAP,NIFTY Tata Group 25% Cap,Strategy / Thematic / Other,2016-09-30,2016-09-30,4267.14,27.27
NIFTYTATAGROUP25CAP,NIFTY Tata Group 25% Cap,Strategy / Thematic / Other,2016-12-31,2016-12-30,3962.16,33.88
NIFTYTATAGROUP25CAP,NIFTY Tata Group 25% Cap,Strategy / Thematic / Other,2017-03-31,2017-03-31,4381.25,35.3
NIFTYTATAGROUP25CAP,NIFTY Tata Group 25% Cap,Strategy / Thematic / Other,2017-06-30,2017-06-30,4370.89,43.25
NIFTYTATAGROUP25CAP,NIFTY Tata Group 25% Cap,Strategy / Thematic / Other,2017-09-30,2017-09-29,4500.62,46.97
NIFTYTATAGROUP25CAP,NIFTY Tata Group 25% Cap,Strategy / Thematic / Other,2017-12-31,2017-12-29,5218.09,49.41
NIFTYTATAGROUP25CAP,NIFTY Tata Group 25% Cap,Strategy / Thematic / Other,2018-03-31,2018-03-28,4749.54,41.83
NIFTYTATAGROUP25CAP,NIFTY Tata Group 25% Cap,Strategy / Thematic / Other,2018-06-30,2018-06-29,4829.75,62.61
NIFTYTATAGROUP25CAP,NIFTY Tata Group 25% Cap,Strategy / Thematic / Other,2018-09-30,2018-09-28,4805.67,36.46
NIFTYTATAGROUP25CAP,NIFTY Tata Group 25% Cap,Strategy / Thematic / Other,2018-12-31,2018-12-31,4514.91,28.14
NIFTYTATAGROUP25CAP,NIFTY Tata Group 25% Cap,Strategy / Thematic / Other,2019-03-31,2019-03-29,4724.04,26.65
NIFTYTATAGROUP25CAP,NIFTY Tata Group 25% Cap,Strategy / Thematic / Other,2019-06-30,2019-06-28,5038.13,25.24
NIFTYTATAGROUP25CAP,NIFTY Tata Group 25% Cap,Strategy / Thematic / Other,2019-09-30,2019-09-30,4552.1,19.16
NIFTYTATAGROUP25CAP,NIFTY Tata Group 25% Cap,Strategy / Thematic / Other,2019-12-31,2019-12-31,4956.03,21.45
NIFTYTATAGROUP25CAP,NIFTY Tata Group 25% Cap,Strategy / Thematic / Other,2020-03-31,2020-03-31,3488.7,17.07
NIFTYTATAGROUP25CAP,NIFTY Tata Group 25% Cap,Strategy / Thematic / Other,2020-06-30,2020-06-30,4076.81,27.94
NIFTYTATAGROUP25CAP,NIFTY Tata Group 25% Cap,Strategy / Thematic / Other,2020-09-30,2020-09-30,4995.38,70.82
NIFTYTATAGROUP25CAP,NIFTY Tata Group 25% Cap,Strategy / Thematic / Other,2020-12-31,2020-12-31,6470.55,161.57
NIFTYTATAGROUP25CAP,NIFTY Tata Group 25% Cap,Strategy / Thematic / Other,2021-03-31,2021-03-31,7663.38,
NIFTYTATAGROUP25CAP,NIFTY Tata Group 25% Cap,Strategy / Thematic / Other,2021-06-30,2021-06-30,8841.32,116.04
NIFTYTATAGROUP25CAP,NIFTY Tata Group 25% Cap,Strategy / Thematic / Other,2021-09-30,2021-09-30,10071.07,32.19
NIFTYTATAGROUP25CAP,NIFTY Tata Group 25% Cap,Strategy / Thematic / Other,2021-12-31,2021-12-31,10705.17,25.66
NIFTYTATAGROUP25CAP,NIFTY Tata Group 25% Cap,Strategy / Thematic / Other,2022-03-31,2022-03-31,11000.12,23.81
NIFTYTATAGROUP25CAP,NIFTY Tata Group 25% Cap,Strategy / Thematic / Other,2022-06-30,2022-06-30,9012.92,15.91
NIFTYTATAGROUP25CAP,NIFTY Tata Group 25% Cap,Strategy / Thematic / Other,2022-09-30,2022-09-30,9890.5,18.82
NIFTYTATAGROUP25CAP,NIFTY Tata Group 25% Cap,Strategy / Thematic / Other,2022-12-31,2022-12-30,9916.96,22.35
NIFTYTATAGROUP25CAP,NIFTY Tata Group 25% Cap,Strategy / Thematic / Other,2023-03-31,2023-03-31,9758.16,29.76
NIFTYTATAGROUP25CAP,NIFTY Tata Group 25% Cap,Strategy / Thematic / Other,2023-06-30,2023-06-30,11439.17,38.3
NIFTYTATAGROUP25CAP,NIFTY Tata Group 25% Cap,Strategy / Thematic / Other,2023-09-30,2023-09-29,12298.61,42.44
NIFTYTATAGROUP25CAP,NIFTY Tata Group 25% Cap,Strategy / Thematic / Other,2023-12-31,2023-12-29,14350.45,56.09
NIFTYTATAGROUP25CAP,NIFTY Tata Group 25% Cap,Strategy / Thematic / Other,2024-03-31,2024-03-28,16000.59,45.1
NIFTYTELECOMMUNICATIONS,NIFTY Telecommunications,Sectoral,2026-06-30,2026-06-30,3723.45,15.98
NIFTYTOP10EQUALWEIGHT,NIFTY Top 10 Equal Weight,Strategy / Thematic / Other,2024-06-30,2024-06-28,9117.72,23.68
NIFTYTOP10EQUALWEIGHT,NIFTY Top 10 Equal Weight,Strategy / Thematic / Other,2024-09-30,2024-09-30,9806.71,24.18
NIFTYTOP10EQUALWEIGHT,NIFTY Top 10 Equal Weight,Strategy / Thematic / Other,2024-12-31,2024-12-31,9303.8,22.13
NIFTYTOP10EQUALWEIGHT,NIFTY Top 10 Equal Weight,Strategy / Thematic / Other,2025-03-31,2025-03-28,9338.7,21.32
NIFTYTOP10EQUALWEIGHT,NIFTY Top 10 Equal Weight,Strategy / Thematic / Other,2025-06-30,2025-06-30,9935.45,22.08
NIFTYTOP10EQUALWEIGHT,NIFTY Top 10 Equal Weight,Strategy / Thematic / Other,2025-09-30,2025-09-30,9228.2,20.18
NIFTYTOP10EQUALWEIGHT,NIFTY Top 10 Equal Weight,Strategy / Thematic / Other,2025-12-31,2025-12-31,10044.55,21.67
NIFTYTOP10EQUALWEIGHT,NIFTY Top 10 Equal Weight,Strategy / Thematic / Other,2026-03-31,2026-03-30,8195.7,17.98
NIFTYTOP10EQUALWEIGHT,NIFTY Top 10 Equal Weight,Strategy / Thematic / Other,2026-06-30,2026-06-30,8507.45,18.13
NIFTYTOP15EQUALWEIGHT,NIFTY Top 15 Equal Weight,Strategy / Thematic / Other,2024-12-31,2024-12-31,9589.6,21.85
NIFTYTOP15EQUALWEIGHT,NIFTY Top 15 Equal Weight,Strategy / Thematic / Other,2025-03-31,2025-03-28,9741.9,20.83
NIFTYTOP15EQUALWEIGHT,NIFTY Top 15 Equal Weight,Strategy / Thematic / Other,2025-06-30,2025-06-30,10413,21.87
NIFTYTOP15EQUALWEIGHT,NIFTY Top 15 Equal Weight,Strategy / Thematic / Other,2025-09-30,2025-09-30,10321.85,21.13
NIFTYTOP15EQUALWEIGHT,NIFTY Top 15 Equal Weight,Strategy / Thematic / Other,2025-12-31,2025-12-31,11051.3,22.52
NIFTYTOP15EQUALWEIGHT,NIFTY Top 15 Equal Weight,Strategy / Thematic / Other,2026-03-31,2026-03-30,9129.2,18.92
NIFTYTOP15EQUALWEIGHT,NIFTY Top 15 Equal Weight,Strategy / Thematic / Other,2026-06-30,2026-06-30,9669.8,19.35
NIFTYTOP20EQUALWEIGHT,NIFTY Top 20 Equal Weight,Strategy / Thematic / Other,2024-12-31,2024-12-31,8769.95,22.61
NIFTYTOP20EQUALWEIGHT,NIFTY Top 20 Equal Weight,Strategy / Thematic / Other,2025-03-31,2025-03-28,8708.95,21.46
NIFTYTOP20EQUALWEIGHT,NIFTY Top 20 Equal Weight,Strategy / Thematic / Other,2025-06-30,2025-06-30,9280.15,23.1
NIFTYTOP20EQUALWEIGHT,NIFTY Top 20 Equal Weight,Strategy / Thematic / Other,2025-09-30,2025-09-30,9059.5,22.63
NIFTYTOP20EQUALWEIGHT,NIFTY Top 20 Equal Weight,Strategy / Thematic / Other,2025-12-31,2025-12-31,9685.15,24.08
NIFTYTOP20EQUALWEIGHT,NIFTY Top 20 Equal Weight,Strategy / Thematic / Other,2026-03-31,2026-03-30,8160.7,21.13
NIFTYTOP20EQUALWEIGHT,NIFTY Top 20 Equal Weight,Strategy / Thematic / Other,2026-06-30,2026-06-30,8556.55,21.07
NIFTYTOTALMARKET,NIFTY Total Market,Broad Market,2021-12-31,2021-12-31,8340.8,25.6
NIFTYTOTALMARKET,NIFTY Total Market,Broad Market,2022-03-31,2022-03-31,8280.9,23.92
NIFTYTOTALMARKET,NIFTY Total Market,Broad Market,2022-06-30,2022-06-30,7446.9,20.31
NIFTYTOTALMARKET,NIFTY Total Market,Broad Market,2022-09-30,2022-09-30,8257.7,21.88
NIFTYTOTALMARKET,NIFTY Total Market,Broad Market,2022-12-31,2022-12-30,8604.4,22.97
NIFTYTOTALMARKET,NIFTY Total Market,Broad Market,2023-03-31,2023-03-31,8102.1,21.25
NIFTYTOTALMARKET,NIFTY Total Market,Broad Market,2023-06-30,2023-06-30,9174.8,23.56
NIFTYTOTALMARKET,NIFTY Total Market,Broad Market,2023-09-30,2023-09-29,9702.5,23.54
NIFTYTOTALMARKET,NIFTY Total Market,Broad Market,2023-12-31,2023-12-29,10910.4,24.65
NIFTYTOTALMARKET,NIFTY Total Market,Broad Market,2024-03-31,2024-03-28,11363.9,24.84
NIFTYTOTALMARKET,NIFTY Total Market,Broad Market,2024-06-30,2024-06-28,12694.1,26.37
NIFTYTOTALMARKET,NIFTY Total Market,Broad Market,2024-09-30,2024-09-30,13661.3,28.12
NIFTYTOTALMARKET,NIFTY Total Market,Broad Market,2024-12-31,2024-12-31,12633.4,25.72
NIFTYTOTALMARKET,NIFTY Total Market,Broad Market,2025-03-31,2025-03-28,11984.9,23.47
NIFTYTOTALMARKET,NIFTY Total Market,Broad Market,2025-06-30,2025-06-30,13291.45,25.31
NIFTYTOTALMARKET,NIFTY Total Market,Broad Market,2025-09-30,2025-09-30,12785.95,23.95
NIFTYTOTALMARKET,NIFTY Total Market,Broad Market,2025-12-31,2025-12-31,13393.85,24.55
NIFTYTOTALMARKET,NIFTY Total Market,Broad Market,2026-03-31,2026-03-30,11507.05,21.29
NIFTYTOTALMARKET,NIFTY Total Market,Broad Market,2026-06-30,2026-06-30,12978.5,22.93
NIFTYTOTALMARKETMOMENTUMQUALITY50,NIFTY Total Market Momentum Quality 50,Strategy / Thematic / Other,2025-09-30,2025-09-30,41896,42.49
NIFTYTOTALMARKETMOMENTUMQUALITY50,NIFTY Total Market Momentum Quality 50,Strategy / Thematic / Other,2025-12-31,2025-12-31,41578.65,32.63
NIFTYTOTALMARKETMOMENTUMQUALITY50,NIFTY Total Market Momentum Quality 50,Strategy / Thematic / Other,2026-03-31,2026-03-30,37787.95,28.21
NIFTYTOTALMARKETMOMENTUMQUALITY50,NIFTY Total Market Momentum Quality 50,Strategy / Thematic / Other,2026-06-30,2026-06-30,43805.15,35.9
NIFTYTRANSPORTATIONLOGISTICS,NIFTY Transportation & Logistics,Strategy / Thematic / Other,2022-03-31,2022-03-31,10512.17,69.61
NIFTYTRANSPORTATIONLOGISTICS,NIFTY Transportation & Logistics,Strategy / Thematic / Other,2022-06-30,2022-06-30,10895.6,61.27
NIFTYTRANSPORTATIONLOGISTICS,NIFTY Transportation & Logistics,Strategy / Thematic / Other,2022-09-30,2022-09-30,12195.4,57.16
NIFTYTRANSPORTATIONLOGISTICS,NIFTY Transportation & Logistics,Strategy / Thematic / Other,2022-12-31,2022-12-30,12115.84,46.28
NIFTYTRANSPORTATIONLOGISTICS,NIFTY Transportation & Logistics,Strategy / Thematic / Other,2023-03-31,2023-03-31,11536.06,36.45
NIFTYTRANSPORTATIONLOGISTICS,NIFTY Transportation & Logistics,Strategy / Thematic / Other,2023-06-30,2023-06-30,14260.54,35.01
NIFTYTRANSPORTATIONLOGISTICS,NIFTY Transportation & Logistics,Strategy / Thematic / Other,2023-09-30,2023-09-29,15364.52,28.78
NIFTYTRANSPORTATIONLOGISTICS,NIFTY Transportation & Logistics,Strategy / Thematic / Other,2023-12-31,2023-12-29,17732.31,29.42
NIFTYTRANSPORTATIONLOGISTICS,NIFTY Transportation & Logistics,Strategy / Thematic / Other,2024-03-31,2024-03-28,20552.69,31.03
NIFTYTRANSPORTATIONLOGISTICS,NIFTY Transportation & Logistics,Strategy / Thematic / Other,2024-06-30,2024-06-28,23961,30.18
NIFTYTRANSPORTATIONLOGISTICS,NIFTY Transportation & Logistics,Strategy / Thematic / Other,2024-09-30,2024-09-30,25742.68,32.76
NIFTYTRANSPORTATIONLOGISTICS,NIFTY Transportation & Logistics,Strategy / Thematic / Other,2024-12-31,2024-12-31,22232.3,28.68
NIFTYTRANSPORTATIONLOGISTICS,NIFTY Transportation & Logistics,Strategy / Thematic / Other,2025-03-31,2025-03-28,20212.4,25.75
NIFTYTRANSPORTATIONLOGISTICS,NIFTY Transportation & Logistics,Strategy / Thematic / Other,2025-06-30,2025-06-30,23264,30.79
NIFTYTRANSPORTATIONLOGISTICS,NIFTY Transportation & Logistics,Strategy / Thematic / Other,2025-09-30,2025-09-30,25386.4,34.78
NIFTYTRANSPORTATIONLOGISTICS,NIFTY Transportation & Logistics,Strategy / Thematic / Other,2025-12-31,2025-12-31,25814.7,38.49
NIFTYTRANSPORTATIONLOGISTICS,NIFTY Transportation & Logistics,Strategy / Thematic / Other,2026-03-31,2026-03-30,21520,36.29
NIFTYTRANSPORTATIONLOGISTICS,NIFTY Transportation & Logistics,Strategy / Thematic / Other,2026-06-30,2026-06-30,24527,42.12
NIFTYWAVES,NIFTY Waves,Strategy / Thematic / Other,2025-06-30,2025-06-30,2232.89,
NIFTYWAVES,NIFTY Waves,Strategy / Thematic / Other,2025-09-30,2025-09-30,2095.57,
NIFTYWAVES,NIFTY Waves,Strategy / Thematic / Other,2025-12-31,2025-12-31,2077.65,
NIFTYWAVES,NIFTY Waves,Strategy / Thematic / Other,2026-03-31,2026-03-30,1582.65,
NIFTYWAVES,NIFTY Waves,Strategy / Thematic / Other,2026-06-30,2026-06-30,1935.4,
