date,slug,index_name,group,close,pe,pe_percentile,yoy_eps_growth,valuation_score,growth_score,composite_score,signal
2026-09-18,nifty-100,NIFTY 100,Broad Market,24498.75,19.6,0.0378787878788,0.0629455141864,96.2121212121,45.1782056746,80.9019465509,BUY
2026-09-18,nifty-200,NIFTY 200,Broad Market,13636.5,21.09,0.0530303030303,0.0660088637191,94.696969697,46.4035454876,80.2089424342,BUY
2026-09-18,nifty-50,NIFTY 50,Broad Market,23346.4,19.74,0.0530303030303,0.0387820820751,94.696969697,35.51283283,76.9417286369,BUY
2026-09-18,nifty-500,NIFTY 500,Broad Market,22840.55,22.13,0.174242424242,0.0795512016096,82.5757575758,51.8204806438,73.3491744962,BUY
2026-09-18,nifty-alpha-50,NIFTY Alpha 50,Strategy / Thematic / Other,56192.35,23.48,0.1953125,1.05957240785,80.46875,100,86.328125,BUY
2026-09-18,nifty-alpha-low-volatility-30,NIFTY Alpha Low-Volatility 30,Strategy / Thematic / Other,26110.95,25.1,0.280303030303,0.291714135634,71.9696969697,100,80.3787878788,BUY
2026-09-18,nifty-alpha-quality-low-volatility-30,NIFTY Alpha Quality Low-Volatility 30,Strategy / Thematic / Other,22138.1,28.64,0.234848484848,0.268773782642,76.5151515152,100,83.5606060606,BUY
2026-09-18,nifty-alpha-quality-value-low-volatility-30,NIFTY Alpha Quality Value Low-Volatility 30,Strategy / Thematic / Other,19516.45,16.15,0.0984848484848,0.421101556449,90.1515151515,100,93.1060606061,BUY
2026-09-18,nifty-auto,NIFTY Auto,Sectoral,27129,31.52,0.583333333333,-0.116612723557,41.6666666667,20,35.1666666667,SELL
2026-09-18,nifty-bank,NIFTY Bank,Sectoral,56358.7,13.33,0.0530303030303,0.151684224853,94.696969697,80.3368449705,90.388932279,BUY
2026-09-18,nifty-commodities,NIFTY Commodities,Strategy / Thematic / Other,9566.55,14.82,0.44696969697,0.236305275151,55.303030303,97.2610550301,67.8904377212,HOLD
2026-09-18,nifty-cpse,NIFTY Cpse,Strategy / Thematic / Other,6327.6,12.18,0.537878787879,0.092521120154,46.2121212121,57.0084480616,49.451019267,HOLD
2026-09-18,nifty-dividend-opportunities-50,NIFTY Dividend Opportunities 50,Strategy / Thematic / Other,5639.9,12.8,0.113636363636,0.0613695504873,88.6363636364,44.5478201949,75.4098006039,BUY
2026-09-18,nifty-energy,NIFTY Energy,Sectoral,37773.55,14.65,0.613636363636,0.126164122144,38.6363636364,70.4656488577,48.1851492028,HOLD
2026-09-18,nifty-financial-services,NIFTY Financial Services,Sectoral,25510,15.65,0.0378787878788,0.0665954326142,96.2121212121,46.6381730457,81.3399367622,BUY
2026-09-18,nifty-fmcg,NIFTY FMCG,Sectoral,45466.8,31.54,0.00757575757576,0.0806149067741,99.2424242424,52.2459627096,85.1434857826,BUY
2026-09-18,nifty-growth-sectors-15,NIFTY Growth Sectors 15,Strategy / Thematic / Other,10899.75,26.47,0.0227272727273,0.185941820224,97.7272727273,87.1883640448,94.5656001225,BUY
2026-09-18,nifty-high-beta-50,NIFTY High Beta 50,Strategy / Thematic / Other,4358.55,20.86,0.55303030303,-0.0951322401634,44.696969697,20,37.2878787879,SELL
2026-09-18,nifty-india-consumption,NIFTY India Consumption,Strategy / Thematic / Other,11460.7,37.32,0.0833333333333,0.0488048334537,91.6666666667,39.5219333815,76.0232466811,BUY
2026-09-18,nifty-infrastructure,NIFTY Infrastructure,Strategy / Thematic / Other,9071.3,22.38,0.689393939394,-0.0259768288704,31.0606060606,20,27.7424242424,SELL
2026-09-18,nifty-it,NIFTY IT,Sectoral,28854.55,18.41,0.0227272727273,0.131881959322,97.7272727273,72.7527837286,90.2349260277,BUY
2026-09-18,nifty-largemidcap-250,NIFTY LargeMidcap 250,Broad Market,16385.6,23.35,0.174242424242,0.138831853487,82.5757575758,75.5327413946,80.4628527214,BUY
2026-09-18,nifty-low-volatility-50,NIFTY Low Volatility 50,Strategy / Thematic / Other,23785.4,25.27,0.0833333333333,0.262060518265,91.6666666667,100,94.1666666667,BUY
2026-09-18,nifty-metal,NIFTY Metal,Sectoral,13052.6,15.89,0.371212121212,0.572708449504,62.8787878788,100,74.0151515152,BUY
2026-09-18,nifty-midcap-100,NIFTY Midcap 100,Broad Market,62191.25,29.97,0.477272727273,0.130766731094,52.2727272727,72.3066924376,58.2829168222,HOLD
2026-09-18,nifty-midcap-150,NIFTY Midcap 150,Broad Market,22901.85,28.64,0.401515151515,0.237145092285,59.8484848485,97.429018457,71.122644931,BUY
2026-09-18,nifty-midcap-50,NIFTY Midcap 50,Broad Market,17882.9,35.17,0.689393939394,0.142760179357,31.0606060606,77.1040717428,44.8736457653,HOLD
2026-09-18,nifty-midsmallcap-400,NIFTY Midsmallcap 400,Broad Market,21238.65,30.22,0.462121212121,0.165098754271,53.7878787879,83.0197508541,62.5574404077,HOLD
2026-09-18,nifty-mnc,NIFTY Mnc,Strategy / Thematic / Other,31687.05,34.39,0.130769230769,0.08219057314,86.9230769231,52.876229256,76.709022623,BUY
2026-09-18,nifty-next-50,NIFTY Next 50,Broad Market,72025.4,19.04,0.0530303030303,0.170301862125,94.696969697,84.0603724251,91.5059905154,BUY
2026-09-18,nifty-pharma,NIFTY Pharma,Sectoral,26710.1,41.36,0.962121212121,-0.0631047566657,3.78787878788,20,8.65151515152,SELL
2026-09-18,nifty-private-bank,NIFTY Private Bank,Sectoral,27290,16.99,0.340909090909,0.0774131256887,65.9090909091,50.9652502755,61.425938719,HOLD
2026-09-18,nifty-pse,NIFTY Pse,Strategy / Thematic / Other,9597,10.89,0.613636363636,0.0729521854943,38.6363636364,49.1808741977,41.7997168048,HOLD
2026-09-18,nifty-quality-low-volatility-30,NIFTY Quality Low-Volatility 30,Strategy / Thematic / Other,16068.5,26.18,0.0681818181818,0.0680461435996,93.1818181818,47.2184574398,79.3928099592,BUY
2026-09-18,nifty-realty,NIFTY Realty,Sectoral,844.2,35.85,0.0846153846154,0.129140486143,91.5384615385,71.6561944571,85.5737814141,BUY
2026-09-18,nifty-services-sector,NIFTY Services Sector,Strategy / Thematic / Other,30073.1,18.54,0.0227272727273,0.0389831544512,97.7272727273,35.5932617805,79.0870694432,BUY
2026-09-18,nifty-shariah-25,NIFTY Shariah 25,Strategy / Thematic / Other,7631.1,25.64,0.371212121212,-0.0494735548311,62.8787878788,20,50.0151515152,HOLD
2026-09-18,nifty-smallcap-100,NIFTY Smallcap 100,Broad Market,19875.7,31.48,0.704545454545,0.128667447201,29.5454545455,71.4669788805,42.121911846,HOLD
2026-09-18,nifty-smallcap-250,NIFTY Smallcap 250,Broad Market,18287.4,33.74,0.856060606061,0.0346195290955,14.3939393939,33.8478116382,20.2301010672,SELL
2026-09-18,nifty-smallcap-50,NIFTY Smallcap 50,Broad Market,9956.65,31.87,0.742424242424,0.225829820798,25.7575757576,95.1659641595,46.5800922782,HOLD
2026-09-18,nifty-sme-emerge,NIFTY Sme Emerge,Strategy / Thematic / Other,14965.15,22.82,0.0859375,0.134601009538,91.40625,73.8404038152,86.1364961445,BUY
2026-09-18,nifty100-enhanced-esg,Nifty100 Enhanced ESG,Strategy / Thematic / Other,4898.3,20.64,0.0378787878788,0.0880487136766,96.2121212121,55.2194854706,83.9143304897,BUY
2026-09-18,nifty100-equal-weight,Nifty100 Equal Weight,Strategy / Thematic / Other,33968,20.45,0.143939393939,0.158184044863,85.6060606061,81.6368089727,84.415285116,BUY
2026-09-18,nifty100-esg,Nifty100 ESG,Strategy / Thematic / Other,4866.15,20.66,0.0378787878788,0.0747085131978,96.2121212121,49.8834052791,82.3135064322,BUY
2026-09-18,nifty100-low-volatility-30,Nifty100 Low Volatility 30,Strategy / Thematic / Other,19359.85,23.9,0.189393939394,0.239481527511,81.0606060606,97.8963055022,86.1113158931,BUY
2026-09-18,nifty100-quality-30,Nifty100 Quality 30,Strategy / Thematic / Other,5444.35,26.22,0.0681818181818,0.0789807970964,93.1818181818,51.5923188385,80.7049683788,BUY
2026-09-18,nifty200-quality-30,Nifty200 Quality 30,Strategy / Thematic / Other,19561.45,26.51,0.113636363636,0.0134742378938,88.6363636364,25.3896951575,69.6623630927,HOLD
2026-09-18,nifty50-equal-weight,Nifty50 Equal Weight,Strategy / Thematic / Other,31943.2,23.33,0.674242424242,0.0256798438713,32.5757575758,30.2719375485,31.8846115676,SELL
2026-09-18,nifty50-shariah,Nifty50 Shariah,Strategy / Thematic / Other,4069.15,22.59,0.159090909091,-0.0832634608035,84.0909090909,20,64.8636363636,HOLD
2026-09-18,nifty50-value-20,Nifty50 Value 20,Strategy / Thematic / Other,11450.55,14.25,0.00757575757576,0.0614753098649,99.2424242424,44.590123946,82.8467341535,BUY
2026-09-18,nifty500-shariah,Nifty500 Shariah,Strategy / Thematic / Other,6817.85,27.5,0.295454545455,0.00334184088583,70.4545454545,21.3367363543,55.7192027245,HOLD
2026-09-21,nifty-100,NIFTY 100,Broad Market,24560.35,19.65,0.0378787878788,0.0627925178774,96.2121212121,45.117007151,80.8835869938,BUY
2026-09-21,nifty-200,NIFTY 200,Broad Market,13655.8,21.12,0.0757575757576,0.0660153891319,92.4242424242,46.4061556528,78.6188163928,BUY
2026-09-21,nifty-50,NIFTY 50,Broad Market,23414.3,19.79,0.0530303030303,0.0393954034603,94.696969697,35.7581613841,77.0153272031,BUY
2026-09-21,nifty-500,NIFTY 500,Broad Market,22860.05,22.15,0.174242424242,0.0792218560124,82.5757575758,51.688742405,73.3096530245,BUY
2026-09-21,nifty-alpha-50,NIFTY Alpha 50,Strategy / Thematic / Other,55808.95,23.32,0.1953125,1.0596215628,80.46875,100,86.328125,BUY
2026-09-21,nifty-alpha-low-volatility-30,NIFTY Alpha Low-Volatility 30,Strategy / Thematic / Other,26224.3,25.2,0.280303030303,0.292292118005,71.9696969697,100,80.3787878788,BUY
2026-09-21,nifty-alpha-quality-low-volatility-30,NIFTY Alpha Quality Low-Volatility 30,Strategy / Thematic / Other,22277.35,28.82,0.280303030303,0.268780256322,71.9696969697,100,80.3787878788,BUY
2026-09-21,nifty-alpha-quality-value-low-volatility-30,NIFTY Alpha Quality Value Low-Volatility 30,Strategy / Thematic / Other,19627.15,16.24,0.0984848484848,0.421073031203,90.1515151515,100,93.1060606061,BUY
2026-09-21,nifty-auto,NIFTY Auto,Sectoral,27151.1,31.55,0.583333333333,-0.116648549668,41.6666666667,20,35.1666666667,SELL
2026-09-21,nifty-bank,NIFTY Bank,Sectoral,56470.65,13.36,0.0530303030303,0.151621947711,94.696969697,80.3243895421,90.3851956505,BUY
2026-09-21,nifty-commodities,NIFTY Commodities,Strategy / Thematic / Other,9543.65,14.79,0.44696969697,0.235870885948,55.303030303,97.1741771895,67.864374369,HOLD
2026-09-21,nifty-cpse,NIFTY Cpse,Strategy / Thematic / Other,6354.05,12.23,0.537878787879,0.0925951917509,46.2121212121,57.0380767004,49.4599078586,HOLD
2026-09-21,nifty-dividend-opportunities-50,NIFTY Dividend Opportunities 50,Strategy / Thematic / Other,5644.75,12.82,0.113636363636,0.0609484544246,88.6363636364,44.3793817699,75.3592690764,BUY
2026-09-21,nifty-energy,NIFTY Energy,Sectoral,37818.55,14.67,0.613636363636,0.1265004657,38.6363636364,70.6001862802,48.2255104295,HOLD
2026-09-21,nifty-financial-services,NIFTY Financial Services,Sectoral,25524.7,15.65,0.0378787878788,0.0673283987496,96.2121212121,46.9313594999,81.4278926984,BUY
2026-09-21,nifty-fmcg,NIFTY FMCG,Sectoral,45900.9,31.84,0.00757575757576,0.0805733758976,99.2424242424,52.229350359,85.1385020774,BUY
2026-09-21,nifty-growth-sectors-15,NIFTY Growth Sectors 15,Strategy / Thematic / Other,10942.1,26.58,0.0227272727273,0.185338576013,97.7272727273,87.0677152025,94.5294054699,BUY
2026-09-21,nifty-high-beta-50,NIFTY High Beta 50,Strategy / Thematic / Other,4340.45,20.77,0.537878787879,-0.0951141603485,46.2121212121,20,38.3484848485,SELL
2026-09-21,nifty-india-consumption,NIFTY India Consumption,Strategy / Thematic / Other,11509.3,37.48,0.0984848484848,0.0486741170237,90.1515151515,39.4696468095,74.9469546489,BUY
2026-09-21,nifty-infrastructure,NIFTY Infrastructure,Strategy / Thematic / Other,9058.2,22.35,0.689393939394,-0.0264298971038,31.0606060606,20,27.7424242424,SELL
2026-09-21,nifty-it,NIFTY IT,Sectoral,28830.9,18.39,0.0227272727273,0.131936196718,97.7272727273,72.7744786872,90.2414345153,BUY
2026-09-21,nifty-largemidcap-250,NIFTY LargeMidcap 250,Broad Market,16374.9,23.34,0.174242424242,0.138476739779,82.5757575758,75.3906959116,80.4202390765,BUY
2026-09-21,nifty-low-volatility-50,NIFTY Low Volatility 50,Strategy / Thematic / Other,23881.2,25.38,0.113636363636,0.261509217697,88.6363636364,100,92.0454545455,BUY
2026-09-21,nifty-metal,NIFTY Metal,Sectoral,12972.7,15.79,0.371212121212,0.57244329122,62.8787878788,100,74.0151515152,BUY
2026-09-21,nifty-midcap-100,NIFTY Midcap 100,Broad Market,62013.1,29.89,0.477272727273,0.130491857493,52.2727272727,72.1967429971,58.24993199,HOLD
2026-09-21,nifty-midcap-150,NIFTY Midcap 150,Broad Market,22816.8,28.53,0.401515151515,0.23720125669,59.8484848485,97.4402513381,71.1260147954,BUY
2026-09-21,nifty-midcap-50,NIFTY Midcap 50,Broad Market,17879.65,35.16,0.689393939394,0.143066575201,31.0606060606,77.2266300803,44.9104132665,HOLD
2026-09-21,nifty-midsmallcap-400,NIFTY Midsmallcap 400,Broad Market,21183.7,30.14,0.462121212121,0.165224087039,53.7878787879,83.0448174079,62.5649603739,HOLD
2026-09-21,nifty-mnc,NIFTY Mnc,Strategy / Thematic / Other,31562.65,34.25,0.115384615385,0.0822029776722,88.4615384615,52.8811910689,77.7874342437,BUY
2026-09-21,nifty-next-50,NIFTY Next 50,Broad Market,72083.95,19.06,0.0530303030303,0.169782327519,94.696969697,83.9564655039,91.474818439,BUY
2026-09-21,nifty-pharma,NIFTY Pharma,Sectoral,27021.15,41.84,0.962121212121,-0.0631487923886,3.78787878788,20,8.65151515152,SELL
2026-09-21,nifty-private-bank,NIFTY Private Bank,Sectoral,27370.1,17.04,0.356060606061,0.0772729846848,64.3939393939,50.9091938739,60.3485157379,HOLD
2026-09-21,nifty-pse,NIFTY Pse,Strategy / Thematic / Other,9604,10.9,0.613636363636,0.0730490359553,38.6363636364,49.2196143821,41.8113388601,HOLD
2026-09-21,nifty-quality-low-volatility-30,NIFTY Quality Low-Volatility 30,Strategy / Thematic / Other,16175.2,26.35,0.0681818181818,0.0681041161721,93.1818181818,47.2416464688,79.3997666679,BUY
2026-09-21,nifty-realty,NIFTY Realty,Sectoral,853.85,36.26,0.0846153846154,0.129334416569,91.5384615385,71.7337666274,85.5970530651,BUY
2026-09-21,nifty-services-sector,NIFTY Services Sector,Strategy / Thematic / Other,30061.5,18.54,0.0227272727273,0.0386961256648,97.7272727273,35.4784502659,79.0526259889,BUY
2026-09-21,nifty-shariah-25,NIFTY Shariah 25,Strategy / Thematic / Other,7688.4,25.83,0.386363636364,-0.0493981554823,61.3636363636,20,48.9545454545,HOLD
2026-09-21,nifty-smallcap-100,NIFTY Smallcap 100,Broad Market,19861.5,31.46,0.704545454545,0.128600657576,29.5454545455,71.4402630306,42.113897091,HOLD
2026-09-21,nifty-smallcap-250,NIFTY Smallcap 250,Broad Market,18279.05,33.73,0.856060606061,0.0342590076112,14.3939393939,33.7036030445,20.1868384891,SELL
2026-09-21,nifty-smallcap-50,NIFTY Smallcap 50,Broad Market,9948.15,31.85,0.734848484848,0.225578775388,26.5151515152,95.1157550775,47.0953325839,HOLD
2026-09-21,nifty-sme-emerge,NIFTY Sme Emerge,Strategy / Thematic / Other,14910.1,22.73,0.0859375,0.134835015093,91.40625,73.9340060372,86.1645768112,BUY
2026-09-21,nifty100-enhanced-esg,Nifty100 Enhanced ESG,Strategy / Thematic / Other,4896.6,20.63,0.0378787878788,0.0882277302565,96.2121212121,55.2910921026,83.9358124793,BUY
2026-09-21,nifty100-equal-weight,Nifty100 Equal Weight,Strategy / Thematic / Other,34009.2,20.48,0.151515151515,0.158097069287,84.8484848485,81.6194138573,83.8797635511,BUY
2026-09-21,nifty100-esg,Nifty100 ESG,Strategy / Thematic / Other,4864.6,20.65,0.0378787878788,0.0749006644917,96.2121212121,49.9602657967,82.3365645875,BUY
2026-09-21,nifty100-low-volatility-30,Nifty100 Low Volatility 30,Strategy / Thematic / Other,19461.2,24.03,0.189393939394,0.239037672167,81.0606060606,97.8075344335,86.0846845725,BUY
2026-09-21,nifty100-quality-30,Nifty100 Quality 30,Strategy / Thematic / Other,5478.9,26.39,0.0681818181818,0.0790204928923,93.1818181818,51.6081971569,80.7097318743,BUY
2026-09-21,nifty200-quality-30,Nifty200 Quality 30,Strategy / Thematic / Other,19649.4,26.63,0.128787878788,0.0134502614103,87.1212121212,25.3801045641,68.5988798541,HOLD
2026-09-21,nifty50-equal-weight,Nifty50 Equal Weight,Strategy / Thematic / Other,32027.45,23.39,0.674242424242,0.0259367212238,32.5757575758,30.3746884895,31.9154368499,SELL
2026-09-21,nifty50-shariah,Nifty50 Shariah,Strategy / Thematic / Other,4088.05,22.69,0.159090909091,-0.0833709193454,84.0909090909,20,64.8636363636,HOLD
2026-09-21,nifty50-value-20,Nifty50 Value 20,Strategy / Thematic / Other,11510.2,14.32,0.00757575757576,0.061686185406,99.2424242424,44.6744741624,82.8720392184,BUY
2026-09-21,nifty500-shariah,Nifty500 Shariah,Strategy / Thematic / Other,6832.35,27.56,0.295454545455,0.00327115564762,70.4545454545,21.308462259,55.7107204959,HOLD
2026-09-22,nifty-100,NIFTY 100,Broad Market,24469.75,19.58,0.0378787878788,0.0625455558063,96.2121212121,45.0182223225,80.8539515452,BUY
2026-09-22,nifty-200,NIFTY 200,Broad Market,13613.4,21.06,0.0530303030303,0.0659491669309,94.696969697,46.3796667724,80.2017788196,BUY
2026-09-22,nifty-50,NIFTY 50,Broad Market,23329,19.72,0.0530303030303,0.0392637770816,94.696969697,35.7055108326,76.9995320377,BUY
2026-09-22,nifty-500,NIFTY 500,Broad Market,22794.2,22.09,0.174242424242,0.0790363164132,82.5757575758,51.6145265653,73.2873882726,BUY
2026-09-22,nifty-alpha-50,NIFTY Alpha 50,Strategy / Thematic / Other,55466.15,23.18,0.1953125,1.05932423572,80.46875,100,86.328125,BUY
2026-09-22,nifty-alpha-low-volatility-30,NIFTY Alpha Low-Volatility 30,Strategy / Thematic / Other,26098.3,25.08,0.280303030303,0.292058286062,71.9696969697,100,80.3787878788,BUY
2026-09-22,nifty-alpha-quality-low-volatility-30,NIFTY Alpha Quality Low-Volatility 30,Strategy / Thematic / Other,22203.7,28.72,0.25,0.269168268769,75,100,82.5,BUY
2026-09-22,nifty-alpha-quality-value-low-volatility-30,NIFTY Alpha Quality Value Low-Volatility 30,Strategy / Thematic / Other,19555.6,16.18,0.0984848484848,0.420827558401,90.1515151515,100,93.1060606061,BUY
2026-09-22,nifty-auto,NIFTY Auto,Sectoral,27086.3,31.47,0.583333333333,-0.116612401057,41.6666666667,20,35.1666666667,SELL
2026-09-22,nifty-bank,NIFTY Bank,Sectoral,56215.55,13.3,0.0530303030303,0.151395280354,94.696969697,80.2790560708,90.3715956091,BUY
2026-09-22,nifty-commodities,NIFTY Commodities,Strategy / Thematic / Other,9549.35,14.8,0.44696969697,0.235774123848,55.303030303,97.1548247695,67.858568643,HOLD
2026-09-22,nifty-cpse,NIFTY Cpse,Strategy / Thematic / Other,6382.85,12.29,0.55303030303,0.0923587121558,44.696969697,56.9434848623,48.3709242466,HOLD
2026-09-22,nifty-dividend-opportunities-50,NIFTY Dividend Opportunities 50,Strategy / Thematic / Other,5626.45,12.77,0.0984848484848,0.0616756549892,90.1515151515,44.6702619957,76.5071392048,BUY
2026-09-22,nifty-energy,NIFTY Energy,Sectoral,37727,14.64,0.606060606061,0.125511440371,39.3939393939,70.2045761483,48.6371304203,HOLD
2026-09-22,nifty-financial-services,NIFTY Financial Services,Sectoral,25417.95,15.59,0.0378787878788,0.0669229802582,96.2121212121,46.7691921033,81.3792424795,BUY
2026-09-22,nifty-fmcg,NIFTY FMCG,Sectoral,45657.75,31.68,0.00757575757576,0.0802677108996,99.2424242424,52.1070843598,85.1018222776,BUY
2026-09-22,nifty-growth-sectors-15,NIFTY Growth Sectors 15,Strategy / Thematic / Other,10879.4,26.43,0.0227272727273,0.185441773834,97.7272727273,87.0883547669,94.5355973392,BUY
2026-09-22,nifty-high-beta-50,NIFTY High Beta 50,Strategy / Thematic / Other,4335.15,20.75,0.537878787879,-0.0952425659462,46.2121212121,20,38.3484848485,SELL
2026-09-22,nifty-india-consumption,NIFTY India Consumption,Strategy / Thematic / Other,11487.2,37.41,0.0833333333333,0.048762530474,91.6666666667,39.5050121896,76.0181703235,BUY
2026-09-22,nifty-infrastructure,NIFTY Infrastructure,Strategy / Thematic / Other,9020.8,22.26,0.659090909091,-0.0265920209356,34.0909090909,20,29.8636363636,SELL
2026-09-22,nifty-it,NIFTY IT,Sectoral,28582.1,18.23,0.0227272727273,0.132388104247,97.7272727273,72.9552416986,90.2956634187,BUY
2026-09-22,nifty-largemidcap-250,NIFTY LargeMidcap 250,Broad Market,16334.35,23.28,0.159090909091,0.138684960921,84.0909090909,75.4739843686,81.5058316742,BUY
2026-09-22,nifty-low-volatility-50,NIFTY Low Volatility 50,Strategy / Thematic / Other,23790.7,25.28,0.0984848484848,0.261819490128,90.1515151515,100,93.1060606061,BUY
2026-09-22,nifty-metal,NIFTY Metal,Sectoral,12990.35,15.82,0.371212121212,0.572003976645,62.8787878788,100,74.0151515152,BUY
2026-09-22,nifty-midcap-100,NIFTY Midcap 100,Broad Market,61963.15,29.86,0.477272727273,0.130898225113,52.2727272727,72.3592900453,58.2986961045,HOLD
2026-09-22,nifty-midcap-150,NIFTY Midcap 150,Broad Market,22787.2,28.5,0.401515151515,0.236912825284,59.8484848485,97.3825650569,71.108708911,BUY
2026-09-22,nifty-midcap-50,NIFTY Midcap 50,Broad Market,17878.6,35.16,0.689393939394,0.142853025034,31.0606060606,77.1412100138,44.8847872466,HOLD
2026-09-22,nifty-midsmallcap-400,NIFTY Midsmallcap 400,Broad Market,21158.3,30.1,0.462121212121,0.165426528403,53.7878787879,83.0853056806,62.5771068557,HOLD
2026-09-22,nifty-mnc,NIFTY Mnc,Strategy / Thematic / Other,31358.8,34.03,0.1,0.0821646110734,90,52.8658444294,78.8597533288,BUY
2026-09-22,nifty-next-50,NIFTY Next 50,Broad Market,71804.05,18.98,0.0530303030303,0.170161784272,94.696969697,84.0323568544,91.4975858442,BUY
2026-09-22,nifty-pharma,NIFTY Pharma,Sectoral,26909.6,41.66,0.962121212121,-0.0628282007969,3.78787878788,20,8.65151515152,SELL
2026-09-22,nifty-private-bank,NIFTY Private Bank,Sectoral,27286,16.99,0.340909090909,0.0770317626524,65.9090909091,50.812705061,61.3801751547,HOLD
2026-09-22,nifty-pse,NIFTY Pse,Strategy / Thematic / Other,9616.7,10.91,0.613636363636,0.0730037794471,38.6363636364,49.2015117788,41.8059080791,HOLD
2026-09-22,nifty-quality-low-volatility-30,NIFTY Quality Low-Volatility 30,Strategy / Thematic / Other,16110.05,26.25,0.0681818181818,0.0678063995853,93.1818181818,47.1225598341,79.3640406775,BUY
2026-09-22,nifty-realty,NIFTY Realty,Sectoral,861.5,36.59,0.1,0.129010472556,90,71.6041890224,84.4812567067,BUY
2026-09-22,nifty-services-sector,NIFTY Services Sector,Strategy / Thematic / Other,29970.75,18.48,0.0151515151515,0.0392686509694,98.4848484848,35.7074603878,79.6516320557,BUY
2026-09-22,nifty-shariah-25,NIFTY Shariah 25,Strategy / Thematic / Other,7632.1,25.64,0.371212121212,-0.049355680677,62.8787878788,20,50.0151515152,HOLD
2026-09-22,nifty-smallcap-100,NIFTY Smallcap 100,Broad Market,19815.45,31.39,0.689393939394,0.128339934327,31.0606060606,71.3359737308,43.1432163617,HOLD
2026-09-22,nifty-smallcap-250,NIFTY Smallcap 250,Broad Market,18260.6,33.69,0.856060606061,0.0346092924674,14.3939393939,33.8437169869,20.2288726718,SELL
2026-09-22,nifty-smallcap-50,NIFTY Smallcap 50,Broad Market,9904.85,31.71,0.704545454545,0.225390109018,29.5454545455,95.0780218035,49.2052247229,HOLD
2026-09-22,nifty-sme-emerge,NIFTY Sme Emerge,Strategy / Thematic / Other,15045.45,22.94,0.1328125,0.134645527876,86.71875,73.8582111502,82.8605883451,BUY
2026-09-22,nifty100-enhanced-esg,Nifty100 Enhanced ESG,Strategy / Thematic / Other,4875.8,20.54,0.0227272727273,0.0883560028542,97.7272727273,55.3424011417,85.0118112516,BUY
2026-09-22,nifty100-equal-weight,Nifty100 Equal Weight,Strategy / Thematic / Other,33903.25,20.42,0.143939393939,0.157743986972,85.6060606061,81.5487973944,84.3888816426,BUY
2026-09-22,nifty100-esg,Nifty100 ESG,Strategy / Thematic / Other,4844.15,20.57,0.0378787878788,0.0743957389742,96.2121212121,49.7582955897,82.2759735254,BUY
2026-09-22,nifty100-low-volatility-30,Nifty100 Low Volatility 30,Strategy / Thematic / Other,19359.9,23.9,0.189393939394,0.239585010309,81.0606060606,97.9170020618,86.117524861,BUY
2026-09-22,nifty100-quality-30,Nifty100 Quality 30,Strategy / Thematic / Other,5463.6,26.32,0.0681818181818,0.0787374751445,93.1818181818,51.4949900578,80.6757697446,BUY
2026-09-22,nifty200-quality-30,Nifty200 Quality 30,Strategy / Thematic / Other,19550.75,26.5,0.113636363636,0.0134069839553,88.6363636364,25.3627935821,69.6542926201,HOLD
2026-09-22,nifty50-equal-weight,Nifty50 Equal Weight,Strategy / Thematic / Other,31948.4,23.33,0.674242424242,0.0258455146264,32.5757575758,30.3382058506,31.9044920582,SELL
2026-09-22,nifty50-shariah,Nifty50 Shariah,Strategy / Thematic / Other,4057.35,22.52,0.159090909091,-0.0833670424284,84.0909090909,20,64.8636363636,HOLD
2026-09-22,nifty50-value-20,Nifty50 Value 20,Strategy / Thematic / Other,11468.45,14.27,0.00757575757576,0.0615978577316,99.2424242424,44.6391430927,82.8614398975,BUY
2026-09-22,nifty500-shariah,Nifty500 Shariah,Strategy / Thematic / Other,6796.3,27.42,0.280303030303,0.00337545639491,71.9696969697,21.350182558,56.7838426462,HOLD
2026-09-23,nifty-100,NIFTY 100,Broad Market,24612.25,19.69,0.0378787878788,0.0628223960219,96.2121212121,45.1289584088,80.8871723711,BUY
2026-09-23,nifty-200,NIFTY 200,Broad Market,13695.95,21.19,0.0833333333333,0.0658245868496,91.6666666667,46.3298347398,78.0656170886,BUY
2026-09-23,nifty-50,NIFTY 50,Broad Market,23446.8,19.82,0.0530303030303,0.0391879043937,94.696969697,35.6751617575,76.9904273151,BUY
2026-09-23,nifty-500,NIFTY 500,Broad Market,22935.1,22.23,0.189393939394,0.0699678700626,81.0606060606,47.9871480251,71.1385686499,BUY
2026-09-23,nifty-alpha-50,NIFTY Alpha 50,Strategy / Thematic / Other,55944.6,23.38,0.1953125,1.05934798041,80.46875,100,86.328125,BUY
2026-09-23,nifty-alpha-low-volatility-30,NIFTY Alpha Low-Volatility 30,Strategy / Thematic / Other,26292.85,25.27,0.280303030303,0.292272833524,71.9696969697,100,80.3787878788,BUY
2026-09-23,nifty-alpha-quality-low-volatility-30,NIFTY Alpha Quality Low-Volatility 30,Strategy / Thematic / Other,22333.25,28.89,0.280303030303,0.268990052112,71.9696969697,100,80.3787878788,BUY
2026-09-23,nifty-alpha-quality-value-low-volatility-30,NIFTY Alpha Quality Value Low-Volatility 30,Strategy / Thematic / Other,19685.5,16.29,0.0984848484848,0.420862595465,90.1515151515,100,93.1060606061,BUY
2026-09-23,nifty-auto,NIFTY Auto,Sectoral,27157.55,31.55,0.583333333333,-0.116284652261,41.6666666667,20,35.1666666667,SELL
2026-09-23,nifty-bank,NIFTY Bank,Sectoral,56548.9,13.38,0.0606060606061,0.151199434786,93.9393939394,80.2398869572,89.8295418447,BUY
2026-09-23,nifty-commodities,NIFTY Commodities,Strategy / Thematic / Other,9646.5,14.95,0.44696969697,0.235754147694,55.303030303,97.1508295388,67.8573700738,HOLD
2026-09-23,nifty-cpse,NIFTY Cpse,Strategy / Thematic / Other,6388.2,12.3,0.55303030303,0.0923778241099,44.696969697,56.9511296439,48.3732176811,HOLD
2026-09-23,nifty-dividend-opportunities-50,NIFTY Dividend Opportunities 50,Strategy / Thematic / Other,5657.15,12.84,0.113636363636,0.061260208439,88.6363636364,44.5040833756,75.3966795581,BUY
2026-09-23,nifty-energy,NIFTY Energy,Sectoral,37759.75,14.65,0.613636363636,0.125913642471,38.6363636364,70.3654569883,48.1550916419,HOLD
2026-09-23,nifty-financial-services,NIFTY Financial Services,Sectoral,25564.85,15.68,0.0378787878788,0.0669082361667,96.2121212121,46.7632944667,81.3774731885,BUY
2026-09-23,nifty-fmcg,NIFTY FMCG,Sectoral,46259.35,32.09,0.0227272727273,0.0806109010938,97.7272727273,52.2443604375,84.0823990404,BUY
2026-09-23,nifty-growth-sectors-15,NIFTY Growth Sectors 15,Strategy / Thematic / Other,10896.4,26.47,0.0227272727273,0.185589335635,97.7272727273,87.1178671269,94.5444510472,BUY
2026-09-23,nifty-high-beta-50,NIFTY High Beta 50,Strategy / Thematic / Other,4373.75,20.93,0.583333333333,-0.0951067521462,41.6666666667,20,35.1666666667,SELL
2026-09-23,nifty-india-consumption,NIFTY India Consumption,Strategy / Thematic / Other,11546.05,37.6,0.0984848484848,0.0487581710749,90.1515151515,39.5032684299,74.957041135,BUY
2026-09-23,nifty-infrastructure,NIFTY Infrastructure,Strategy / Thematic / Other,9095.05,22.44,0.719696969697,-0.0264313805385,28.0303030303,20,25.6212121212,SELL
2026-09-23,nifty-it,NIFTY IT,Sectoral,28334.05,18.08,0.0227272727273,0.131488081457,97.7272727273,72.5952325827,90.1876606839,BUY
2026-09-23,nifty-largemidcap-250,NIFTY LargeMidcap 250,Broad Market,16432.75,23.42,0.174242424242,0.138440767316,82.5757575758,75.3763069262,80.4159223809,BUY
2026-09-23,nifty-low-volatility-50,NIFTY Low Volatility 50,Strategy / Thematic / Other,23934.8,25.43,0.113636363636,0.261866217374,88.6363636364,100,92.0454545455,BUY
2026-09-23,nifty-metal,NIFTY Metal,Sectoral,13302.35,16.2,0.386363636364,0.571891082006,61.3636363636,100,72.9545454545,BUY
2026-09-23,nifty-midcap-100,NIFTY Midcap 100,Broad Market,62396.45,30.07,0.477272727273,0.130873798331,52.2727272727,72.3495193325,58.2957648907,HOLD
2026-09-23,nifty-midcap-150,NIFTY Midcap 150,Broad Market,22928.85,28.67,0.401515151515,0.237179601869,59.8484848485,97.4359203738,71.1247155061,BUY
2026-09-23,nifty-midcap-50,NIFTY Midcap 50,Broad Market,17979.65,35.36,0.704545454545,0.142766989997,29.5454545455,77.1067959988,43.8138569814,HOLD
2026-09-23,nifty-midsmallcap-400,NIFTY Midsmallcap 400,Broad Market,21304.8,30.31,0.477272727273,0.12115496613,52.2727272727,68.4619864518,57.1295050265,HOLD
2026-09-23,nifty-mnc,NIFTY Mnc,Strategy / Thematic / Other,31591.2,34.29,0.115384615385,0.0821504421838,88.4615384615,52.8601768735,77.7811299851,BUY
2026-09-23,nifty-next-50,NIFTY Next 50,Broad Market,72462.4,19.16,0.0530303030303,0.170265813959,94.696969697,84.0531627919,91.5038276254,BUY
2026-09-23,nifty-pharma,NIFTY Pharma,Sectoral,27152.1,42.04,0.962121212121,-0.0630257257036,3.78787878788,20,8.65151515152,SELL
2026-09-23,nifty-private-bank,NIFTY Private Bank,Sectoral,27363.35,17.04,0.356060606061,0.0771848641391,64.3939393939,50.8739456556,60.3379412725,HOLD
2026-09-23,nifty-pse,NIFTY Pse,Strategy / Thematic / Other,9637.6,10.94,0.613636363636,0.0726146406504,38.6363636364,49.0458562602,41.7592114235,HOLD
2026-09-23,nifty-quality-low-volatility-30,NIFTY Quality Low-Volatility 30,Strategy / Thematic / Other,16195.65,26.39,0.0757575757576,0.0677362279834,92.4242424242,47.0944911933,78.825317055,BUY
2026-09-23,nifty-realty,NIFTY Realty,Sectoral,871,36.99,0.130769230769,0.129199562176,86.9230769231,71.6798248704,82.3501013073,BUY
2026-09-23,nifty-services-sector,NIFTY Services Sector,Strategy / Thematic / Other,30064.25,18.54,0.0227272727273,0.0389126258964,97.7272727273,35.5650503586,79.0786060167,BUY
2026-09-23,nifty-shariah-25,NIFTY Shariah 25,Strategy / Thematic / Other,7647.2,25.69,0.371212121212,-0.0495503385187,62.8787878788,20,50.0151515152,HOLD
2026-09-23,nifty-smallcap-100,NIFTY Smallcap 100,Broad Market,19991.5,31.67,0.75,0.129120746999,25,71.6482987998,38.9944896399,SELL
2026-09-23,nifty-smallcap-250,NIFTY Smallcap 250,Broad Market,18411.4,33.97,0.886363636364,-0.0684289380333,11.3636363636,20,13.9545454545,SELL
2026-09-23,nifty-smallcap-50,NIFTY Smallcap 50,Broad Market,10002.5,32.02,0.765151515152,0.180984491286,23.4848484848,86.1968982571,42.2984634165,HOLD
2026-09-23,nifty-sme-emerge,NIFTY Sme Emerge,Strategy / Thematic / Other,15168.05,23.12,0.1328125,0.133132404473,86.71875,73.2529617893,82.6790135368,BUY
2026-09-23,nifty100-enhanced-esg,Nifty100 Enhanced ESG,Strategy / Thematic / Other,4899.85,20.64,0.0378787878788,0.0883718347401,96.2121212121,55.348733896,83.9531050173,BUY
2026-09-23,nifty100-equal-weight,Nifty100 Equal Weight,Strategy / Thematic / Other,34156.3,20.57,0.159090909091,0.15807410695,84.0909090909,81.6148213901,83.3480827807,BUY
2026-09-23,nifty100-esg,Nifty100 ESG,Strategy / Thematic / Other,4868.35,20.67,0.0378787878788,0.0743393207975,96.2121212121,49.735728319,82.2692033442,BUY
2026-09-23,nifty100-low-volatility-30,Nifty100 Low Volatility 30,Strategy / Thematic / Other,19451.45,24.01,0.189393939394,0.239548631154,81.0606060606,97.9097262308,86.1153421117,BUY
2026-09-23,nifty100-quality-30,Nifty100 Quality 30,Strategy / Thematic / Other,5482.4,26.41,0.0681818181818,0.0787301127251,93.1818181818,51.49204509,80.6748862543,BUY
2026-09-23,nifty200-quality-30,Nifty200 Quality 30,Strategy / Thematic / Other,19579.8,26.54,0.113636363636,0.0131822750128,88.6363636364,25.2729100051,69.627327547,HOLD
2026-09-23,nifty50-equal-weight,Nifty50 Equal Weight,Strategy / Thematic / Other,32135.1,23.47,0.681818181818,0.0256187981946,31.8181818182,30.2475192778,31.3469830561,SELL
2026-09-23,nifty50-shariah,Nifty50 Shariah,Strategy / Thematic / Other,4069.95,22.59,0.159090909091,-0.0831977545434,84.0909090909,20,64.8636363636,HOLD
2026-09-23,nifty50-value-20,Nifty50 Value 20,Strategy / Thematic / Other,11504.55,14.31,0.00757575757576,0.0622389224503,99.2424242424,44.8955689801,82.9383676637,BUY
2026-09-23,nifty500-shariah,Nifty500 Shariah,Strategy / Thematic / Other,6832.1,27.56,0.295454545455,0.00350687811819,70.4545454545,21.4027512473,55.7390071924,HOLD
2026-09-24,nifty-100,NIFTY 100,Broad Market,24216.2,19.38,0.0227272727273,0.0623132188162,97.7272727273,44.9252875265,81.886677167,BUY
2026-09-24,nifty-200,NIFTY 200,Broad Market,13457.55,20.82,0.0530303030303,0.0658864507769,94.696969697,46.3545803107,80.1942528811,BUY
2026-09-24,nifty-50,NIFTY 50,Broad Market,23063.1,19.5,0.0151515151515,0.0389048494856,98.4848484848,35.5619397943,79.6079758777,BUY
2026-09-24,nifty-500,NIFTY 500,Broad Market,22552.6,21.85,0.174242424242,0.070530379905,82.5757575758,48.212151962,72.2666758916,BUY
2026-09-24,nifty-alpha-50,NIFTY Alpha 50,Strategy / Thematic / Other,55067.35,23.01,0.1953125,1.059520143,80.46875,100,86.328125,BUY
2026-09-24,nifty-alpha-low-volatility-30,NIFTY Alpha Low-Volatility 30,Strategy / Thematic / Other,25910.35,24.9,0.280303030303,0.292068835306,71.9696969697,100,80.3787878788,BUY
2026-09-24,nifty-alpha-quality-low-volatility-30,NIFTY Alpha Quality Low-Volatility 30,Strategy / Thematic / Other,22087.8,28.57,0.234848484848,0.269024148945,76.5151515152,100,83.5606060606,BUY
2026-09-24,nifty-alpha-quality-value-low-volatility-30,NIFTY Alpha Quality Value Low-Volatility 30,Strategy / Thematic / Other,19505.4,16.14,0.0984848484848,0.42073450677,90.1515151515,100,93.1060606061,BUY
2026-09-24,nifty-auto,NIFTY Auto,Sectoral,26730.1,31.06,0.583333333333,-0.116703793577,41.6666666667,20,35.1666666667,SELL
2026-09-24,nifty-bank,NIFTY Bank,Sectoral,55438.5,13.12,0.0227272727273,0.150634259893,97.7272727273,80.1268519787,92.4471465027,BUY
2026-09-24,nifty-commodities,NIFTY Commodities,Strategy / Thematic / Other,9515.6,14.75,0.44696969697,0.235991464784,55.303030303,97.1982929567,67.8716090991,HOLD
2026-09-24,nifty-cpse,NIFTY Cpse,Strategy / Thematic / Other,6362.05,12.25,0.537878787879,0.0925580716152,46.2121212121,57.0232286461,49.4554534423,HOLD
2026-09-24,nifty-dividend-opportunities-50,NIFTY Dividend Opportunities 50,Strategy / Thematic / Other,5600.35,12.71,0.0833333333333,0.0614379896816,91.6666666667,44.5751958726,77.5392254285,BUY
2026-09-24,nifty-energy,NIFTY Energy,Sectoral,37360.95,14.49,0.590909090909,0.12629203373,40.9090909091,70.516813492,49.791407684,HOLD
2026-09-24,nifty-financial-services,NIFTY Financial Services,Sectoral,24954.15,15.3,0.00757575757576,0.0674064102391,99.2424242424,46.9625640956,83.5584661984,BUY
2026-09-24,nifty-fmcg,NIFTY FMCG,Sectoral,45759.35,31.75,0.00757575757576,0.0802993962863,99.2424242424,52.1197585145,85.1056245241,BUY
2026-09-24,nifty-growth-sectors-15,NIFTY Growth Sectors 15,Strategy / Thematic / Other,10790.95,26.21,0.0227272727273,0.185618168873,97.7272727273,87.1236337747,94.5461810415,BUY
2026-09-24,nifty-high-beta-50,NIFTY High Beta 50,Strategy / Thematic / Other,4280.75,20.49,0.507575757576,-0.0954857036593,49.2424242424,20,40.4696969697,HOLD
2026-09-24,nifty-india-consumption,NIFTY India Consumption,Strategy / Thematic / Other,11353.45,36.97,0.0530303030303,0.0488222674375,94.696969697,39.528906975,78.1465508804,BUY
2026-09-24,nifty-infrastructure,NIFTY Infrastructure,Strategy / Thematic / Other,8944.85,22.07,0.651515151515,-0.0262636024517,34.8484848485,20,30.3939393939,SELL
2026-09-24,nifty-it,NIFTY IT,Sectoral,28208.85,18,0.0227272727273,0.131674234577,97.7272727273,72.6696938307,90.2099990583,BUY
2026-09-24,nifty-largemidcap-250,NIFTY LargeMidcap 250,Broad Market,16135.55,23,0.113636363636,0.138410794603,88.6363636364,75.3643178411,84.6547498978,BUY
2026-09-24,nifty-low-volatility-50,NIFTY Low Volatility 50,Strategy / Thematic / Other,23635.05,25.11,0.0681818181818,0.261962792299,93.1818181818,100,95.2272727273,BUY
2026-09-24,nifty-metal,NIFTY Metal,Sectoral,13041.95,15.88,0.371212121212,0.572338388602,62.8787878788,100,74.0151515152,BUY
2026-09-24,nifty-midcap-100,NIFTY Midcap 100,Broad Market,60990.15,29.4,0.44696969697,0.130641791654,55.303030303,72.2567166616,60.3891362106,HOLD
2026-09-24,nifty-midcap-150,NIFTY Midcap 150,Broad Market,22469.9,28.1,0.386363636364,0.237169444387,61.3636363636,97.4338888775,72.1847121178,BUY
2026-09-24,nifty-midcap-50,NIFTY Midcap 50,Broad Market,17518.05,34.45,0.674242424242,0.143019508039,32.5757575758,77.2078032157,45.9653712677,HOLD
2026-09-24,nifty-midsmallcap-400,NIFTY Midsmallcap 400,Broad Market,20923.55,29.77,0.431818181818,0.12120133748,56.8181818182,68.4805349918,60.3168877703,HOLD
2026-09-24,nifty-mnc,NIFTY Mnc,Strategy / Thematic / Other,31201.7,33.86,0.0538461538462,0.0822140677113,94.6153846154,52.8856270845,82.0964573561,BUY
2026-09-24,nifty-next-50,NIFTY Next 50,Broad Market,71381.45,18.87,0.0530303030303,0.170439392332,94.696969697,84.0878784664,91.5142423278,BUY
2026-09-24,nifty-pharma,NIFTY Pharma,Sectoral,27028.7,41.85,0.962121212121,-0.0629980656491,3.78787878788,20,8.65151515152,SELL
2026-09-24,nifty-private-bank,NIFTY Private Bank,Sectoral,26763.95,16.67,0.325757575758,0.0767441446957,67.4242424242,50.6976578783,62.4062670604,HOLD
2026-09-24,nifty-pse,NIFTY Pse,Strategy / Thematic / Other,9555.45,10.84,0.613636363636,0.0734513744337,38.6363636364,49.3805497735,41.8596194775,HOLD
2026-09-24,nifty-quality-low-volatility-30,NIFTY Quality Low-Volatility 30,Strategy / Thematic / Other,16020,26.1,0.0530303030303,0.0680546248833,94.696969697,47.2218499533,80.4544337739,BUY
2026-09-24,nifty-realty,NIFTY Realty,Sectoral,861.4,36.58,0.1,0.129296668429,90,71.7186673718,84.5156002115,BUY
2026-09-24,nifty-services-sector,NIFTY Services Sector,Strategy / Thematic / Other,29539.95,18.21,0.00757575757576,0.0391368451173,99.2424242424,35.6547380469,80.1661183838,BUY
2026-09-24,nifty-shariah-25,NIFTY Shariah 25,Strategy / Thematic / Other,7588.75,25.5,0.340909090909,-0.0498613256001,65.9090909091,20,52.1363636364,HOLD
2026-09-24,nifty-smallcap-100,NIFTY Smallcap 100,Broad Market,19684.75,31.18,0.689393939394,0.12921803999,31.0606060606,71.6872159962,43.2485890413,HOLD
2026-09-24,nifty-smallcap-250,NIFTY Smallcap 250,Broad Market,18155.5,33.5,0.840909090909,-0.0684310716942,15.9090909091,20,17.1363636364,SELL
2026-09-24,nifty-smallcap-50,NIFTY Smallcap 50,Broad Market,9839.7,31.5,0.674242424242,0.181025076268,32.5757575758,86.2050152535,48.6645348791,HOLD
2026-09-24,nifty-sme-emerge,NIFTY Sme Emerge,Strategy / Thematic / Other,15088.5,23,0.1328125,0.133078662117,86.71875,73.2314648469,82.6725644541,BUY
2026-09-24,nifty100-enhanced-esg,Nifty100 Enhanced ESG,Strategy / Thematic / Other,4814.25,20.28,0.00757575757576,0.0885573377705,99.2424242424,55.4229351082,86.0965775022,BUY
2026-09-24,nifty100-equal-weight,Nifty100 Equal Weight,Strategy / Thematic / Other,33636.35,20.26,0.143939393939,0.157820055146,85.6060606061,81.5640110291,84.393445733,BUY
2026-09-24,nifty100-esg,Nifty100 ESG,Strategy / Thematic / Other,4783.35,20.31,0.00757575757576,0.0742755884423,99.2424242424,49.7102353769,84.3827675828,BUY
2026-09-24,nifty100-low-volatility-30,Nifty100 Low Volatility 30,Strategy / Thematic / Other,19194.25,23.7,0.151515151515,0.239271109253,84.8484848485,97.8542218507,88.7502059491,BUY
2026-09-24,nifty100-quality-30,Nifty100 Quality 30,Strategy / Thematic / Other,5418.45,26.1,0.0681818181818,0.0788638700766,93.1818181818,51.5455480306,80.6909371365,BUY
2026-09-24,nifty200-quality-30,Nifty200 Quality 30,Strategy / Thematic / Other,19371.25,26.26,0.0833333333333,0.0131075275985,91.6666666667,25.2430110394,71.7395699785,BUY
2026-09-24,nifty50-equal-weight,Nifty50 Equal Weight,Strategy / Thematic / Other,31602.65,23.08,0.628787878788,0.0258216880821,37.1212121212,30.3286752328,35.0834510547,SELL
2026-09-24,nifty50-shariah,Nifty50 Shariah,Strategy / Thematic / Other,4030.15,22.37,0.143939393939,-0.0831836431113,85.6060606061,20,65.9242424242,HOLD
2026-09-24,nifty50-value-20,Nifty50 Value 20,Strategy / Thematic / Other,11354,14.13,0.00757575757576,0.0618923734469,99.2424242424,44.7569493788,82.8967817833,BUY
2026-09-24,nifty500-shariah,Nifty500 Shariah,Strategy / Thematic / Other,6757.95,27.26,0.25,0.00327497392218,75,21.3099895689,58.8929968707,HOLD
2026-09-25,nifty-100,NIFTY 100,Broad Market,24307.55,19.45,0.0227272727273,0.062396124831,97.7272727273,44.9584499324,81.8966258888,BUY
2026-09-25,nifty-200,NIFTY 200,Broad Market,13494.2,20.87,0.0530303030303,0.0659849886044,94.696969697,46.3939954418,80.2060774204,BUY
2026-09-25,nifty-50,NIFTY 50,Broad Market,23140.5,19.56,0.0227272727273,0.0389970587043,97.7272727273,35.5988234817,79.0887379536,BUY
2026-09-25,nifty-500,NIFTY 500,Broad Market,22603.5,21.9,0.174242424242,0.0705705795047,82.5757575758,48.2282318019,72.2714998436,BUY
2026-09-25,nifty-alpha-50,NIFTY Alpha 50,Strategy / Thematic / Other,55024.65,22.99,0.1953125,1.05959893774,80.46875,100,86.328125,BUY
2026-09-25,nifty-alpha-low-volatility-30,NIFTY Alpha Low-Volatility 30,Strategy / Thematic / Other,25992.5,24.98,0.280303030303,0.292201159967,71.9696969697,100,80.3787878788,BUY
2026-09-25,nifty-alpha-quality-low-volatility-30,NIFTY Alpha Quality Low-Volatility 30,Strategy / Thematic / Other,22157.65,28.66,0.242424242424,0.269092765286,75.7575757576,100,83.0303030303,BUY
2026-09-25,nifty-alpha-quality-value-low-volatility-30,NIFTY Alpha Quality Value Low-Volatility 30,Strategy / Thematic / Other,19523.65,16.15,0.0984848484848,0.421227659946,90.1515151515,100,93.1060606061,BUY
2026-09-25,nifty-auto,NIFTY Auto,Sectoral,26967.9,31.33,0.583333333333,-0.116343189296,41.6666666667,20,35.1666666667,SELL
2026-09-25,nifty-bank,NIFTY Bank,Sectoral,55580.4,13.15,0.030303030303,0.150914330671,96.9696969697,80.1828661343,91.9336477191,BUY
2026-09-25,nifty-commodities,NIFTY Commodities,Strategy / Thematic / Other,9540.75,14.78,0.44696969697,0.236150117464,55.303030303,97.2300234928,67.88112826,HOLD
2026-09-25,nifty-cpse,NIFTY Cpse,Strategy / Thematic / Other,6375.85,12.28,0.545454545455,0.0920891113686,45.4545454545,56.8356445474,48.8688751824,HOLD
2026-09-25,nifty-dividend-opportunities-50,NIFTY Dividend Opportunities 50,Strategy / Thematic / Other,5605,12.73,0.0833333333333,0.0610048929947,91.6666666667,44.4019571979,77.487253826,BUY
2026-09-25,nifty-energy,NIFTY Energy,Sectoral,37440.35,14.52,0.598484848485,0.126332226308,40.1515151515,70.5328905232,49.265927763,HOLD
2026-09-25,nifty-financial-services,NIFTY Financial Services,Sectoral,25094.85,15.39,0.0378787878788,0.0672910166348,96.2121212121,46.9164066539,81.4234068447,BUY
2026-09-25,nifty-fmcg,NIFTY FMCG,Sectoral,45941.3,31.87,0.00757575757576,0.0805920349371,99.2424242424,52.2368139748,85.1407411621,BUY
2026-09-25,nifty-growth-sectors-15,NIFTY Growth Sectors 15,Strategy / Thematic / Other,10829.3,26.3,0.0227272727273,0.185815571422,97.7272727273,87.1631142844,94.5580251944,BUY
2026-09-25,nifty-high-beta-50,NIFTY High Beta 50,Strategy / Thematic / Other,4297.9,20.57,0.507575757576,-0.095159481941,49.2424242424,20,40.4696969697,HOLD
2026-09-25,nifty-india-consumption,NIFTY India Consumption,Strategy / Thematic / Other,11415.4,37.17,0.0833333333333,0.0487699837547,91.6666666667,39.5079935019,76.0190647172,BUY
2026-09-25,nifty-infrastructure,NIFTY Infrastructure,Strategy / Thematic / Other,8957.45,22.1,0.659090909091,-0.0262862680819,34.0909090909,20,29.8636363636,SELL
2026-09-25,nifty-it,NIFTY IT,Sectoral,28160.9,17.96,0.0227272727273,0.132358816633,97.7272727273,72.9435266531,90.292148905,BUY
2026-09-25,nifty-largemidcap-250,NIFTY LargeMidcap 250,Broad Market,16153.55,23.02,0.113636363636,0.138533803703,88.6363636364,75.4135214811,84.6695109898,BUY
2026-09-25,nifty-low-volatility-50,NIFTY Low Volatility 50,Strategy / Thematic / Other,23702.65,25.19,0.0757575757576,0.261576038546,92.4242424242,100,94.696969697,BUY
2026-09-25,nifty-metal,NIFTY Metal,Sectoral,13087.15,15.93,0.371212121212,0.572592604609,62.8787878788,100,74.0151515152,BUY
2026-09-25,nifty-midcap-100,NIFTY Midcap 100,Broad Market,60906,29.35,0.44696969697,0.130676008856,55.303030303,72.2704035425,60.3932422749,HOLD
2026-09-25,nifty-midcap-150,NIFTY Midcap 150,Broad Market,22437,28.06,0.386363636364,0.237098990909,61.3636363636,97.4197981819,72.1804849091,BUY
2026-09-25,nifty-midcap-50,NIFTY Midcap 50,Broad Market,17474.1,34.37,0.674242424242,0.142606816937,32.5757575758,77.0427267749,45.9158483355,HOLD
2026-09-25,nifty-midsmallcap-400,NIFTY Midsmallcap 400,Broad Market,20904.95,29.74,0.431818181818,0.121337960586,56.8181818182,68.5351842343,60.333282543,HOLD
2026-09-25,nifty-mnc,NIFTY Mnc,Strategy / Thematic / Other,31347.1,34.02,0.1,0.0820446533758,90,52.8178613503,78.8453584051,BUY
2026-09-25,nifty-next-50,NIFTY Next 50,Broad Market,71778.65,18.97,0.0530303030303,0.1707040684,94.696969697,84.14081368,91.5301228919,BUY
2026-09-25,nifty-pharma,NIFTY Pharma,Sectoral,27003,41.81,0.962121212121,-0.0628607510583,3.78787878788,20,8.65151515152,SELL
2026-09-25,nifty-private-bank,NIFTY Private Bank,Sectoral,26883.2,16.74,0.325757575758,0.0773117644009,67.4242424242,50.9247057604,62.4743814251,HOLD
2026-09-25,nifty-pse,NIFTY Pse,Strategy / Thematic / Other,9572.85,10.86,0.613636363636,0.0734781688358,38.6363636364,49.3912675343,41.8628348057,HOLD
2026-09-25,nifty-quality-low-volatility-30,NIFTY Quality Low-Volatility 30,Strategy / Thematic / Other,16071.6,26.18,0.0681818181818,0.0679673262442,93.1818181818,47.1869304977,79.3833518766,BUY
2026-09-25,nifty-realty,NIFTY Realty,Sectoral,869.35,36.92,0.130769230769,0.12908783994,86.9230769231,71.6351359759,82.3366946389,BUY
2026-09-25,nifty-services-sector,NIFTY Services Sector,Strategy / Thematic / Other,29613.95,18.26,0.00757575757576,0.0389806209597,99.2424242424,35.5922483839,80.1473714849,BUY
2026-09-25,nifty-shariah-25,NIFTY Shariah 25,Strategy / Thematic / Other,7621.7,25.61,0.356060606061,-0.049815933418,64.3939393939,20,51.0757575758,HOLD
2026-09-25,nifty-smallcap-100,NIFTY Smallcap 100,Broad Market,19715.25,31.23,0.689393939394,0.128938532416,31.0606060606,71.5754129663,43.2150481323,HOLD
2026-09-25,nifty-smallcap-250,NIFTY Smallcap 250,Broad Market,18158.9,33.51,0.840909090909,-0.0686905533493,15.9090909091,20,17.1363636364,SELL
2026-09-25,nifty-smallcap-50,NIFTY Smallcap 50,Broad Market,9883.45,31.64,0.704545454545,0.180884887967,29.5454545455,86.1769775934,46.5349114599,HOLD
2026-09-25,nifty-sme-emerge,NIFTY Sme Emerge,Strategy / Thematic / Other,15203.55,23.1,0.1328125,0.136715156327,86.71875,74.6860625308,83.1089437592,BUY
2026-09-25,nifty100-enhanced-esg,Nifty100 Enhanced ESG,Strategy / Thematic / Other,4834.1,20.37,0.00757575757576,0.0883724098345,99.2424242424,55.3489639338,86.0743861498,BUY
2026-09-25,nifty100-equal-weight,Nifty100 Equal Weight,Strategy / Thematic / Other,33776.85,20.34,0.143939393939,0.157959474061,85.6060606061,81.5918948121,84.4018108679,BUY
2026-09-25,nifty100-esg,Nifty100 ESG,Strategy / Thematic / Other,4803.2,20.39,0.00757575757576,0.0745437195647,99.2424242424,49.8174878259,84.4149433175,BUY
2026-09-25,nifty100-low-volatility-30,Nifty100 Low Volatility 30,Strategy / Thematic / Other,19257.7,23.77,0.159090909091,0.239467988159,84.0909090909,97.8935976319,88.2317156532,BUY
2026-09-25,nifty100-quality-30,Nifty100 Quality 30,Strategy / Thematic / Other,5443.15,26.22,0.0681818181818,0.0787999235499,93.1818181818,51.5199694199,80.6832635533,BUY
2026-09-25,nifty200-quality-30,Nifty200 Quality 30,Strategy / Thematic / Other,19453.95,26.37,0.0833333333333,0.0131284792893,91.6666666667,25.2513917157,71.7420841814,BUY
2026-09-25,nifty50-equal-weight,Nifty50 Equal Weight,Strategy / Thematic / Other,31685.3,23.14,0.643939393939,0.0256750780208,35.6060606061,30.2700312083,34.0052517867,SELL
2026-09-25,nifty50-shariah,Nifty50 Shariah,Strategy / Thematic / Other,4021.45,22.32,0.143939393939,-0.0831386885859,85.6060606061,20,65.9242424242,HOLD
2026-09-25,nifty50-value-20,Nifty50 Value 20,Strategy / Thematic / Other,11380.5,14.16,0.00757575757576,0.0618963041403,99.2424242424,44.7585216561,82.8972534665,BUY
2026-09-25,nifty500-shariah,Nifty500 Shariah,Strategy / Thematic / Other,6760.2,27.27,0.25,0.00331574357013,75,21.3262974281,58.8978892284,HOLD
2026-09-28,nifty-100,NIFTY 100,Broad Market,23906.65,19.13,0.0151515151515,0.0625348596043,98.4848484848,45.0139438417,82.4435770919,BUY
2026-09-28,nifty-200,NIFTY 200,Broad Market,13272.2,20.53,0.0227272727273,0.0660026193999,97.7272727273,46.4010477599,82.3294052371,BUY
2026-09-28,nifty-50,NIFTY 50,Broad Market,22780.25,19.26,0.00757575757576,0.0391085852246,99.2424242424,35.6434340898,80.1627271966,BUY
2026-09-28,nifty-500,NIFTY 500,Broad Market,22232.15,21.54,0.0984848484848,0.0706158831239,90.1515151515,48.2463532496,77.5799665809,BUY
2026-09-28,nifty-alpha-50,NIFTY Alpha 50,Strategy / Thematic / Other,53779,22.47,0.1953125,1.05972962989,80.46875,100,86.328125,BUY
2026-09-28,nifty-alpha-low-volatility-30,NIFTY Alpha Low-Volatility 30,Strategy / Thematic / Other,25672.35,24.67,0.280303030303,0.292467167281,71.9696969697,100,80.3787878788,BUY
2026-09-28,nifty-alpha-quality-low-volatility-30,NIFTY Alpha Quality Low-Volatility 30,Strategy / Thematic / Other,21883.95,28.31,0.234848484848,0.26882310251,76.5151515152,100,83.5606060606,BUY
2026-09-28,nifty-alpha-quality-value-low-volatility-30,NIFTY Alpha Quality Value Low-Volatility 30,Strategy / Thematic / Other,19275.25,15.95,0.0984848484848,0.420597911184,90.1515151515,100,93.1060606061,BUY
2026-09-28,nifty-auto,NIFTY Auto,Sectoral,26525.05,30.82,0.55303030303,-0.116431577887,44.696969697,20,37.2878787879,SELL
2026-09-28,nifty-bank,NIFTY Bank,Sectoral,54471.65,12.89,0.0227272727273,0.150691230186,97.7272727273,80.1382460372,92.4505647202,BUY
2026-09-28,nifty-commodities,NIFTY Commodities,Strategy / Thematic / Other,9366.4,14.51,0.416666666667,0.236519807015,58.3333333333,97.3039614031,70.0245217543,BUY
2026-09-28,nifty-cpse,NIFTY Cpse,Strategy / Thematic / Other,6247.7,12.03,0.537878787879,0.0923492869472,46.2121212121,56.9397147789,49.4303992821,HOLD
2026-09-28,nifty-dividend-opportunities-50,NIFTY Dividend Opportunities 50,Strategy / Thematic / Other,5518.65,12.53,0.0681818181818,0.0615785015477,93.1818181818,44.6314006191,78.616692913,BUY
2026-09-28,nifty-energy,NIFTY Energy,Sectoral,36693.2,14.23,0.568181818182,0.126787099029,43.1818181818,70.7148396115,51.4417246107,HOLD
2026-09-28,nifty-financial-services,NIFTY Financial Services,Sectoral,24671.65,15.13,0.00757575757576,0.0667957805363,99.2424242424,46.7183122145,83.485190634,BUY
2026-09-28,nifty-fmcg,NIFTY FMCG,Sectoral,45264.35,31.4,0.00757575757576,0.0804803777851,99.2424242424,52.192151114,85.1273423039,BUY
2026-09-28,nifty-growth-sectors-15,NIFTY Growth Sectors 15,Strategy / Thematic / Other,10732.15,26.07,0.0227272727273,0.185567039958,97.7272727273,87.1134079915,94.5431133066,BUY
2026-09-28,nifty-high-beta-50,NIFTY High Beta 50,Strategy / Thematic / Other,4197.8,20.09,0.492424242424,-0.0953743500965,50.7575757576,20,41.5303030303,HOLD
2026-09-28,nifty-india-consumption,NIFTY India Consumption,Strategy / Thematic / Other,11270.1,36.7,0.0530303030303,0.0488626053633,94.696969697,39.5450421453,78.1513914315,BUY
2026-09-28,nifty-infrastructure,NIFTY Infrastructure,Strategy / Thematic / Other,8782.5,21.67,0.55303030303,-0.026232127554,44.696969697,20,37.2878787879,SELL
2026-09-28,nifty-it,NIFTY IT,Sectoral,28086.5,17.92,0.0227272727273,0.131942893517,97.7272727273,72.7771574069,90.2422381312,BUY
2026-09-28,nifty-largemidcap-250,NIFTY LargeMidcap 250,Broad Market,15888.7,22.64,0.0681818181818,0.138861836016,93.1818181818,75.5447344065,87.8906930492,BUY
2026-09-28,nifty-low-volatility-50,NIFTY Low Volatility 50,Strategy / Thematic / Other,23439.25,24.91,0.0530303030303,0.261444185644,94.696969697,100,96.2878787879,BUY
2026-09-28,nifty-metal,NIFTY Metal,Sectoral,12854.4,15.65,0.371212121212,0.572420308125,62.8787878788,100,74.0151515152,BUY
2026-09-28,nifty-midcap-100,NIFTY Midcap 100,Broad Market,59914.2,28.88,0.431818181818,0.130420136727,56.8181818182,72.1680546906,61.4231436799,HOLD
2026-09-28,nifty-midcap-150,NIFTY Midcap 150,Broad Market,22071.3,27.6,0.386363636364,0.237222608426,61.3636363636,97.4445216852,72.1879019601,BUY
2026-09-28,nifty-midcap-50,NIFTY Midcap 50,Broad Market,17208.9,33.84,0.628787878788,0.142924026379,37.1212121212,77.1696105515,49.1357316503,HOLD
2026-09-28,nifty-midsmallcap-400,NIFTY Midsmallcap 400,Broad Market,20564.3,29.26,0.416666666667,0.121002812987,58.3333333333,68.4011251948,61.3536708918,HOLD
2026-09-28,nifty-mnc,NIFTY Mnc,Strategy / Thematic / Other,30832.8,33.46,0.0538461538462,0.0820938999108,94.6153846154,52.8375599643,82.0820372201,BUY
2026-09-28,nifty-next-50,NIFTY Next 50,Broad Market,70309.5,18.59,0.0378787878788,0.169924299695,96.2121212121,83.9848599389,92.5439428302,BUY
2026-09-28,nifty-pharma,NIFTY Pharma,Sectoral,26761.65,41.44,0.962121212121,-0.0631633766607,3.78787878788,20,8.65151515152,SELL
2026-09-28,nifty-private-bank,NIFTY Private Bank,Sectoral,26476.4,16.49,0.295454545455,0.076526422381,70.4545454545,50.6105689524,64.5013525039,HOLD
2026-09-28,nifty-pse,NIFTY Pse,Strategy / Thematic / Other,9390.3,10.66,0.613636363636,0.0724170190934,38.6363636364,48.9668076374,41.7354968367,HOLD
2026-09-28,nifty-quality-low-volatility-30,NIFTY Quality Low-Volatility 30,Strategy / Thematic / Other,15915.25,25.93,0.0530303030303,0.0680169840488,94.696969697,47.2067936195,80.4499168737,BUY
2026-09-28,nifty-realty,NIFTY Realty,Sectoral,850.9,36.14,0.0846153846154,0.128965399793,91.5384615385,71.5861599172,85.5527710521,BUY
2026-09-28,nifty-services-sector,NIFTY Services Sector,Strategy / Thematic / Other,29193.7,18,0.00757575757576,0.0392084448027,99.2424242424,35.6833779211,80.174710346,BUY
2026-09-28,nifty-shariah-25,NIFTY Shariah 25,Strategy / Thematic / Other,7545.95,25.35,0.325757575758,-0.0493560730676,67.4242424242,20,53.196969697,HOLD
2026-09-28,nifty-smallcap-100,NIFTY Smallcap 100,Broad Market,19351.1,30.65,0.674242424242,0.129266240177,32.5757575758,71.7064960709,44.3149791243,HOLD
2026-09-28,nifty-smallcap-250,NIFTY Smallcap 250,Broad Market,17863.2,32.96,0.825757575758,-0.0683035265093,17.4242424242,20,18.196969697,SELL
2026-09-28,nifty-smallcap-50,NIFTY Smallcap 50,Broad Market,9696.25,31.04,0.659090909091,0.181032426367,34.0909090909,86.2064852735,49.7255819457,HOLD
2026-09-28,nifty-sme-emerge,NIFTY Sme Emerge,Strategy / Thematic / Other,15024.95,22.83,0.0859375,0.136863603797,91.40625,74.7454415188,86.4080074556,BUY
2026-09-28,nifty100-enhanced-esg,Nifty100 Enhanced ESG,Strategy / Thematic / Other,4758.1,20.05,0.00757575757576,0.0880008041785,99.2424242424,55.2003216714,86.0297934711,BUY
2026-09-28,nifty100-equal-weight,Nifty100 Equal Weight,Strategy / Thematic / Other,33174.2,19.98,0.143939393939,0.158019626387,85.6060606061,81.6039252773,84.4054200074,BUY
2026-09-28,nifty100-esg,Nifty100 ESG,Strategy / Thematic / Other,4727.45,20.07,0.00757575757576,0.0747808492479,99.2424242424,49.9123396992,84.4433988794,BUY
2026-09-28,nifty100-low-volatility-30,Nifty100 Low Volatility 30,Strategy / Thematic / Other,19025.05,23.49,0.128787878788,0.239136132151,87.1212121212,97.8272264302,90.3330164139,BUY
2026-09-28,nifty100-quality-30,Nifty100 Quality 30,Strategy / Thematic / Other,5379.3,25.91,0.0530303030303,0.0790756192356,94.696969697,51.6302476943,81.7769530962,BUY
2026-09-28,nifty200-quality-30,Nifty200 Quality 30,Strategy / Thematic / Other,19245.55,26.09,0.0833333333333,0.0132772386589,91.6666666667,25.3108954636,71.7599353057,BUY
2026-09-28,nifty50-equal-weight,Nifty50 Equal Weight,Strategy / Thematic / Other,31241,22.82,0.568181818182,0.0256850771484,43.1818181818,30.2740308594,39.3094819851,SELL
2026-09-28,nifty50-shariah,Nifty50 Shariah,Strategy / Thematic / Other,3982.05,22.1,0.143939393939,-0.0830012708214,85.6060606061,20,65.9242424242,HOLD
2026-09-28,nifty50-value-20,Nifty50 Value 20,Strategy / Thematic / Other,11189.5,13.92,0.00757575757576,0.0620461100989,99.2424242424,44.8184440396,82.9152301816,BUY
2026-09-28,nifty500-shariah,Nifty500 Shariah,Strategy / Thematic / Other,6673,26.92,0.25,0.00317212284857,75,21.2688491394,58.8806547418,HOLD
2026-09-29,nifty-100,NIFTY 100,Broad Market,23797.65,19.04,0.00757575757576,0.0625124742024,99.2424242424,45.004989681,82.971193874,BUY
2026-09-29,nifty-200,NIFTY 200,Broad Market,13197.3,20.41,0.0227272727273,0.066168019378,97.7272727273,46.4672077512,82.3492532345,BUY
2026-09-29,nifty-50,NIFTY 50,Broad Market,22716.2,19.2,0.00757575757576,0.039299953183,99.2424242424,35.7199812732,80.1856913517,BUY
2026-09-29,nifty-500,NIFTY 500,Broad Market,22101,21.42,0.0833333333333,0.0704025311502,91.6666666667,48.1610124601,78.6149704047,BUY
2026-09-29,nifty-alpha-50,NIFTY Alpha 50,Strategy / Thematic / Other,53519.45,22.37,0.1953125,1.05885410563,80.46875,100,86.328125,BUY
2026-09-29,nifty-alpha-low-volatility-30,NIFTY Alpha Low-Volatility 30,Strategy / Thematic / Other,25468.8,24.48,0.280303030303,0.291945122109,71.9696969697,100,80.3787878788,BUY
2026-09-29,nifty-alpha-quality-low-volatility-30,NIFTY Alpha Quality Low-Volatility 30,Strategy / Thematic / Other,21667.9,28.03,0.219696969697,0.268753786946,78.0303030303,100,84.6212121212,BUY
2026-09-29,nifty-alpha-quality-value-low-volatility-30,NIFTY Alpha Quality Value Low-Volatility 30,Strategy / Thematic / Other,19138.15,15.83,0.0984848484848,0.421667209257,90.1515151515,100,93.1060606061,BUY
2026-09-29,nifty-auto,NIFTY Auto,Sectoral,26173.35,30.41,0.492424242424,-0.116415767419,50.7575757576,20,41.5303030303,HOLD
2026-09-29,nifty-bank,NIFTY Bank,Sectoral,54259.95,12.84,0.0227272727273,0.150720645589,97.7272727273,80.1441291179,92.4523296444,BUY
2026-09-29,nifty-commodities,NIFTY Commodities,Strategy / Thematic / Other,9327.7,14.45,0.416666666667,0.236730385022,58.3333333333,97.3460770044,70.0371564346,BUY
2026-09-29,nifty-cpse,NIFTY Cpse,Strategy / Thematic / Other,6258.75,12.05,0.537878787879,0.0924694804908,46.2121212121,56.9877921963,49.4448225074,HOLD
2026-09-29,nifty-dividend-opportunities-50,NIFTY Dividend Opportunities 50,Strategy / Thematic / Other,5479.35,12.44,0.0681818181818,0.0612289514121,93.1818181818,44.4915805648,78.5747468967,BUY
2026-09-29,nifty-energy,NIFTY Energy,Sectoral,36509.75,14.16,0.568181818182,0.126364959606,43.1818181818,70.5459838424,51.39106788,HOLD
2026-09-29,nifty-financial-services,NIFTY Financial Services,Sectoral,24648.5,15.12,0.00757575757576,0.0668613995459,99.2424242424,46.7445598183,83.4930649152,BUY
2026-09-29,nifty-fmcg,NIFTY FMCG,Sectoral,44790.3,31.07,0.00757575757576,0.0806872035384,99.2424242424,52.2748814154,85.1521613943,BUY
2026-09-29,nifty-growth-sectors-15,NIFTY Growth Sectors 15,Strategy / Thematic / Other,10636.4,25.84,0.0227272727273,0.185371158824,97.7272727273,87.0742317649,94.5313604386,BUY
2026-09-29,nifty-high-beta-50,NIFTY High Beta 50,Strategy / Thematic / Other,4174.6,19.98,0.492424242424,-0.0951596862927,50.7575757576,20,41.5303030303,HOLD
2026-09-29,nifty-india-consumption,NIFTY India Consumption,Strategy / Thematic / Other,11155.75,36.33,0.0530303030303,0.0486339719175,94.696969697,39.453588767,78.123955418,BUY
2026-09-29,nifty-infrastructure,NIFTY Infrastructure,Strategy / Thematic / Other,8738.5,21.56,0.522727272727,-0.0261096853652,47.7272727273,20,39.4090909091,SELL
2026-09-29,nifty-it,NIFTY IT,Sectoral,27670,17.65,0.0227272727273,0.132051623545,97.7272727273,72.8206494179,90.2552857345,BUY
2026-09-29,nifty-largemidcap-250,NIFTY LargeMidcap 250,Broad Market,15773.55,22.48,0.0681818181818,0.138820259473,93.1818181818,75.5281037891,87.885703864,BUY
2026-09-29,nifty-low-volatility-50,NIFTY Low Volatility 50,Strategy / Thematic / Other,23213.75,24.67,0.0378787878788,0.261682652258,96.2121212121,100,97.3484848485,BUY
2026-09-29,nifty-metal,NIFTY Metal,Sectoral,12954.45,15.77,0.371212121212,0.572044670312,62.8787878788,100,74.0151515152,BUY
2026-09-29,nifty-midcap-100,NIFTY Midcap 100,Broad Market,59319.4,28.59,0.416666666667,0.130761745981,58.3333333333,72.3046983923,62.524742851,HOLD
2026-09-29,nifty-midcap-150,NIFTY Midcap 150,Broad Market,21853.3,27.33,0.356060606061,0.237072695389,64.3939393939,97.4145390778,74.3001192991,BUY
2026-09-29,nifty-midcap-50,NIFTY Midcap 50,Broad Market,17030.55,33.49,0.613636363636,0.14308919685,38.6363636364,77.2356787401,50.2161581675,HOLD
2026-09-29,nifty-midsmallcap-400,NIFTY Midsmallcap 400,Broad Market,20385.45,29,0.416666666667,0.121252471262,58.3333333333,68.5009885049,61.3836298848,HOLD
2026-09-29,nifty-mnc,NIFTY Mnc,Strategy / Thematic / Other,30469.1,33.07,0.0230769230769,0.0820458460865,97.6923076923,52.8183384346,84.230116915,BUY
2026-09-29,nifty-next-50,NIFTY Next 50,Broad Market,69460.2,18.36,0.0378787878788,0.170634506672,96.2121212121,84.1269013344,92.5865552488,BUY
2026-09-29,nifty-pharma,NIFTY Pharma,Sectoral,26933.65,41.7,0.962121212121,-0.0628321817175,3.78787878788,20,8.65151515152,SELL
2026-09-29,nifty-private-bank,NIFTY Private Bank,Sectoral,26443.15,16.47,0.295454545455,0.0765851184132,70.4545454545,50.6340473653,64.5083960278,HOLD
2026-09-29,nifty-pse,NIFTY Pse,Strategy / Thematic / Other,9343.7,10.6,0.613636363636,0.0733160892345,38.6363636364,49.3264356938,41.8433852536,HOLD
2026-09-29,nifty-quality-low-volatility-30,NIFTY Quality Low-Volatility 30,Strategy / Thematic / Other,15773.65,25.7,0.0227272727273,0.0678289729061,97.7272727273,47.1315891624,82.5485676578,BUY
2026-09-29,nifty-realty,NIFTY Realty,Sectoral,833.85,35.41,0.0692307692308,0.129301799949,93.0769230769,71.7207199798,86.6700621478,BUY
2026-09-29,nifty-services-sector,NIFTY Services Sector,Strategy / Thematic / Other,29159.6,17.98,0.00757575757576,0.0389390285532,99.2424242424,35.5756114213,80.1423803961,BUY
2026-09-29,nifty-shariah-25,NIFTY Shariah 25,Strategy / Thematic / Other,7434.65,24.98,0.280303030303,-0.0497481084938,71.9696969697,20,56.3787878788,HOLD
2026-09-29,nifty-smallcap-100,NIFTY Smallcap 100,Broad Market,19193.55,30.4,0.659090909091,0.128992226797,34.0909090909,71.596890719,45.3427035793,HOLD
2026-09-29,nifty-smallcap-250,NIFTY Smallcap 250,Broad Market,17747.25,32.75,0.825757575758,-0.0684437095413,17.4242424242,20,18.196969697,SELL
2026-09-29,nifty-smallcap-50,NIFTY Smallcap 50,Broad Market,9628.05,30.82,0.628787878788,0.181215346681,37.1212121212,86.2430693362,51.8577692857,HOLD
2026-09-29,nifty-sme-emerge,NIFTY Sme Emerge,Strategy / Thematic / Other,15119.05,22.97,0.1328125,0.136893007277,86.71875,74.7572029106,83.1302858732,BUY
2026-09-29,nifty100-enhanced-esg,Nifty100 Enhanced ESG,Strategy / Thematic / Other,4722.25,19.9,0.00757575757576,0.0882464810662,99.2424242424,55.2985924265,86.0592746976,BUY
2026-09-29,nifty100-equal-weight,Nifty100 Equal Weight,Strategy / Thematic / Other,32913.95,19.82,0.128787878788,0.158039831095,87.1212121212,81.607966219,85.4672383506,BUY
2026-09-29,nifty100-esg,Nifty100 ESG,Strategy / Thematic / Other,4691.9,19.92,0.00757575757576,0.0744172178359,99.2424242424,49.7668871344,84.39976311,BUY
2026-09-29,nifty100-low-volatility-30,Nifty100 Low Volatility 30,Strategy / Thematic / Other,18901.25,23.33,0.113636363636,0.239788829445,88.6363636364,97.9577658891,91.4327843122,BUY
2026-09-29,nifty100-quality-30,Nifty100 Quality 30,Strategy / Thematic / Other,5306.25,25.56,0.0530303030303,0.078687469871,94.696969697,51.4749879484,81.7303751724,BUY
2026-09-29,nifty200-quality-30,Nifty200 Quality 30,Strategy / Thematic / Other,18919.5,25.64,0.0681818181818,0.0133585855075,93.1818181818,25.343434203,72.8303029882,BUY
2026-09-29,nifty50-equal-weight,Nifty50 Equal Weight,Strategy / Thematic / Other,31139.9,22.74,0.568181818182,0.0258178901274,43.1818181818,30.327156051,39.3254195426,SELL
2026-09-29,nifty50-shariah,Nifty50 Shariah,Strategy / Thematic / Other,3969.85,22.04,0.143939393939,-0.0834421446892,85.6060606061,20,65.9242424242,HOLD
2026-09-29,nifty50-value-20,Nifty50 Value 20,Strategy / Thematic / Other,11169.4,13.9,0.00757575757576,0.0617216531815,99.2424242424,44.6886612726,82.8762953515,BUY
2026-09-29,nifty500-shariah,Nifty500 Shariah,Strategy / Thematic / Other,6622.8,26.72,0.25,0.0030952018917,75,21.2380807567,58.871424227,HOLD
2026-09-30,nifty-100,NIFTY 100,Broad Market,23734.7,19.14,0.0298507462687,0.057437479326,97.0149253731,42.9749917304,80.8029452803,BUY
2026-09-30,nifty-200,NIFTY 200,Broad Market,13169.95,20.45,0.0298507462687,0.0761617335404,97.0149253731,50.4646934161,83.049855786,BUY
2026-09-30,nifty-50,NIFTY 50,Broad Market,22620.45,19.36,0.0149253731343,0.0330557356855,98.5074626866,33.2222942742,78.9219121629,BUY
2026-09-30,nifty-500,NIFTY 500,Broad Market,22072.1,21.77,0.134328358209,0.0614130357684,86.5671641791,44.5652143074,73.9665792176,BUY
2026-09-30,nifty-alpha-50,NIFTY Alpha 50,Strategy / Thematic / Other,54079.15,27.55,0.369230769231,0.626422702163,63.0769230769,100,74.1538461538,BUY
2026-09-30,nifty-alpha-low-volatility-30,NIFTY Alpha Low-Volatility 30,Strategy / Thematic / Other,25219.5,24.24,0.283582089552,0.292445264478,71.6417910448,100,80.1492537313,BUY
2026-09-30,nifty-alpha-quality-low-volatility-30,NIFTY Alpha Quality Low-Volatility 30,Strategy / Thematic / Other,21553.95,27.86,0.223880597015,0.270147112879,77.6119402985,100,84.328358209,BUY
2026-09-30,nifty-alpha-quality-value-low-volatility-30,NIFTY Alpha Quality Value Low-Volatility 30,Strategy / Thematic / Other,18997.3,15.71,0.10447761194,0.422392832274,89.552238806,100,92.6865671642,BUY
2026-09-30,nifty-auto,NIFTY Auto,Sectoral,26293.95,30.56,0.522388059701,-0.107904105478,47.7611940299,20,39.4328358209,SELL
2026-09-30,nifty-bank,NIFTY Bank,Sectoral,54633.05,12.95,0.0298507462687,0.165191248001,97.0149253731,83.0382496002,92.8219226413,BUY
2026-09-30,nifty-commodities,NIFTY Commodities,Strategy / Thematic / Other,9310,14.89,0.44776119403,0.200975625936,55.223880597,90.1951251872,65.7152539741,HOLD
2026-09-30,nifty-cpse,NIFTY Cpse,Strategy / Thematic / Other,6228.75,12.02,0.537313432836,0.0886479591097,46.2686567164,55.4591836439,49.0258147947,HOLD
2026-09-30,nifty-dividend-opportunities-50,NIFTY Dividend Opportunities 50,Strategy / Thematic / Other,5472.6,12.41,0.0746268656716,0.0690047064245,92.5373134328,47.6018825698,79.0566841739,BUY
2026-09-30,nifty-energy,NIFTY Energy,Sectoral,36636,14.5,0.597014925373,0.105949029934,40.2985074627,62.3796119735,46.9228388159,HOLD
2026-09-30,nifty-financial-services,NIFTY Financial Services,Sectoral,24649.5,15.11,0.0149253731343,0.0745141180727,98.5074626866,49.8056472291,83.8969180493,BUY
2026-09-30,nifty-fmcg,NIFTY FMCG,Sectoral,44508.45,30.87,0.0149253731343,0.0659874589071,98.5074626866,46.3949835628,82.8737189494,BUY
2026-09-30,nifty-growth-sectors-15,NIFTY Growth Sectors 15,Strategy / Thematic / Other,10539.5,24.57,0.0149253731343,0.141466917094,98.5074626866,76.5867668377,91.9312539319,BUY
2026-09-30,nifty-high-beta-50,NIFTY High Beta 50,Strategy / Thematic / Other,4188.65,22.92,0.746268656716,-0.0158391445024,25.3731343284,20,23.7611940299,SELL
2026-09-30,nifty-india-consumption,NIFTY India Consumption,Strategy / Thematic / Other,11072.65,37.11,0.0746268656716,0.0143458553417,92.5373134328,25.7383421367,72.497622044,BUY
2026-09-30,nifty-infrastructure,NIFTY Infrastructure,Strategy / Thematic / Other,8733.9,21.84,0.634328358209,-0.0361141642242,36.5671641791,20,31.5970149254,SELL
2026-09-30,nifty-it,NIFTY IT,Sectoral,27704.8,17.43,0.0298507462687,0.147187118409,97.0149253731,78.8748473635,91.5729019702,BUY
2026-09-30,nifty-largemidcap-250,NIFTY LargeMidcap 250,Broad Market,15757.7,22.86,0.10447761194,0.124756513735,89.552238806,69.9026054942,83.6573488124,BUY
2026-09-30,nifty-low-volatility-50,NIFTY Low Volatility 50,Strategy / Thematic / Other,23088.8,22.62,0.0149253731343,0.339334490403,98.5074626866,100,98.9552238806,BUY
2026-09-30,nifty-metal,NIFTY Metal,Sectoral,12760.5,16.74,0.432835820896,0.458007593504,56.7164179104,100,69.7014925373,HOLD
2026-09-30,nifty-midcap-100,NIFTY Midcap 100,Broad Market,59332.05,27.98,0.417910447761,0.226636232861,58.2089552239,95.3272465723,69.3444426284,HOLD
2026-09-30,nifty-midcap-150,NIFTY Midcap 150,Broad Market,21867.5,28.4,0.402985074627,0.201890888267,59.7014925373,90.3781776534,68.9044980721,HOLD
2026-09-30,nifty-midcap-50,NIFTY Midcap 50,Broad Market,17028.7,30.14,0.44776119403,0.168212302102,55.223880597,83.6424604204,63.749454544,HOLD
2026-09-30,nifty-midsmallcap-400,NIFTY Midsmallcap 400,Broad Market,20415,30.28,0.477611940299,0.0987565444436,52.2388059701,59.5026177774,54.4179495123,HOLD
2026-09-30,nifty-mnc,NIFTY Mnc,Strategy / Thematic / Other,30335.5,34.99,0.166666666667,0.0404895343753,83.3333333333,36.1958137501,69.1920774584,HOLD
2026-09-30,nifty-next-50,NIFTY Next 50,Broad Market,69746.95,18.28,0.0298507462687,0.161878029943,97.0149253731,82.3756059886,92.6231295578,BUY
2026-09-30,nifty-pharma,NIFTY Pharma,Sectoral,26438,40.9,0.955223880597,-0.00361736934222,4.4776119403,20,9.13432835821,SELL
2026-09-30,nifty-private-bank,NIFTY Private Bank,Sectoral,26695.6,16.49,0.298507462687,0.0871173026311,70.1492537313,54.8469210524,65.5585539277,HOLD
2026-09-30,nifty-pse,NIFTY Pse,Strategy / Thematic / Other,9360.4,10.54,0.597014925373,0.0810119584659,40.2985074627,52.4047833864,43.9303902398,HOLD
2026-09-30,nifty-quality-low-volatility-30,NIFTY Quality Low-Volatility 30,Strategy / Thematic / Other,15669.6,25.51,0.0298507462687,0.0689713586495,97.0149253731,47.5885434598,82.1870107991,BUY
2026-09-30,nifty-realty,NIFTY Realty,Sectoral,847.35,35.88,0.0909090909091,0.157129487642,90.9090909091,81.4258975284,88.0641328949,BUY
2026-09-30,nifty-services-sector,NIFTY Services Sector,Strategy / Thematic / Other,29013.9,20.4,0.246268656716,-0.0837272458981,75.3731343284,20,58.7611940299,HOLD
2026-09-30,nifty-shariah-25,NIFTY Shariah 25,Strategy / Thematic / Other,7415.9,24.5,0.253731343284,0.0914922181412,74.6268656716,56.5968872565,69.2178721471,HOLD
2026-09-30,nifty-smallcap-100,NIFTY Smallcap 100,Broad Market,19245.7,37.71,0.940298507463,-0.118632422324,5.97014925373,20,10.1791044776,SELL
2026-09-30,nifty-smallcap-250,NIFTY Smallcap 250,Broad Market,17798.8,34.45,0.925373134328,-0.0727103409724,7.46268656716,20,11.223880597,SELL
2026-09-30,nifty-smallcap-50,NIFTY Smallcap 50,Broad Market,9632.95,35.06,0.910447761194,-0.0466629183604,8.9552238806,20,12.2686567164,SELL
2026-09-30,nifty-sme-emerge,NIFTY Sme Emerge,Strategy / Thematic / Other,15215.05,23.48,0.138461538462,0.161650282218,86.1538461538,82.3300564436,85.0067092408,BUY
2026-09-30,nifty100-enhanced-esg,Nifty100 Enhanced ESG,Strategy / Thematic / Other,4714.1,19.88,0.0149253731343,0.09076315528,98.5074626866,56.305262112,85.8468025142,BUY
2026-09-30,nifty100-equal-weight,Nifty100 Equal Weight,Strategy / Thematic / Other,32860.75,19.33,0.10447761194,0.171915369645,89.552238806,84.3830739291,88.0014893429,BUY
2026-09-30,nifty100-esg,Nifty100 ESG,Strategy / Thematic / Other,4683.9,19.91,0.0149253731343,0.076537926124,98.5074626866,50.6151704496,84.1397750155,BUY
2026-09-30,nifty100-low-volatility-30,Nifty100 Low Volatility 30,Strategy / Thematic / Other,18785.65,23.71,0.164179104478,0.117981385388,83.5820895522,67.192554155,78.6652289331,BUY
2026-09-30,nifty100-quality-30,Nifty100 Quality 30,Strategy / Thematic / Other,5320.35,25.61,0.0597014925373,0.0798539611705,94.0298507463,51.9415844682,81.4033708629,BUY
2026-09-30,nifty200-quality-30,Nifty200 Quality 30,Strategy / Thematic / Other,18943.05,25.66,0.0746268656716,0.0141316331278,92.5373134328,25.6526532511,72.4719153783,BUY
2026-09-30,nifty50-equal-weight,Nifty50 Equal Weight,Strategy / Thematic / Other,30904.45,23.25,0.65671641791,0.00132301557257,34.328358209,20.529206229,30.188612615,SELL
2026-09-30,nifty50-shariah,Nifty50 Shariah,Strategy / Thematic / Other,3925.6,24.1,0.417910447761,-0.14820136944,58.2089552239,20,46.7462686567,HOLD
2026-09-30,nifty50-value-20,Nifty50 Value 20,Strategy / Thematic / Other,11145.3,13.99,0.0149253731343,0.0334520906756,98.5074626866,33.3808362702,78.9694747617,BUY
2026-09-30,nifty500-shariah,Nifty500 Shariah,Strategy / Thematic / Other,6594.4,27.27,0.253731343284,-0.00865608714977,74.6268656716,20,58.2388059701,HOLD
2026-09-30,nifty500-value-50,Nifty500 Value 50,Strategy / Thematic / Other,15228.4,9.92,0.559701492537,0.0746473297834,44.0298507463,49.8589319134,45.7785750964,HOLD
2026-10-01,nifty-100,NIFTY 100,Broad Market,23516.5,18.97,0.00746268656716,0.0572414858974,99.2537313433,42.896594359,82.346590248,BUY
2026-10-01,nifty-200,NIFTY 200,Broad Market,13046.45,20.25,0.0223880597015,0.0765410623215,97.7611940299,50.6164249286,83.6177632995,BUY
2026-10-01,nifty-50,NIFTY 50,Broad Market,22421.95,19.19,0.00746268656716,0.0331035258267,99.2537313433,33.2414103307,79.4500350395,BUY
2026-10-01,nifty-500,NIFTY 500,Broad Market,21857.75,21.56,0.0970149253731,0.0611971722415,90.2985074627,44.4788688966,76.5526158929,BUY
2026-10-01,nifty-alpha-50,NIFTY Alpha 50,Strategy / Thematic / Other,53855.85,27.44,0.361538461538,0.626101898307,63.8461538462,100,74.6923076923,BUY
2026-10-01,nifty-alpha-low-volatility-30,NIFTY Alpha Low-Volatility 30,Strategy / Thematic / Other,24935.1,23.97,0.261194029851,0.29245938221,73.8805970149,100,81.7164179104,BUY
2026-10-01,nifty-alpha-quality-low-volatility-30,NIFTY Alpha Quality Low-Volatility 30,Strategy / Thematic / Other,21292,27.52,0.186567164179,0.270186786436,81.3432835821,100,86.9402985075,BUY
2026-10-01,nifty-alpha-quality-value-low-volatility-30,NIFTY Alpha Quality Value Low-Volatility 30,Strategy / Thematic / Other,18721.05,15.48,0.0970149253731,0.42216529516,90.2985074627,100,93.2089552239,BUY
2026-10-01,nifty-auto,NIFTY Auto,Sectoral,25384.95,29.5,0.470149253731,-0.107946678835,52.9850746269,20,43.0895522388,HOLD
2026-10-01,nifty-bank,NIFTY Bank,Sectoral,54450.75,12.91,0.0223880597015,0.164392603694,97.7611940299,82.8785207387,93.2963920425,BUY
2026-10-01,nifty-commodities,NIFTY Commodities,Strategy / Thematic / Other,9130.25,14.6,0.410447761194,0.200616143186,58.9552238806,90.1232286372,68.3056253076,HOLD
2026-10-01,nifty-cpse,NIFTY Cpse,Strategy / Thematic / Other,6120.1,11.81,0.522388059701,0.0886113649269,47.7611940299,55.4445459708,50.0661996121,HOLD
2026-10-01,nifty-dividend-opportunities-50,NIFTY Dividend Opportunities 50,Strategy / Thematic / Other,5420,12.29,0.0522388059701,0.068793006622,94.776119403,47.5172026488,80.5984443767,BUY
2026-10-01,nifty-energy,NIFTY Energy,Sectoral,36388.15,14.41,0.559701492537,0.105392619364,44.0298507463,62.1570477456,49.4680098461,HOLD
2026-10-01,nifty-financial-services,NIFTY Financial Services,Sectoral,24556.1,15.05,0.00746268656716,0.0748841455596,99.2537313433,49.9536582239,84.4637094075,BUY
2026-10-01,nifty-fmcg,NIFTY FMCG,Sectoral,43789.85,30.37,0.00746268656716,0.065996859282,99.2537313433,46.3987437128,83.3972350541,BUY
2026-10-01,nifty-growth-sectors-15,NIFTY Growth Sectors 15,Strategy / Thematic / Other,10487.55,24.45,0.00746268656716,0.141589765894,99.2537313433,76.6359063574,92.4683838475,BUY
2026-10-01,nifty-high-beta-50,NIFTY High Beta 50,Strategy / Thematic / Other,4116.45,22.53,0.708955223881,-0.0161317574663,29.1044776119,20,26.3731343284,SELL
2026-10-01,nifty-india-consumption,NIFTY India Consumption,Strategy / Thematic / Other,10862.95,36.41,0.0522388059701,0.0141927838722,94.776119403,25.6771135489,74.0464176467,BUY
2026-10-01,nifty-infrastructure,NIFTY Infrastructure,Strategy / Thematic / Other,8605.15,21.52,0.5,-0.0361219831473,50,20,41,HOLD
2026-10-01,nifty-it,NIFTY IT,Sectoral,28304.7,17.8,0.0373134328358,0.147641416112,96.2686567164,79.0565664449,91.105029635,BUY
2026-10-01,nifty-largemidcap-250,NIFTY LargeMidcap 250,Broad Market,15604.7,22.64,0.0671641791045,0.124692582845,93.2835820896,69.8770331381,86.2616174041,BUY
2026-10-01,nifty-low-volatility-50,NIFTY Low Volatility 50,Strategy / Thematic / Other,22880.65,22.41,0.00746268656716,0.339574672652,99.2537313433,100,99.4776119403,BUY
2026-10-01,nifty-metal,NIFTY Metal,Sectoral,12460.7,16.34,0.39552238806,0.458241908292,60.447761194,100,72.3134328358,BUY
2026-10-01,nifty-midcap-100,NIFTY Midcap 100,Broad Market,58732,27.7,0.39552238806,0.226152774953,60.447761194,95.2305549906,70.882599333,BUY
2026-10-01,nifty-midcap-150,NIFTY Midcap 150,Broad Market,21643.85,28.1,0.380597014925,0.202164597671,61.9402985075,90.4329195343,70.4880848155,BUY
2026-10-01,nifty-midcap-50,NIFTY Midcap 50,Broad Market,16840.35,29.8,0.440298507463,0.168588692508,55.9701492537,83.7177385016,64.2944260281,HOLD
2026-10-01,nifty-midsmallcap-400,NIFTY Midsmallcap 400,Broad Market,20194.95,29.96,0.425373134328,0.0986555620474,57.4626865672,59.462224819,58.0625480427,HOLD
2026-10-01,nifty-mnc,NIFTY Mnc,Strategy / Thematic / Other,29972.45,34.57,0.143939393939,0.0404873882332,85.6060606061,36.1949552933,70.7827290122,BUY
2026-10-01,nifty-next-50,NIFTY Next 50,Broad Market,68981.35,18.08,0.0223880597015,0.161626344566,97.7611940299,82.3252689133,93.1304164949,BUY
2026-10-01,nifty-pharma,NIFTY Pharma,Sectoral,26311.55,40.7,0.94776119403,-0.00352327493607,5.22388059701,20,9.65671641791,SELL
2026-10-01,nifty-private-bank,NIFTY Private Bank,Sectoral,26697.25,16.49,0.298507462687,0.08714652317,70.1492537313,54.858609268,65.5620603923,HOLD
2026-10-01,nifty-pse,NIFTY Pse,Strategy / Thematic / Other,9208.65,10.37,0.574626865672,0.0815380273105,42.5373134328,52.6152109242,45.5606826802,HOLD
2026-10-01,nifty-quality-low-volatility-30,NIFTY Quality Low-Volatility 30,Strategy / Thematic / Other,15540.9,25.3,0.0223880597015,0.0689179779453,97.7611940299,47.5671911781,82.7029931743,BUY
2026-10-01,nifty-realty,NIFTY Realty,Sectoral,835,35.36,0.0681818181818,0.157088993741,93.1818181818,81.4177987482,89.6526123517,BUY
2026-10-01,nifty-services-sector,NIFTY Services Sector,Strategy / Thematic / Other,28957.9,20.36,0.208955223881,-0.0838317586079,79.1044776119,20,61.3731343284,HOLD
2026-10-01,nifty-shariah-25,NIFTY Shariah 25,Strategy / Thematic / Other,7379.85,24.39,0.246268656716,0.0910476851452,75.3731343284,56.4190740581,69.6869162473,HOLD
2026-10-01,nifty-smallcap-100,NIFTY Smallcap 100,Broad Market,19058.65,37.37,0.932835820896,-0.119357339818,6.71641791045,20,10.7014925373,SELL
2026-10-01,nifty-smallcap-250,NIFTY Smallcap 250,Broad Market,17589.05,34.05,0.873134328358,-0.072782751666,12.6865671642,20,14.8805970149,SELL
2026-10-01,nifty-smallcap-50,NIFTY Smallcap 50,Broad Market,9534.7,34.73,0.902985074627,-0.0474318012693,9.70149253731,20,12.7910447761,SELL
2026-10-01,nifty-sme-emerge,NIFTY Sme Emerge,Strategy / Thematic / Other,14993.35,23.14,0.130769230769,0.16133190696,86.9230769231,82.2663813919,85.5260682637,BUY
2026-10-01,nifty100-enhanced-esg,Nifty100 Enhanced ESG,Strategy / Thematic / Other,4675.65,19.72,0.00746268656716,0.090326913125,99.2537313433,56.13076525,86.3168415153,BUY
2026-10-01,nifty100-equal-weight,Nifty100 Equal Weight,Strategy / Thematic / Other,32490.75,19.11,0.0820895522388,0.171810898904,91.7910447761,84.3621797808,89.5623852775,BUY
2026-10-01,nifty100-esg,Nifty100 ESG,Strategy / Thematic / Other,4645.6,19.74,0.00746268656716,0.0768474126289,99.2537313433,50.7389650516,84.6993014558,BUY
2026-10-01,nifty100-low-volatility-30,Nifty100 Low Volatility 30,Strategy / Thematic / Other,18587.95,23.46,0.126865671642,0.118176613509,87.3134328358,67.2706454037,81.3005966062,BUY
2026-10-01,nifty100-quality-30,Nifty100 Quality 30,Strategy / Thematic / Other,5261.85,25.32,0.0373134328358,0.0801038076152,96.2686567164,52.0415230461,83.0005166153,BUY
2026-10-01,nifty200-quality-30,Nifty200 Quality 30,Strategy / Thematic / Other,18803.9,25.47,0.0671641791045,0.0142256254979,93.2835820896,25.6902501991,73.0055825224,BUY
2026-10-01,nifty50-equal-weight,Nifty50 Equal Weight,Strategy / Thematic / Other,30532.4,22.97,0.619402985075,0.0014740849449,38.0597014925,20.589633978,32.8186812382,SELL
2026-10-01,nifty50-shariah,Nifty50 Shariah,Strategy / Thematic / Other,3929.1,24.12,0.425373134328,-0.148091421699,57.4626865672,20,46.223880597,HOLD
2026-10-01,nifty50-value-20,Nifty50 Value 20,Strategy / Thematic / Other,11105.25,13.94,0.00746268656716,0.0338013917936,99.2537313433,33.5205567174,79.5337789555,BUY
2026-10-01,nifty500-shariah,Nifty500 Shariah,Strategy / Thematic / Other,6569.55,27.16,0.246268656716,-0.00831887359409,75.3731343284,20,58.7611940299,HOLD
2026-10-01,nifty500-value-50,Nifty500 Value 50,Strategy / Thematic / Other,14984.2,9.76,0.514925373134,0.0748421422028,48.5074626866,49.9368568811,48.9362809449,HOLD
2026-10-05,nifty-100,NIFTY 100,Broad Market,23645.3,19.07,0.00746268656716,0.0571382581773,99.2537313433,42.8553032709,82.3342029216,BUY
2026-10-05,nifty-200,NIFTY 200,Broad Market,13121.05,20.37,0.0223880597015,0.0766097504343,97.7611940299,50.6439001737,83.626005873,BUY
2026-10-05,nifty-50,NIFTY 50,Broad Market,22555.75,19.3,0.00746268656716,0.0332869852949,99.2537313433,33.314794118,79.4720501757,BUY
2026-10-05,nifty-500,NIFTY 500,Broad Market,21971.6,21.67,0.111940298507,0.0615719144965,88.8059701493,44.6287657986,75.5528088441,BUY
2026-10-05,nifty-alpha-50,NIFTY Alpha 50,Strategy / Thematic / Other,54448.6,27.74,0.376923076923,0.626255675399,62.3076923077,100,73.6153846154,BUY
2026-10-05,nifty-alpha-low-volatility-30,NIFTY Alpha Low-Volatility 30,Strategy / Thematic / Other,25011.5,24.04,0.261194029851,0.292429641496,73.8805970149,100,81.7164179104,BUY
2026-10-05,nifty-alpha-quality-low-volatility-30,NIFTY Alpha Quality Low-Volatility 30,Strategy / Thematic / Other,21357.9,27.6,0.201492537313,0.270494056586,79.8507462687,100,85.8955223881,BUY
2026-10-05,nifty-alpha-quality-value-low-volatility-30,NIFTY Alpha Quality Value Low-Volatility 30,Strategy / Thematic / Other,18830.4,15.57,0.0970149253731,0.422579267962,90.2985074627,100,93.2089552239,BUY
2026-10-05,nifty-auto,NIFTY Auto,Sectoral,25421.9,29.55,0.470149253731,-0.107963007794,52.9850746269,20,43.0895522388,HOLD
2026-10-05,nifty-bank,NIFTY Bank,Sectoral,54714.1,12.97,0.0373134328358,0.164868359306,96.2686567164,82.9736718612,92.2801612599,BUY
2026-10-05,nifty-commodities,NIFTY Commodities,Strategy / Thematic / Other,9182.55,14.68,0.425373134328,0.201302670127,57.4626865672,90.2605340254,67.3020408046,HOLD
2026-10-05,nifty-cpse,NIFTY Cpse,Strategy / Thematic / Other,6182.2,11.93,0.529850746269,0.0886202931604,47.0149253731,55.4481172642,49.5448829404,HOLD
2026-10-05,nifty-dividend-opportunities-50,NIFTY Dividend Opportunities 50,Strategy / Thematic / Other,5459.2,12.38,0.0671641791045,0.0691509314368,93.2835820896,47.6603725747,79.5966192351,BUY
2026-10-05,nifty-energy,NIFTY Energy,Sectoral,36594.65,14.49,0.582089552239,0.105842132554,41.7910447761,62.3368530218,47.9547872498,HOLD
2026-10-05,nifty-financial-services,NIFTY Financial Services,Sectoral,24656.4,15.11,0.0149253731343,0.0744116150334,98.5074626866,49.7646460134,83.8846176846,BUY
2026-10-05,nifty-fmcg,NIFTY FMCG,Sectoral,44579.65,30.91,0.0223880597015,0.0663104064084,97.7611940299,46.5241625634,82.3900845899,BUY
2026-10-05,nifty-growth-sectors-15,NIFTY Growth Sectors 15,Strategy / Thematic / Other,10465.95,24.4,0.00746268656716,0.14144960945,99.2537313433,76.57984378,92.4515650743,BUY
2026-10-05,nifty-high-beta-50,NIFTY High Beta 50,Strategy / Thematic / Other,4164.5,22.79,0.731343283582,-0.0158792670815,26.8656716418,20,24.8059701493,SELL
2026-10-05,nifty-india-consumption,NIFTY India Consumption,Strategy / Thematic / Other,10943.6,36.68,0.0522388059701,0.0141654561834,94.776119403,25.6661824734,74.0431383241,BUY
2026-10-05,nifty-infrastructure,NIFTY Infrastructure,Strategy / Thematic / Other,8692.95,21.74,0.597014925373,-0.0361428038897,40.2985074627,20,34.2089552239,SELL
2026-10-05,nifty-it,NIFTY IT,Sectoral,28301.65,17.8,0.0373134328358,0.147885273435,96.2686567164,79.154109374,91.1342925137,BUY
2026-10-05,nifty-largemidcap-250,NIFTY LargeMidcap 250,Broad Market,15687.65,22.76,0.0820895522388,0.124913251323,91.7910447761,69.9653005292,85.2433215021,BUY
2026-10-05,nifty-low-volatility-50,NIFTY Low Volatility 50,Strategy / Thematic / Other,22947.1,22.48,0.00746268656716,0.339149982342,99.2537313433,100,99.4776119403,BUY
2026-10-05,nifty-metal,NIFTY Metal,Sectoral,12498,16.39,0.39552238806,0.458728599988,60.447761194,100,72.3134328358,BUY
2026-10-05,nifty-midcap-100,NIFTY Midcap 100,Broad Market,59123.65,27.88,0.39552238806,0.226584766038,60.447761194,95.3169532077,70.9085187981,BUY
2026-10-05,nifty-midcap-150,NIFTY Midcap 150,Broad Market,21755.3,28.25,0.39552238806,0.201913545253,60.447761194,90.3827090506,69.428245551,HOLD
2026-10-05,nifty-midcap-50,NIFTY Midcap 50,Broad Market,16911.25,29.93,0.440298507463,0.168430289333,55.9701492537,83.6860578666,64.2849218376,HOLD
2026-10-05,nifty-midsmallcap-400,NIFTY Midsmallcap 400,Broad Market,20289.05,30.1,0.455223880597,0.0985138323321,54.4776119403,59.4055329328,55.9559882381,HOLD
2026-10-05,nifty-mnc,NIFTY Mnc,Strategy / Thematic / Other,30018.6,34.63,0.143939393939,0.0404351395898,85.6060606061,36.1740558359,70.776459175,BUY
2026-10-05,nifty-next-50,NIFTY Next 50,Broad Market,69213.75,18.14,0.0223880597015,0.161585472057,97.7611940299,82.3170944113,93.1279641443,BUY
2026-10-05,nifty-pharma,NIFTY Pharma,Sectoral,26117.1,40.4,0.94776119403,-0.00369776758246,5.22388059701,20,9.65671641791,SELL
2026-10-05,nifty-private-bank,NIFTY Private Bank,Sectoral,26718.15,16.5,0.305970149254,0.0875105991987,69.4029850746,55.0042396795,65.0833614561,HOLD
2026-10-05,nifty-pse,NIFTY Pse,Strategy / Thematic / Other,9283.55,10.45,0.589552238806,0.0818818147696,41.0447761194,52.7527259078,44.5571610559,HOLD
2026-10-05,nifty-quality-low-volatility-30,NIFTY Quality Low-Volatility 30,Strategy / Thematic / Other,15571.6,25.35,0.0223880597015,0.0691300511894,97.7611940299,47.6520204758,82.7284419636,BUY
2026-10-05,nifty-realty,NIFTY Realty,Sectoral,839.7,35.56,0.0681818181818,0.157096577544,93.1818181818,81.4193155087,89.6530673799,BUY
2026-10-05,nifty-services-sector,NIFTY Services Sector,Strategy / Thematic / Other,29069.15,20.44,0.261194029851,-0.0839209221275,73.8805970149,20,57.7164179104,HOLD
2026-10-05,nifty-shariah-25,NIFTY Shariah 25,Strategy / Thematic / Other,7365.7,24.34,0.246268656716,0.0910890630235,75.3731343284,56.4356252094,69.6918815927,HOLD
2026-10-05,nifty-smallcap-100,NIFTY Smallcap 100,Broad Market,19149.1,37.54,0.932835820896,-0.119218565983,6.71641791045,20,10.7014925373,SELL
2026-10-05,nifty-smallcap-250,NIFTY Smallcap 250,Broad Market,17655.35,34.18,0.888059701493,-0.0728848132643,11.1940298507,20,13.8358208955,SELL
2026-10-05,nifty-smallcap-50,NIFTY Smallcap 50,Broad Market,9560.95,34.83,0.902985074627,-0.0477027710172,9.70149253731,20,12.7910447761,SELL
2026-10-05,nifty-sme-emerge,NIFTY Sme Emerge,Strategy / Thematic / Other,15041.6,23.21,0.130769230769,0.161566827877,86.9230769231,82.3133655755,85.5401635188,BUY
2026-10-05,nifty100-enhanced-esg,Nifty100 Enhanced ESG,Strategy / Thematic / Other,4688.9,19.78,0.00746268656716,0.0902530803078,99.2537313433,56.1012321231,86.3079815772,BUY
2026-10-05,nifty100-equal-weight,Nifty100 Equal Weight,Strategy / Thematic / Other,32626.5,19.19,0.0820895522388,0.171716990497,91.7910447761,84.3433980994,89.5567507731,BUY
2026-10-05,nifty100-esg,Nifty100 ESG,Strategy / Thematic / Other,4658.7,19.8,0.00746268656716,0.0767843822962,99.2537313433,50.7137529185,84.6917378158,BUY
2026-10-05,nifty100-low-volatility-30,Nifty100 Low Volatility 30,Strategy / Thematic / Other,18677.6,23.57,0.126865671642,0.11842512574,87.3134328358,67.3700502962,81.3304180739,BUY
2026-10-05,nifty100-quality-30,Nifty100 Quality 30,Strategy / Thematic / Other,5286.75,25.44,0.0373134328358,0.0801767507678,96.2686567164,52.0707003071,83.0092697936,BUY
2026-10-05,nifty200-quality-30,Nifty200 Quality 30,Strategy / Thematic / Other,18905.4,25.61,0.0671641791045,0.0140285718879,93.2835820896,25.6114287552,72.9819360892,BUY
2026-10-05,nifty50-equal-weight,Nifty50 Equal Weight,Strategy / Thematic / Other,30700.05,23.09,0.619402985075,0.00173392481317,38.0597014925,20.6935699253,32.8498620224,SELL
2026-10-05,nifty50-shariah,Nifty50 Shariah,Strategy / Thematic / Other,3923.3,24.09,0.410447761194,-0.148106997066,58.9552238806,20,47.2686567164,HOLD
2026-10-05,nifty50-value-20,Nifty50 Value 20,Strategy / Thematic / Other,11164.8,14.01,0.0223880597015,0.034350718711,97.7611940299,33.7402874844,78.5549220662,BUY
2026-10-05,nifty500-shariah,Nifty500 Shariah,Strategy / Thematic / Other,6569.6,27.16,0.246268656716,-0.00851057943922,75.3731343284,20,58.7611940299,HOLD
2026-10-05,nifty500-value-50,Nifty500 Value 50,Strategy / Thematic / Other,15094.15,9.83,0.537313432836,0.0745782638024,46.2686567164,49.8313055209,47.3374513578,HOLD
2026-10-06,nifty-100,NIFTY 100,Broad Market,23881.7,19.26,0.0373134328358,0.0573503399294,96.2686567164,42.9401359718,80.270100493,BUY
2026-10-06,nifty-200,NIFTY 200,Broad Market,13254.3,20.58,0.0373134328358,0.0762135133249,96.2686567164,50.4854053299,82.5336813005,BUY
2026-10-06,nifty-50,NIFTY 50,Broad Market,22776.1,19.49,0.0223880597015,0.0335755491315,97.7611940299,33.4302196526,78.4619017167,BUY
2026-10-06,nifty-500,NIFTY 500,Broad Market,22202.85,21.9,0.186567164179,0.0615389481676,81.3432835821,44.615579267,70.3249722876,BUY
2026-10-06,nifty-alpha-50,NIFTY Alpha 50,Strategy / Thematic / Other,55418.2,28.23,0.392307692308,0.626664568003,60.7692307692,100,72.5384615385,BUY
2026-10-06,nifty-alpha-low-volatility-30,NIFTY Alpha Low-Volatility 30,Strategy / Thematic / Other,25180.9,24.2,0.276119402985,0.292624366225,72.3880597015,100,80.671641791,BUY
2026-10-06,nifty-alpha-quality-low-volatility-30,NIFTY Alpha Quality Low-Volatility 30,Strategy / Thematic / Other,21586.2,27.9,0.231343283582,0.270495221176,76.8656716418,100,83.8059701493,BUY
2026-10-06,nifty-alpha-quality-value-low-volatility-30,NIFTY Alpha Quality Value Low-Volatility 30,Strategy / Thematic / Other,18908,15.64,0.0970149253731,0.421588956028,90.2985074627,100,93.2089552239,BUY
2026-10-06,nifty-auto,NIFTY Auto,Sectoral,25541.95,29.69,0.470149253731,-0.108231042519,52.9850746269,20,43.0895522388,HOLD
2026-10-06,nifty-bank,NIFTY Bank,Sectoral,55128.4,13.07,0.0373134328358,0.164530352815,96.2686567164,82.9060705629,92.2598808704,BUY
2026-10-06,nifty-commodities,NIFTY Commodities,Strategy / Thematic / Other,9239.3,14.77,0.440298507463,0.20090778398,55.9701492537,90.1815567961,66.2335715164,HOLD
2026-10-06,nifty-cpse,NIFTY Cpse,Strategy / Thematic / Other,6163.25,11.89,0.529850746269,0.0886859614073,47.0149253731,55.4743845629,49.5527631301,HOLD
2026-10-06,nifty-dividend-opportunities-50,NIFTY Dividend Opportunities 50,Strategy / Thematic / Other,5466.15,12.4,0.0671641791045,0.068926889976,93.2835820896,47.5707559904,79.5697342598,BUY
2026-10-06,nifty-energy,NIFTY Energy,Sectoral,36915.75,14.61,0.60447761194,0.105870135965,39.552238806,62.3480543858,46.3909834799,HOLD
2026-10-06,nifty-financial-services,NIFTY Financial Services,Sectoral,24946.05,15.29,0.0223880597015,0.0743676515439,97.7611940299,49.7470606175,83.3569540062,BUY
2026-10-06,nifty-fmcg,NIFTY FMCG,Sectoral,45205.35,31.35,0.0223880597015,0.0661927441109,97.7611940299,46.4770976444,82.3759651142,BUY
2026-10-06,nifty-growth-sectors-15,NIFTY Growth Sectors 15,Strategy / Thematic / Other,10503.4,24.49,0.00746268656716,0.14160670908,99.2537313433,76.6426836318,92.4704170298,BUY
2026-10-06,nifty-high-beta-50,NIFTY High Beta 50,Strategy / Thematic / Other,4195.05,22.96,0.768656716418,-0.0162294123744,23.1343283582,20,22.1940298507,SELL
2026-10-06,nifty-india-consumption,NIFTY India Consumption,Strategy / Thematic / Other,11074.35,37.11,0.0746268656716,0.0145038270332,92.5373134328,25.8015308133,72.516578647,BUY
2026-10-06,nifty-infrastructure,NIFTY Infrastructure,Strategy / Thematic / Other,8797.55,22,0.649253731343,-0.0362332266427,35.0746268657,20,30.552238806,SELL
2026-10-06,nifty-it,NIFTY IT,Sectoral,28136.05,17.7,0.0373134328358,0.147254951588,96.2686567164,78.901980635,91.058653892,BUY
2026-10-06,nifty-largemidcap-250,NIFTY LargeMidcap 250,Broad Market,15846.85,22.99,0.126865671642,0.12489793668,87.3134328358,69.9591746719,82.1071553866,BUY
2026-10-06,nifty-low-volatility-50,NIFTY Low Volatility 50,Strategy / Thematic / Other,23147.25,22.67,0.0223880597015,0.339798014768,97.7611940299,100,98.4328358209,BUY
2026-10-06,nifty-metal,NIFTY Metal,Sectoral,12599.75,16.53,0.39552238806,0.45779237373,60.447761194,100,72.3134328358,BUY
2026-10-06,nifty-midcap-100,NIFTY Midcap 100,Broad Market,59761.2,28.19,0.425373134328,0.225958341512,57.4626865672,95.1916683024,68.7813810877,HOLD
2026-10-06,nifty-midcap-150,NIFTY Midcap 150,Broad Market,21979.45,28.54,0.410447761194,0.202127146588,58.9552238806,90.4254293175,68.3962855117,HOLD
2026-10-06,nifty-midcap-50,NIFTY Midcap 50,Broad Market,17119.7,30.3,0.455223880597,0.168406658318,54.4776119403,83.6813316636,63.2387278573,HOLD
2026-10-06,nifty-midsmallcap-400,NIFTY Midsmallcap 400,Broad Market,20524.6,30.45,0.5,0.098608563727,50,59.4434254908,52.8330276472,HOLD
2026-10-06,nifty-mnc,NIFTY Mnc,Strategy / Thematic / Other,30489.45,35.17,0.174242424242,0.0405984042656,82.5757575758,36.2393617063,68.6748388149,HOLD
2026-10-06,nifty-next-50,NIFTY Next 50,Broad Market,69973.7,18.34,0.0522388059701,0.162014538018,94.776119403,82.4029076036,91.0641558632,BUY
2026-10-06,nifty-pharma,NIFTY Pharma,Sectoral,26549.6,41.07,0.962686567164,-0.00360913709565,3.73134328358,20,8.61194029851,SELL
2026-10-06,nifty-private-bank,NIFTY Private Bank,Sectoral,27093.75,16.74,0.335820895522,0.0868307896668,66.4179104478,54.7323158667,62.9122320734,HOLD
2026-10-06,nifty-pse,NIFTY Pse,Strategy / Thematic / Other,9346.45,10.52,0.589552238806,0.0819849862172,41.0447761194,52.7939944869,44.5695416296,HOLD
2026-10-06,nifty-quality-low-volatility-30,NIFTY Quality Low-Volatility 30,Strategy / Thematic / Other,15739.05,25.62,0.0373134328358,0.0692744715515,96.2686567164,47.7097886206,81.7009962877,BUY
2026-10-06,nifty-realty,NIFTY Realty,Sectoral,837.45,35.46,0.0681818181818,0.157143169536,93.1818181818,81.4286339072,89.6558628994,BUY
2026-10-06,nifty-services-sector,NIFTY Services Sector,Strategy / Thematic / Other,29240.7,20.56,0.276119402985,-0.0838526390513,72.3880597015,20,56.671641791,HOLD
2026-10-06,nifty-shariah-25,NIFTY Shariah 25,Strategy / Thematic / Other,7479.2,24.71,0.276119402985,0.0915010837153,72.3880597015,56.6004334861,67.6517718369,HOLD
2026-10-06,nifty-smallcap-100,NIFTY Smallcap 100,Broad Market,19448.7,38.13,0.94776119403,-0.119170869012,5.22388059701,20,9.65671641791,SELL
2026-10-06,nifty-smallcap-250,NIFTY Smallcap 250,Broad Market,17902.3,34.66,0.932835820896,-0.0731378466844,6.71641791045,20,10.7014925373,SELL
2026-10-06,nifty-smallcap-50,NIFTY Smallcap 50,Broad Market,9700.9,35.34,0.917910447761,-0.0474897083184,8.20895522388,20,11.7462686567,SELL
2026-10-06,nifty-sme-emerge,NIFTY Sme Emerge,Strategy / Thematic / Other,15196.75,23.33,0.130769230769,0.167638837336,86.9230769231,83.5277674672,85.9044840863,BUY
2026-10-06,nifty100-enhanced-esg,Nifty100 Enhanced ESG,Strategy / Thematic / Other,4730.5,19.95,0.0223880597015,0.0904523288989,97.7611940299,56.1809315596,85.2871152888,BUY
2026-10-06,nifty100-equal-weight,Nifty100 Equal Weight,Strategy / Thematic / Other,32934.1,19.37,0.111940298507,0.172019785567,88.8059701493,84.4039571133,87.4853662385,BUY
2026-10-06,nifty100-esg,Nifty100 ESG,Strategy / Thematic / Other,4699.75,19.97,0.0223880597015,0.0765913856407,97.7611940299,50.6365542563,83.6238020978,BUY
2026-10-06,nifty100-low-volatility-30,Nifty100 Low Volatility 30,Strategy / Thematic / Other,18857.45,23.8,0.171641791045,0.118192790138,82.8358208955,67.2771160553,78.1682094434,BUY
2026-10-06,nifty100-quality-30,Nifty100 Quality 30,Strategy / Thematic / Other,5329.9,25.65,0.0671641791045,0.080208153414,93.2835820896,52.0832613656,80.9234858724,BUY
2026-10-06,nifty200-quality-30,Nifty200 Quality 30,Strategy / Thematic / Other,19057,25.82,0.0970149253731,0.013795958869,90.2985074627,25.5183835476,70.8644702882,BUY
2026-10-06,nifty50-equal-weight,Nifty50 Equal Weight,Strategy / Thematic / Other,30980.95,23.3,0.679104477612,0.00153027140272,32.0895522388,20.6121085611,28.6463191355,SELL
2026-10-06,nifty50-shariah,Nifty50 Shariah,Strategy / Thematic / Other,3962.95,24.33,0.455223880597,-0.148181785367,54.4776119403,20,44.1343283582,HOLD
2026-10-06,nifty50-value-20,Nifty50 Value 20,Strategy / Thematic / Other,11228.25,14.09,0.0223880597015,0.0343360106013,97.7611940299,33.7344042405,78.553157093,BUY
2026-10-06,nifty500-shariah,Nifty500 Shariah,Strategy / Thematic / Other,6652.7,27.51,0.305970149254,-0.00873559350243,69.4029850746,20,54.5820895522,HOLD
2026-10-06,nifty500-value-50,Nifty500 Value 50,Strategy / Thematic / Other,15131.8,9.85,0.544776119403,0.0754424645938,45.5223880597,50.1769858375,46.918767393,HOLD
2026-10-07,nifty-100,NIFTY 100,Broad Market,23697.75,19.11,0.00746268656716,0.0576008205435,99.2537313433,43.0403282174,82.3897104055,BUY
2026-10-07,nifty-200,NIFTY 200,Broad Market,13155.9,20.42,0.0223880597015,0.0769061622585,97.7611940299,50.7624649034,83.6615752919,BUY
2026-10-07,nifty-50,NIFTY 50,Broad Market,22603.05,19.34,0.00746268656716,0.0333471389531,99.2537313433,33.3388555812,79.4792686147,BUY
2026-10-07,nifty-500,NIFTY 500,Broad Market,22059.9,21.75,0.111940298507,0.0619028028802,88.8059701493,44.7611211521,75.5925154501,BUY
2026-10-07,nifty-alpha-50,NIFTY Alpha 50,Strategy / Thematic / Other,55676.95,28.36,0.392307692308,0.62653077507,60.7692307692,100,72.5384615385,BUY
2026-10-07,nifty-alpha-low-volatility-30,NIFTY Alpha Low-Volatility 30,Strategy / Thematic / Other,24910.35,23.94,0.261194029851,0.292689744494,73.8805970149,100,81.7164179104,BUY
2026-10-07,nifty-alpha-quality-low-volatility-30,NIFTY Alpha Quality Low-Volatility 30,Strategy / Thematic / Other,21382.25,27.63,0.201492537313,0.270803942667,79.8507462687,100,85.8955223881,BUY
2026-10-07,nifty-alpha-quality-value-low-volatility-30,NIFTY Alpha Quality Value Low-Volatility 30,Strategy / Thematic / Other,18736.7,15.5,0.0970149253731,0.421457844663,90.2985074627,100,93.2089552239,BUY
2026-10-07,nifty-auto,NIFTY Auto,Sectoral,25138.9,29.22,0.470149253731,-0.108158098495,52.9850746269,20,43.0895522388,HOLD
2026-10-07,nifty-bank,NIFTY Bank,Sectoral,55055.55,13.05,0.0373134328358,0.16498881847,96.2686567164,82.9977636941,92.2873888097,BUY
2026-10-07,nifty-commodities,NIFTY Commodities,Strategy / Thematic / Other,9107.25,14.56,0.410447761194,0.201075945298,58.9552238806,90.2151890597,68.3332134343,HOLD
2026-10-07,nifty-cpse,NIFTY Cpse,Strategy / Thematic / Other,6091.6,11.75,0.514925373134,0.0887587059382,48.5074626866,55.5034823753,50.6062685932,HOLD
2026-10-07,nifty-dividend-opportunities-50,NIFTY Dividend Opportunities 50,Strategy / Thematic / Other,5411.1,12.27,0.0522388059701,0.0690789871147,94.776119403,47.6315948459,80.6327620359,BUY
2026-10-07,nifty-energy,NIFTY Energy,Sectoral,36683.45,14.52,0.60447761194,0.106149492141,39.552238806,62.4597968562,46.424506221,HOLD
2026-10-07,nifty-financial-services,NIFTY Financial Services,Sectoral,24916.4,15.27,0.0223880597015,0.0749247282341,97.7611940299,49.9698912937,83.423803209,BUY
2026-10-07,nifty-fmcg,NIFTY FMCG,Sectoral,44800.85,31.07,0.0223880597015,0.0661021155474,97.7611940299,46.440846219,82.3650896866,BUY
2026-10-07,nifty-growth-sectors-15,NIFTY Growth Sectors 15,Strategy / Thematic / Other,10339.65,24.1,0.00746268656716,0.141831284637,99.2537313433,76.7325138547,92.4973660967,BUY
2026-10-07,nifty-high-beta-50,NIFTY High Beta 50,Strategy / Thematic / Other,4169.3,22.81,0.738805970149,-0.0156686422429,26.1194029851,20,24.2835820896,SELL
2026-10-07,nifty-india-consumption,NIFTY India Consumption,Strategy / Thematic / Other,10976.65,36.79,0.0522388059701,0.014225973791,94.776119403,25.6903895164,74.050400437,BUY
2026-10-07,nifty-infrastructure,NIFTY Infrastructure,Strategy / Thematic / Other,8728.5,21.83,0.619402985075,-0.0363992865797,38.0597014925,20,32.6417910448,SELL
2026-10-07,nifty-it,NIFTY IT,Sectoral,27757.8,17.46,0.0373134328358,0.147362895452,96.2686567164,78.9451581808,91.0716071557,BUY
2026-10-07,nifty-largemidcap-250,NIFTY LargeMidcap 250,Broad Market,15734.8,22.83,0.0820895522388,0.124836901696,91.7910447761,69.9347606785,85.2341595468,BUY
2026-10-07,nifty-low-volatility-50,NIFTY Low Volatility 50,Strategy / Thematic / Other,22947.35,22.48,0.00746268656716,0.339453621011,99.2537313433,100,99.4776119403,BUY
2026-10-07,nifty-metal,NIFTY Metal,Sectoral,12306.7,16.14,0.380597014925,0.457930502568,61.9402985075,100,73.3582089552,BUY
2026-10-07,nifty-midcap-100,NIFTY Midcap 100,Broad Market,59382.6,28.01,0.425373134328,0.226070004122,57.4626865672,95.2140008243,68.7880808443,HOLD
2026-10-07,nifty-midcap-150,NIFTY Midcap 150,Broad Market,21838,28.36,0.39552238806,0.201884488711,60.447761194,90.3768977423,69.4265021585,HOLD
2026-10-07,nifty-midcap-50,NIFTY Midcap 50,Broad Market,16990.85,30.07,0.440298507463,0.168570045516,55.9701492537,83.7140091032,64.2933072086,HOLD
2026-10-07,nifty-midsmallcap-400,NIFTY Midsmallcap 400,Broad Market,20445.7,30.33,0.485074626866,0.0985403585968,51.4925373134,59.4161434387,53.869619151,HOLD
2026-10-07,nifty-mnc,NIFTY Mnc,Strategy / Thematic / Other,30139.55,34.77,0.159090909091,0.0402737017572,84.0909090909,36.1094807029,69.6964805745,HOLD
2026-10-07,nifty-next-50,NIFTY Next 50,Broad Market,69404,18.19,0.0223880597015,0.161799534948,97.7611940299,82.3599069895,93.1408079178,BUY
2026-10-07,nifty-pharma,NIFTY Pharma,Sectoral,26436.55,40.9,0.955223880597,-0.00393838203401,4.4776119403,20,9.13432835821,SELL
2026-10-07,nifty-private-bank,NIFTY Private Bank,Sectoral,27115.9,16.75,0.335820895522,0.0867892379731,66.4179104478,54.7156951893,62.9072458702,HOLD
2026-10-07,nifty-pse,NIFTY Pse,Strategy / Thematic / Other,9232.35,10.39,0.574626865672,0.0818885195826,42.5373134328,52.7554078331,45.6027417529,HOLD
2026-10-07,nifty-quality-low-volatility-30,NIFTY Quality Low-Volatility 30,Strategy / Thematic / Other,15607.05,25.41,0.0223880597015,0.0687915229435,97.7611940299,47.5166091774,82.6878185741,BUY
2026-10-07,nifty-realty,NIFTY Realty,Sectoral,822.6,34.83,0.0378787878788,0.157173578094,96.2121212121,81.4347156188,91.7788995341,BUY
2026-10-07,nifty-services-sector,NIFTY Services Sector,Strategy / Thematic / Other,29059,20.43,0.261194029851,-0.0835231241496,73.8805970149,20,57.7164179104,HOLD
2026-10-07,nifty-shariah-25,NIFTY Shariah 25,Strategy / Thematic / Other,7394.55,24.43,0.246268656716,0.0914279560737,75.3731343284,56.5711824295,69.7325487587,HOLD
2026-10-07,nifty-smallcap-100,NIFTY Smallcap 100,Broad Market,19506.95,38.25,0.94776119403,-0.11917916603,5.22388059701,20,9.65671641791,SELL
2026-10-07,nifty-smallcap-250,NIFTY Smallcap 250,Broad Market,17917.75,34.69,0.932835820896,-0.0729449806888,6.71641791045,20,10.7014925373,SELL
2026-10-07,nifty-smallcap-50,NIFTY Smallcap 50,Broad Market,9728.5,35.44,0.932835820896,-0.0476520895142,6.71641791045,20,10.7014925373,SELL
2026-10-07,nifty-sme-emerge,NIFTY Sme Emerge,Strategy / Thematic / Other,15240.55,23.38,0.130769230769,0.168376086189,86.9230769231,83.6752172378,85.9487190175,BUY
2026-10-07,nifty100-enhanced-esg,Nifty100 Enhanced ESG,Strategy / Thematic / Other,4690.1,19.78,0.00746268656716,0.0905398826491,99.2537313433,56.2159530596,86.3423978582,BUY
2026-10-07,nifty100-equal-weight,Nifty100 Equal Weight,Strategy / Thematic / Other,32648.05,19.2,0.0820895522388,0.172181850503,91.7910447761,84.4363701006,89.5846423735,BUY
2026-10-07,nifty100-esg,Nifty100 ESG,Strategy / Thematic / Other,4659.55,19.8,0.00746268656716,0.0766707187205,99.2537313433,50.6682874882,84.6780981868,BUY
2026-10-07,nifty100-low-volatility-30,Nifty100 Low Volatility 30,Strategy / Thematic / Other,18679.9,23.57,0.126865671642,0.118334177494,87.3134328358,67.3336709975,81.3195042843,BUY
2026-10-07,nifty100-quality-30,Nifty100 Quality 30,Strategy / Thematic / Other,5267.3,25.35,0.0373134328358,0.0802114229822,96.2686567164,52.0845691929,83.0134304594,BUY
2026-10-07,nifty200-quality-30,Nifty200 Quality 30,Strategy / Thematic / Other,18843.6,25.53,0.0671641791045,0.0137319215073,93.2835820896,25.4927686029,72.9463380436,BUY
2026-10-07,nifty50-equal-weight,Nifty50 Equal Weight,Strategy / Thematic / Other,30672.2,23.07,0.619402985075,0.00156085434234,38.0597014925,20.6243417369,32.8290935659,SELL
2026-10-07,nifty50-shariah,Nifty50 Shariah,Strategy / Thematic / Other,3912.25,24.02,0.39552238806,-0.148251376181,60.447761194,20,48.3134328358,HOLD
2026-10-07,nifty50-value-20,Nifty50 Value 20,Strategy / Thematic / Other,11151.3,14,0.0223880597015,0.0337391818119,97.7611940299,33.4956727248,78.4815376383,BUY
2026-10-07,nifty500-shariah,Nifty500 Shariah,Strategy / Thematic / Other,6596.6,27.28,0.261194029851,-0.00875959089793,73.8805970149,20,57.7164179104,HOLD
2026-10-07,nifty500-value-50,Nifty500 Value 50,Strategy / Thematic / Other,15004.45,9.77,0.514925373134,0.075466810086,48.5074626866,50.1867240344,49.0112410909,HOLD
2026-10-08,nifty-100,NIFTY 100,Broad Market,23266.75,18.76,0.00746268656716,0.0574314348216,99.2537313433,42.9725739286,82.3693841189,BUY
2026-10-08,nifty-200,NIFTY 200,Broad Market,12897.8,20.02,0.0223880597015,0.0766439450796,97.7611940299,50.6575780318,83.6301092304,BUY
2026-10-08,nifty-50,NIFTY 50,Broad Market,22231.8,19.02,0.00746268656716,0.0337055965036,99.2537313433,33.4822386014,79.5222835207,BUY
2026-10-08,nifty-500,NIFTY 500,Broad Market,21616.15,21.32,0.0820895522388,0.061302734441,91.7910447761,44.5210937764,77.6100594762,BUY
2026-10-08,nifty-alpha-50,NIFTY Alpha 50,Strategy / Thematic / Other,54595,27.81,0.376923076923,0.626729715665,62.3076923077,100,73.6153846154,BUY
2026-10-08,nifty-alpha-low-volatility-30,NIFTY Alpha Low-Volatility 30,Strategy / Thematic / Other,24409.15,23.46,0.231343283582,0.292636794293,76.8656716418,100,83.8059701493,BUY
2026-10-08,nifty-alpha-quality-low-volatility-30,NIFTY Alpha Quality Low-Volatility 30,Strategy / Thematic / Other,20954.9,27.08,0.186567164179,0.270638354247,81.3432835821,100,86.9402985075,BUY
2026-10-08,nifty-alpha-quality-value-low-volatility-30,NIFTY Alpha Quality Value Low-Volatility 30,Strategy / Thematic / Other,18393.3,15.21,0.0970149253731,0.422293199394,90.2985074627,100,93.2089552239,BUY
2026-10-08,nifty-auto,NIFTY Auto,Sectoral,24512.7,28.49,0.440298507463,-0.107889657953,55.9701492537,20,45.1791044776,HOLD
2026-10-08,nifty-bank,NIFTY Bank,Sectoral,54515.05,12.92,0.0223880597015,0.16523810262,97.7611940299,83.047620524,93.3471219781,BUY
2026-10-08,nifty-commodities,NIFTY Commodities,Strategy / Thematic / Other,8851.4,14.15,0.39552238806,0.201536929269,60.447761194,90.3073858538,69.405648592,HOLD
2026-10-08,nifty-cpse,NIFTY Cpse,Strategy / Thematic / Other,5954.7,11.49,0.514925373134,0.0888024202644,48.5074626866,55.5209681058,50.6115143123,HOLD
2026-10-08,nifty-dividend-opportunities-50,NIFTY Dividend Opportunities 50,Strategy / Thematic / Other,5319.75,12.07,0.0373134328358,0.0686605260643,96.2686567164,47.4642104257,81.6273228292,BUY
2026-10-08,nifty-energy,NIFTY Energy,Sectoral,35649.3,14.11,0.544776119403,0.10607466299,45.5223880597,62.4298651962,50.5946312006,HOLD
2026-10-08,nifty-financial-services,NIFTY Financial Services,Sectoral,24640.45,15.1,0.00746268656716,0.0749659363888,99.2537313433,49.9863745555,84.473524307,BUY
2026-10-08,nifty-fmcg,NIFTY FMCG,Sectoral,43898.05,30.44,0.00746268656716,0.0663108536569,99.2537313433,46.5243414628,83.4349143791,BUY
2026-10-08,nifty-growth-sectors-15,NIFTY Growth Sectors 15,Strategy / Thematic / Other,10235.55,23.86,0.00746268656716,0.141762990644,99.2537313433,76.7051962577,92.4891708176,BUY
2026-10-08,nifty-high-beta-50,NIFTY High Beta 50,Strategy / Thematic / Other,4051.25,22.17,0.694029850746,-0.0159436590467,30.5970149254,20,27.4179104478,SELL
2026-10-08,nifty-india-consumption,NIFTY India Consumption,Strategy / Thematic / Other,10741.2,36,0.0373134328358,0.0143220191757,96.2686567164,25.7288076703,75.1067020026,BUY
2026-10-08,nifty-infrastructure,NIFTY Infrastructure,Strategy / Thematic / Other,8503.6,21.27,0.485074626866,-0.0365264881172,51.4925373134,20,42.0447761194,HOLD
2026-10-08,nifty-it,NIFTY IT,Sectoral,27736.6,17.45,0.0373134328358,0.147266704076,96.2686567164,78.9066816304,91.0600641906,BUY
2026-10-08,nifty-largemidcap-250,NIFTY LargeMidcap 250,Broad Market,15402.15,22.34,0.0522388059701,0.125294894803,94.776119403,70.117957921,87.3786709584,BUY
2026-10-08,nifty-low-volatility-50,NIFTY Low Volatility 50,Strategy / Thematic / Other,22545.45,22.08,0.00746268656716,0.339715980307,99.2537313433,100,99.4776119403,BUY
2026-10-08,nifty-metal,NIFTY Metal,Sectoral,11870.05,15.57,0.365671641791,0.458315789101,63.4328358209,100,74.4029850746,BUY
2026-10-08,nifty-midcap-100,NIFTY Midcap 100,Broad Market,57882.5,27.3,0.39552238806,0.226341017037,60.447761194,95.2682034074,70.893893858,BUY
2026-10-08,nifty-midcap-150,NIFTY Midcap 150,Broad Market,21311.5,27.67,0.380597014925,0.202037631967,61.9402985075,90.4075263934,70.4804668732,BUY
2026-10-08,nifty-midcap-50,NIFTY Midcap 50,Broad Market,16530.9,29.26,0.440298507463,0.168425426429,55.9701492537,83.6850852857,64.2846300633,HOLD
2026-10-08,nifty-midsmallcap-400,NIFTY Midsmallcap 400,Broad Market,19953.8,29.6,0.425373134328,0.0987607802629,57.4626865672,59.5043121052,58.0751742286,HOLD
2026-10-08,nifty-mnc,NIFTY Mnc,Strategy / Thematic / Other,29467.2,33.99,0.0681818181818,0.0404846524063,93.1818181818,36.1938609625,76.085431016,BUY
2026-10-08,nifty-next-50,NIFTY Next 50,Broad Market,67614.5,17.72,0.0223880597015,0.161963306606,97.7611940299,82.3926613213,93.1506342173,BUY
2026-10-08,nifty-pharma,NIFTY Pharma,Sectoral,25823.25,39.95,0.94776119403,-0.00364697418992,5.22388059701,20,9.65671641791,SELL
2026-10-08,nifty-private-bank,NIFTY Private Bank,Sectoral,26869.1,16.6,0.320895522388,0.086582068136,67.9104477612,54.6328272544,63.9271616092,HOLD
2026-10-08,nifty-pse,NIFTY Pse,Strategy / Thematic / Other,9010.45,10.15,0.514925373134,0.0804463324613,48.5074626866,52.1785329845,49.6087837759,HOLD
2026-10-08,nifty-quality-low-volatility-30,NIFTY Quality Low-Volatility 30,Strategy / Thematic / Other,15336.9,24.97,0.0223880597015,0.0688725287349,97.7611940299,47.549011494,82.6975392691,BUY
2026-10-08,nifty-realty,NIFTY Realty,Sectoral,796.6,33.73,0.0227272727273,0.157106850684,97.7272727273,81.4213701368,92.8355019501,BUY
2026-10-08,nifty-services-sector,NIFTY Services Sector,Strategy / Thematic / Other,28623.75,20.12,0.171641791045,-0.0834274152599,82.8358208955,20,63.9850746269,HOLD
2026-10-08,nifty-shariah-25,NIFTY Shariah 25,Strategy / Thematic / Other,7284.25,24.07,0.216417910448,0.0913737130143,78.3582089552,56.5494852057,71.8155918304,BUY
2026-10-08,nifty-smallcap-100,NIFTY Smallcap 100,Broad Market,19050.1,37.35,0.932835820896,-0.119072379083,6.71641791045,20,10.7014925373,SELL
2026-10-08,nifty-smallcap-250,NIFTY Smallcap 250,Broad Market,17488.3,33.86,0.84328358209,-0.0731166123538,15.671641791,20,16.9701492537,SELL
2026-10-08,nifty-smallcap-50,NIFTY Smallcap 50,Broad Market,9486.8,34.56,0.888059701493,-0.047725404525,11.1940298507,20,13.8358208955,SELL
2026-10-08,nifty-sme-emerge,NIFTY Sme Emerge,Strategy / Thematic / Other,15016.6,23.01,0.130769230769,0.162730377725,86.9230769231,82.5460755449,85.6099765096,BUY
2026-10-08,nifty100-enhanced-esg,Nifty100 Enhanced ESG,Strategy / Thematic / Other,4608.1,19.44,0.00746268656716,0.0902083849258,99.2537313433,56.0833539703,86.3026181314,BUY
2026-10-08,nifty100-equal-weight,Nifty100 Equal Weight,Strategy / Thematic / Other,31919.55,18.77,0.0522388059701,0.17203810785,94.776119403,84.40762157,91.6655700531,BUY
2026-10-08,nifty100-esg,Nifty100 ESG,Strategy / Thematic / Other,4577.6,19.46,0.00746268656716,0.0762956851256,99.2537313433,50.5182740502,84.6330941554,BUY
2026-10-08,nifty100-low-volatility-30,Nifty100 Low Volatility 30,Strategy / Thematic / Other,18351.2,23.16,0.111940298507,0.118217910058,88.8059701493,67.2871640231,82.3503283114,BUY
2026-10-08,nifty100-quality-30,Nifty100 Quality 30,Strategy / Thematic / Other,5176.45,24.91,0.00746268656716,0.0801559686771,99.2537313433,52.0623874708,85.0963281815,BUY
2026-10-08,nifty200-quality-30,Nifty200 Quality 30,Strategy / Thematic / Other,18507.1,25.07,0.0373134328358,0.0141143941866,96.2686567164,25.6457576746,75.0817870039,BUY
2026-10-08,nifty50-equal-weight,Nifty50 Equal Weight,Strategy / Thematic / Other,30092.65,22.64,0.559701492537,0.00114711599897,44.0298507463,20.4588463996,36.9585494423,SELL
2026-10-08,nifty50-shariah,Nifty50 Shariah,Strategy / Thematic / Other,3865.35,23.73,0.365671641791,-0.14828253328,63.4328358209,20,50.4029850746,HOLD
2026-10-08,nifty50-value-20,Nifty50 Value 20,Strategy / Thematic / Other,10983.5,13.79,0.00746268656716,0.0335667362594,99.2537313433,33.4266945038,79.5056202914,BUY
2026-10-08,nifty500-shariah,Nifty500 Shariah,Strategy / Thematic / Other,6458.6,26.71,0.246268656716,-0.00864253650957,75.3731343284,20,58.7611940299,HOLD
2026-10-08,nifty500-value-50,Nifty500 Value 50,Strategy / Thematic / Other,14673.95,9.56,0.507462686567,0.0749460143029,49.2537313433,49.9784057211,49.4711336566,HOLD
